010900302913	19	tiv_taam
014100074816	7	tiv_taam
018176787007	7	tiv_taam
034000490059	7	tiv_taam
038000138607	7	tiv_taam
043431042195	7	tiv_taam
044600300580	19	tiv_taam
051000012920	8	tiv_taam
054881000208	8	tiv_taam
054881025591	8	tiv_taam
055653170259	7	tiv_taam
076840620029	2	tiv_taam
100128	2	shufersal
100265	2	shufersal
100272	2	shufersal
10181032707	11	shufersal
10181040009	12	shufersal
10181040313	12	shufersal
10181040351	12	shufersal
10181040375	17	shufersal
10181040764	12	shufersal
10181041587	12	shufersal
10181041730	12	shufersal
10181051708	11	shufersal
10181140648	12	shufersal
101927	2	shufersal
101941	2	shufersal
101958	2	shufersal
1022795	3	shufersal
1022825	3	shufersal
1022832	3	shufersal
1022849	3	shufersal
1022856	3	shufersal
103457	19	shufersal
103471	19	shufersal
103488	2	shufersal
103518	2	shufersal
103730	2	shufersal
103822	19	shufersal
104072	2	shufersal
1041185	5	shufersal
1041192	5	shufersal
1041208	5	shufersal
1041260	5	shufersal
104201	2	shufersal
104225	2	shufersal
1043	1	shufersal
1045633	8	shufersal
1045657	8	shufersal
1045688	8	shufersal
104676	2	shufersal
104683	19	shufersal
104690	2	shufersal
104706	2	shufersal
104713	2	shufersal
104720	2	shufersal
104737	2	shufersal
104744	2	shufersal
104751	2	shufersal
104768	2	shufersal
104775	2	shufersal
104799	2	shufersal
104805	19	shufersal
104829	19	shufersal
104836	2	shufersal
104874	19	shufersal
104881	2	shufersal
104904	19	shufersal
104911	19	shufersal
1050	1	shufersal
1052501	25	shufersal
106175	2	shufersal
106526	2	shufersal
1065594	9	shufersal
1065983	9	shufersal
1066782	9	shufersal
1066973	9	shufersal
107	1	shufersal
107189	2	shufersal
107295	2	shufersal
1074	1	shufersal
107615	19	shufersal
107622	2	shufersal
10900035187	17	shufersal
10900035194	17	shufersal
10900302814	19	shufersal
110844	7	shufersal
110851	7	shufersal
111117	19	shufersal
111186	19	shufersal
11120182132	26	shufersal
11120231977	26	shufersal
11120272130	26	shufersal
11120272581	26	shufersal
11120275728	26	shufersal
11120277302	26	shufersal
11120277432	26	shufersal
11120284058	26	shufersal
111360	19	shufersal
1115121	26	shufersal
11182700954	5	shufersal
11210000032	19	shufersal
11210000094	19	shufersal
11210009387	19	shufersal
1121023	17	shufersal
1121030	17	shufersal
1121054	17	shufersal
11210698055	19	shufersal
1121146	17	shufersal
1121238	17	shufersal
1121658	4	shufersal
1121665	4	shufersal
1121849	4	shufersal
1125786	4	shufersal
1125816	4	shufersal
1125892	4	shufersal
1125953	4	shufersal
112619	5	shufersal
1126721	4	shufersal
1126806	4	shufersal
1126820	4	shufersal
1126868	4	shufersal
1127162	4	shufersal
1127254	4	shufersal
1127339	4	shufersal
1127742	4	shufersal
1127759	4	shufersal
1127803	4	shufersal
1127841	4	shufersal
1129524	4	shufersal
1129845	4	shufersal
113180	19	shufersal
113203	7	shufersal
116204	5	shufersal
1164266	10	shufersal
1164273	10	shufersal
1164419	10	shufersal
116884	19	shufersal
116921	5	shufersal
116945	5	shufersal
117044240139	11	shufersal
117720	5	shufersal
118277	5	shufersal
1186237	9	shufersal
1199039	17	shufersal
1199046	19	shufersal
1199084	17	shufersal
1199107	17	shufersal
1199244	17	shufersal
1200130021961	26	shufersal
1201111000029	26	shufersal
1201210000036	20	shufersal
1201210000043	20	shufersal
1201211000028	20	shufersal
1201211000318	20	shufersal
1201572	3	shufersal
1201589	16	shufersal
1201596	16	shufersal
1201602	3	shufersal
1201619	3	shufersal
1201640	3	shufersal
1201664	3	shufersal
1201855	3	shufersal
1201862	3	shufersal
1201886	19	shufersal
1201893	19	shufersal
1202038000024	20	shufersal
1202097010040	20	shufersal
1202206000214	20	shufersal
1202206000221	20	shufersal
1202212000031	20	shufersal
1202212000048	8	shufersal
1202294000066	20	shufersal
1203015000013	20	shufersal
1203026000040	20	shufersal
1203026000071	20	shufersal
1203109000011	20	shufersal
1204026000061	20	shufersal
1204068000043	20	shufersal
1204184	11	shufersal
1204320	12	shufersal
1204375	12	shufersal
1204382	12	shufersal
1204399	12	shufersal
1204413000056	26	shufersal
1204414000055	26	shufersal
1204415000030	26	shufersal
1204415000054	26	shufersal
1204641	12	shufersal
1204832	12	shufersal
1204993	12	shufersal
1206053000038	26	shufersal
1207035230009	20	shufersal
1207169290023	8	shufersal
1207169290047	20	shufersal
1207386340013	20	shufersal
1207392290074	20	shufersal
1207392290135	20	shufersal
1207401290040	20	shufersal
1207404230067	20	shufersal
1207413290168	20	shufersal
1207416230031	20	shufersal
1207416230048	20	shufersal
1207416290035	20	shufersal
1207416290042	20	shufersal
1207416290059	20	shufersal
120836	19	shufersal
120874	5	shufersal
1209189	19	shufersal
1209646	4	shufersal
121093	17	shufersal
121109	17	shufersal
1211212000040	20	shufersal
1212058000119	26	shufersal
1212096000089	20	shufersal
1212106000016	20	shufersal
1212206000213	26	shufersal
1212206000220	20	shufersal
1212206000404	20	shufersal
1213206000210	26	shufersal
1214212000041	20	shufersal
1215110000003	20	shufersal
1216040	5	shufersal
1216057	5	shufersal
1216118	5	shufersal
1216125	5	shufersal
1216149	10	shufersal
1216231	19	shufersal
1216705	5	shufersal
1225066	14	shufersal
122830	5	shufersal
1229903	11	shufersal
1231755219754	24	shufersal
1233633611094	20	shufersal
1235735710026	26	shufersal
1235735710033	26	shufersal
1235735710071	26	shufersal
1235735710095	26	shufersal
1235735710101	26	shufersal
1235735710668	26	shufersal
1235735710675	26	shufersal
1235735710705	26	shufersal
1235735710729	26	shufersal
1235735710767	26	shufersal
1235735710842	26	shufersal
1235735710866	26	shufersal
1235735710873	26	shufersal
1235735710897	26	shufersal
1235735710903	26	shufersal
1238538512194	14	shufersal
1244112114609	26	shufersal
1244112114623	26	shufersal
1244112114647	26	shufersal
1244112114654	26	shufersal
1244112114708	26	shufersal
1244112114821	26	shufersal
1244112116177	26	shufersal
1244112118065	26	shufersal
1244112119482	26	shufersal
1244112119697	26	shufersal
1244112119703	26	shufersal
1244112119727	26	shufersal
1244112119741	26	shufersal
1244112119833	26	shufersal
1244112119895	26	shufersal
1244112119901	26	shufersal
1244112119918	26	shufersal
1244112119925	26	shufersal
1244112119963	26	shufersal
1244112120006	26	shufersal
1244144116527	26	shufersal
1244144126649	26	shufersal
1244144130677	26	shufersal
1246955	19	shufersal
1246962	19	shufersal
1246979	19	shufersal
1246993	19	shufersal
1247068	8	shufersal
1247082	8	shufersal
1247099	8	shufersal
1247105	8	shufersal
1247112	8	shufersal
1247129	8	shufersal
1247143	8	shufersal
1247723	8	shufersal
1247730	8	shufersal
1247747	8	shufersal
1249383	4	shufersal
1251551510145	25	shufersal
1251551510169	25	shufersal
1251551510268	25	shufersal
1251551510275	25	shufersal
1251551510282	25	shufersal
1258040	3	shufersal
1258088	3	shufersal
1258101	3	shufersal
1258118	3	shufersal
1258170	3	shufersal
1258200	3	shufersal
1258255	3	shufersal
1258323	3	shufersal
1258415	3	shufersal
1258446	19	shufersal
1258552	3	shufersal
1258668	19	shufersal
1258682	3	shufersal
1258729	3	shufersal
1258736	3	shufersal
1258804	19	shufersal
1258859	3	shufersal
1258941	3	shufersal
1258958	19	shufersal
1258989	3	shufersal
1258996	3	shufersal
1274576	2	shufersal
1274583	2	shufersal
1274934	2	shufersal
1275275212185	24	shufersal
1275275214608	25	shufersal
1275275214912	21	shufersal
1283936	4	shufersal
129457	5	shufersal
130248	5	shufersal
1303207	2	shufersal
1303214	2	shufersal
1303238	2	shufersal
1303269	2	shufersal
1303283	2	shufersal
1305188	19	shufersal
1312995	17	shufersal
131368	2	shufersal
1327791	2	shufersal
132920591327	11	shufersal
13300280676	5	shufersal
134147	19	shufersal
1342497	2	shufersal
134307	19	shufersal
134314	19	shufersal
134338	19	shufersal
134352	19	shufersal
134376	19	shufersal
1343845	7	shufersal
134550	19	shufersal
134666	19	shufersal
134673	19	shufersal
1346970000473	11	shufersal
134758	19	shufersal
134826	19	shufersal
134833	19	shufersal
134840	19	shufersal
134857	19	shufersal
134864	19	shufersal
134871	19	shufersal
134970	19	shufersal
134987	19	shufersal
134994	19	shufersal
135052	8	shufersal
135151	8	shufersal
135182	19	shufersal
135465	8	shufersal
1361016	2	shufersal
1361085	2	shufersal
1361177	2	shufersal
1361207	2	shufersal
1361269	2	shufersal
136141	8	shufersal
1361573	2	shufersal
136158	8	shufersal
136165	8	shufersal
136172	8	shufersal
1361733	2	shufersal
136189	8	shufersal
1361894	2	shufersal
136240	8	shufersal
136264	8	shufersal
136288	8	shufersal
136455	8	shufersal
136486	8	shufersal
136516	8	shufersal
136523	8	shufersal
136561	8	shufersal
136585	8	shufersal
136646	8	shufersal
136653	8	shufersal
136691	8	shufersal
136752	8	shufersal
136769	19	shufersal
136776	19	shufersal
136783	8	shufersal
136790	8	shufersal
136806	8	shufersal
136837	8	shufersal
136844	8	shufersal
136868	8	shufersal
136875	8	shufersal
137513	2	shufersal
137643	2	shufersal
139135	19	shufersal
139227	19	shufersal
139258	19	shufersal
1407547	5	shufersal
1407813	5	shufersal
1407844	5	shufersal
1407936	19	shufersal
1415757	25	shufersal
1427019	3	shufersal
1427118	3	shufersal
1427132	8	shufersal
1427255	3	shufersal
1427323	3	shufersal
1427347	3	shufersal
1427392	3	shufersal
1427415	3	shufersal
1427453	3	shufersal
1427569	3	shufersal
144467	5	shufersal
144474	5	shufersal
145	1	shufersal
146928	15	shufersal
146997	15	shufersal
1471272	9	shufersal
1471722	9	shufersal
1471739	9	shufersal
1471845	9	shufersal
1471869	9	shufersal
1471975	9	shufersal
1485019	17	shufersal
1485026	17	shufersal
1485033	17	shufersal
1491010	8	shufersal
1491096	8	shufersal
149905	19	shufersal
150277	17	shufersal
150369	17	shufersal
1507360	6	shufersal
151052	17	shufersal
152028	17	shufersal
152288	4	shufersal
152299457871	11	shufersal
1523049	26	shufersal
1523094	20	shufersal
1523124	12	shufersal
1523131	26	shufersal
1523186	20	shufersal
1523193	26	shufersal
1523230	26	shufersal
1523285	12	shufersal
1523308	12	shufersal
1523414	26	shufersal
1523452	26	shufersal
1523490	12	shufersal
1523605	20	shufersal
1523674	20	shufersal
1523728	12	shufersal
1523759	12	shufersal
1523957	26	shufersal
1524	1	shufersal
152608	17	shufersal
152943	17	shufersal
1552049	2	shufersal
1567760	4	shufersal
1567814	17	shufersal
1579	1	shufersal
1586	1	shufersal
1593	1	shufersal
1594025	8	shufersal
1594155	8	shufersal
1594179	8	shufersal
1594377	8	shufersal
1594391	8	shufersal
1594568	8	shufersal
1594575	8	shufersal
1594810	8	shufersal
1594858	8	shufersal
1594865	19	shufersal
1598085	6	shufersal
1598313	6	shufersal
1598320	6	shufersal
1598344	6	shufersal
1598405	6	shufersal
1598412	6	shufersal
1598429	6	shufersal
1598573	19	shufersal
1598580	17	shufersal
1598603	6	shufersal
1598610	6	shufersal
16000423534	7	shufersal
16000548404	7	shufersal
16000548503	7	shufersal
16000548909	7	shufersal
1609	1	shufersal
1616	1	shufersal
16229914578	10	shufersal
16229917593	10	shufersal
16229917630	10	shufersal
16229917647	10	shufersal
1641804	4	shufersal
1648155	8	shufersal
1648995	8	shufersal
1692417	16	shufersal
1692479	16	shufersal
1692547	12	shufersal
1692554	12	shufersal
1692578	12	shufersal
169538	5	shufersal
1696385	6	shufersal
1697504	9	shufersal
1697658	9	shufersal
170053	19	shufersal
170077	7	shufersal
1713150	19	shufersal
1713167	19	shufersal
174099	7	shufersal
174723	8	shufersal
1750681	4	shufersal
176062	8	shufersal
176079	8	shufersal
176093	8	shufersal
176413	8	shufersal
176420	8	shufersal
176475	8	shufersal
1780428	2	shufersal
178103	7	shufersal
178134	7	shufersal
178707	19	shufersal
178721	19	shufersal
179750642508	15	shufersal
18000701223	19	shufersal
18000703494	19	shufersal
18000766413	19	shufersal
180212	7	shufersal
1808245	4	shufersal
1808252	4	shufersal
1808276	4	shufersal
181103	7	shufersal
18176787007	7	shufersal
1817728	7	shufersal
1818886	22	shufersal
1819654	26	shufersal
1842959	4	shufersal
186207	15	shufersal
186931	19	shufersal
1873489	4	shufersal
187938	19	shufersal
188355	19	shufersal
188553	15	shufersal
188591	15	shufersal
189192	19	shufersal
189482	19	shufersal
189505	19	shufersal
1895795	26	shufersal
189659	19	shufersal
189734	19	shufersal
190074000911	26	shufersal
190074000959	26	shufersal
190150	19	shufersal
190198	19	shufersal
1902301	6	shufersal
1902325	6	shufersal
190781107088	26	shufersal
190781107095	26	shufersal
190781107101	26	shufersal
190781107118	26	shufersal
190781107125	26	shufersal
190781107132	26	shufersal
190781107149	26	shufersal
190781107156	26	shufersal
190781977902	26	shufersal
190853	19	shufersal
191225	17	shufersal
191539	19	shufersal
191546	19	shufersal
191628481965	26	shufersal
191645	17	shufersal
191652	19	shufersal
192333042793	11	shufersal
192333042809	11	shufersal
192333066928	11	shufersal
192333066942	11	shufersal
192333074572	14	shufersal
192333077832	14	shufersal
192333100912	14	shufersal
192333100998	14	shufersal
192333101674	12	shufersal
192333101681	12	shufersal
192333102190	14	shufersal
192333102749	12	shufersal
192333125113	11	shufersal
192333125120	11	shufersal
192333128671	14	shufersal
192333129272	14	shufersal
192333130308	14	shufersal
192333144756	11	shufersal
192333148365	14	shufersal
192333149119	12	shufersal
192333150580	11	shufersal
192333158425	14	shufersal
192333164594	14	shufersal
192333166932	12	shufersal
192333169315	11	shufersal
192333175521	14	shufersal
192333184073	12	shufersal
192333192214	14	shufersal
192333201534	14	shufersal
192333205334	14	shufersal
192333209028	14	shufersal
192333211762	12	shufersal
192333211779	12	shufersal
192333232323	12	shufersal
192333242780	11	shufersal
192333242797	11	shufersal
192333255001	14	shufersal
192333261538	14	shufersal
192333271858	14	shufersal
192333278116	14	shufersal
192333291696	15	shufersal
192333291948	15	shufersal
192333292860	15	shufersal
192333292884	15	shufersal
192333300848	14	shufersal
192333300855	14	shufersal
192333301043	14	shufersal
192333301630	14	shufersal
192333301708	14	shufersal
192333301760	14	shufersal
193014	15	shufersal
193083	15	shufersal
193205	15	shufersal
193424057153	26	shufersal
193424172702	26	shufersal
193472	15	shufersal
193540	15	shufersal
193649	15	shufersal
193656	15	shufersal
194288	11	shufersal
1943496	9	shufersal
1943595	9	shufersal
1943823	16	shufersal
1943915	9	shufersal
1946121	5	shufersal
194644034962	26	shufersal
194644042783	26	shufersal
194644047160	26	shufersal
194644058173	26	shufersal
194644098551	26	shufersal
194644126469	26	shufersal
194644126629	26	shufersal
194644139827	26	shufersal
194644139964	26	shufersal
194644158668	26	shufersal
194644171223	26	shufersal
194644176228	26	shufersal
194644216016	26	shufersal
194837	17	shufersal
194905	15	shufersal
195071496378	16	shufersal
195071496392	16	shufersal
195071496408	16	shufersal
195071496552	16	shufersal
195071496569	16	shufersal
195071496651	16	shufersal
195071497238	16	shufersal
195071497269	16	shufersal
195071497337	16	shufersal
195071497351	16	shufersal
195071497467	16	shufersal
195071497481	16	shufersal
195216	19	shufersal
195537	19	shufersal
195773	17	shufersal
195893805266	11	shufersal
195949688591	26	shufersal
195949689673	26	shufersal
195949821905	26	shufersal
195949976247	26	shufersal
195950086218	26	shufersal
195950086447	26	shufersal
195950086904	26	shufersal
195950087130	26	shufersal
195950087369	26	shufersal
195950543742	26	shufersal
195950608816	26	shufersal
195950609073	26	shufersal
195950610635	26	shufersal
195950610895	26	shufersal
195950611021	26	shufersal
195950619386	26	shufersal
195950619539	26	shufersal
195950619638	26	shufersal
195950622591	26	shufersal
195950623390	26	shufersal
195950623598	26	shufersal
195950623994	26	shufersal
195950627176	26	shufersal
195950627374	26	shufersal
195950627572	26	shufersal
195950627770	26	shufersal
195950627978	26	shufersal
195950628173	26	shufersal
195950630787	26	shufersal
195950630817	26	shufersal
195950630879	26	shufersal
195950631838	26	shufersal
195950632132	26	shufersal
195950632286	26	shufersal
195950638820	26	shufersal
195950639025	26	shufersal
195950639223	26	shufersal
195950639421	26	shufersal
195950639629	26	shufersal
195950639827	26	shufersal
195950643510	26	shufersal
195950643718	26	shufersal
195950643916	26	shufersal
195950644517	26	shufersal
195950644715	26	shufersal
195950644913	26	shufersal
195950645316	26	shufersal
195950645651	26	shufersal
195950645804	26	shufersal
195950646009	26	shufersal
195950646153	26	shufersal
195950646450	26	shufersal
195950646801	26	shufersal
195950646955	26	shufersal
195951030531	26	shufersal
195951030913	26	shufersal
196334628215	16	shufersal
196334628222	16	shufersal
196334628239	16	shufersal
196334628246	16	shufersal
196334628253	16	shufersal
196334628260	16	shufersal
196334628277	16	shufersal
196334628284	16	shufersal
196334628291	16	shufersal
196334628307	16	shufersal
196334628314	16	shufersal
196334628550	16	shufersal
196334628567	16	shufersal
196334628574	16	shufersal
196334628581	16	shufersal
196334628598	16	shufersal
196334628604	16	shufersal
196334628611	16	shufersal
196334628628	16	shufersal
196334628635	16	shufersal
196334628642	16	shufersal
1970003	5	shufersal
1970027	5	shufersal
1970034	5	shufersal
1970041	5	shufersal
1970058	5	shufersal
1970072	5	shufersal
1970089	5	shufersal
1970096	5	shufersal
1970102	5	shufersal
1970119	5	shufersal
197012	17	shufersal
1970126	5	shufersal
1970133	5	shufersal
1970140	5	shufersal
1970157	5	shufersal
1970164	5	shufersal
1970171	5	shufersal
1970195	5	shufersal
1970201	5	shufersal
1970218	5	shufersal
1970225	5	shufersal
1970324	5	shufersal
1970331	5	shufersal
1970348	5	shufersal
1970362	5	shufersal
1970379	5	shufersal
1970492	1	shufersal
197081	19	shufersal
197105194212	26	shufersal
197105539723	26	shufersal
1973233	17	shufersal
197425	17	shufersal
197456	17	shufersal
197463	17	shufersal
1975015	8	shufersal
197532139886	26	shufersal
197532558595	26	shufersal
197548	17	shufersal
197575027379	13	shufersal
197575027386	13	shufersal
197575027393	13	shufersal
197575027416	13	shufersal
197575027447	13	shufersal
197575133018	13	shufersal
197678	17	shufersal
197753	19	shufersal
1979846	1	shufersal
1979860	1	shufersal
1979884	1	shufersal
1979891	1	shufersal
198651412768	16	shufersal
198651412782	16	shufersal
198651412799	16	shufersal
198651412805	16	shufersal
198651412812	16	shufersal
198651412829	16	shufersal
198651412836	16	shufersal
198651412843	16	shufersal
198651412850	16	shufersal
198651412867	16	shufersal
198651412874	16	shufersal
198651412881	16	shufersal
198651412898	16	shufersal
198651412980	16	shufersal
198651412997	16	shufersal
198651413017	16	shufersal
198651413024	16	shufersal
198651413031	16	shufersal
1989272	2	shufersal
1989388	2	shufersal
1989395	2	shufersal
1990148	5	shufersal
1990261	5	shufersal
1990278	5	shufersal
1990391	5	shufersal
1990407	5	shufersal
1990414	5	shufersal
1990421	5	shufersal
199313	15	shufersal
2000136	11	shufersal
2000143	11	shufersal
2000266	11	shufersal
2002857	11	shufersal
2008040	19	shufersal
2008187	7	shufersal
2008224	5	shufersal
2008309	19	shufersal
2008989	7	shufersal
2013006	17	shufersal
2013037	17	shufersal
2013174	17	shufersal
201818	17	shufersal
201832	17	shufersal
201849	17	shufersal
201856	17	shufersal
201863	17	shufersal
201870	17	shufersal
2019114	5	shufersal
2019183	5	shufersal
2019763	5	shufersal
2019787	5	shufersal
2019794	19	shufersal
2020868	17	shufersal
202495	15	shufersal
202564123564	15	shufersal
2026	17	shufersal
2026341	19	shufersal
2026358	2	shufersal
2026365	19	shufersal
2026402	2	shufersal
2026440	19	shufersal
2026587	2	shufersal
2026891	2	shufersal
2026914	2	shufersal
2037569	17	shufersal
2037637	17	shufersal
2040	6	shufersal
2040019	5	shufersal
2040064	5	shufersal
2040071	5	shufersal
2040088	5	shufersal
2041023	11	shufersal
2041801	11	shufersal
204215	19	shufersal
204611	19	shufersal
2053095	5	shufersal
2053538	5	shufersal
2057093	19	shufersal
2057123	5	shufersal
2057185	5	shufersal
2057352	5	shufersal
2057369	5	shufersal
2057376	5	shufersal
2057383	5	shufersal
2057451	19	shufersal
2057468	5	shufersal
2057475	5	shufersal
2057482	5	shufersal
2057604	19	shufersal
205762	17	shufersal
2057628	5	shufersal
205915	17	shufersal
2065555	19	shufersal
2065616	17	shufersal
2065623	17	shufersal
2069003	4	shufersal
2069010	4	shufersal
2069027	4	shufersal
2069034	4	shufersal
2069041	4	shufersal
2069058	4	shufersal
2069065	4	shufersal
2069072	4	shufersal
2069577	4	shufersal
207063	5	shufersal
2071	6	shufersal
20714001940	13	shufersal
20714007058	19	shufersal
20714012786	13	shufersal
20714045159	12	shufersal
20714052959	13	shufersal
20714066321	14	shufersal
20714080310	27	shufersal
20714139193	11	shufersal
20714146559	11	shufersal
20714156893	13	shufersal
20714157760	11	shufersal
20714181352	14	shufersal
20714192334	14	shufersal
20714192358	14	shufersal
20714215552	12	shufersal
20714222857	11	shufersal
20714227661	12	shufersal
20714227685	12	shufersal
20714235901	14	shufersal
20714240158	12	shufersal
20714258511	12	shufersal
20714281113	12	shufersal
20714287047	11	shufersal
20714291822	12	shufersal
20714291839	11	shufersal
20714324629	14	shufersal
20714336615	12	shufersal
20714352967	11	shufersal
20714394790	14	shufersal
20714395230	11	shufersal
20714462727	12	shufersal
20714462734	12	shufersal
20714462758	12	shufersal
20714462765	12	shufersal
20714462772	12	shufersal
20714561468	14	shufersal
20714576219	12	shufersal
20714598907	11	shufersal
20714653651	12	shufersal
20714678203	11	shufersal
20714678227	11	shufersal
20714682422	11	shufersal
20714698911	12	shufersal
20714711849	14	shufersal
20714776114	11	shufersal
20714795689	11	shufersal
20714810993	14	shufersal
20714859459	12	shufersal
20714859466	12	shufersal
20714881429	13	shufersal
20714904166	11	shufersal
20714918095	14	shufersal
20714918477	14	shufersal
20714922412	14	shufersal
20714968908	14	shufersal
20714979089	14	shufersal
20714984236	19	shufersal
20714985387	11	shufersal
20714985417	11	shufersal
20714985509	11	shufersal
20714988838	12	shufersal
20714996970	14	shufersal
207162	19	shufersal
2075271	10	shufersal
2077268	2	shufersal
2079033	17	shufersal
2079156	17	shufersal
2079347	6	shufersal
2079361	19	shufersal
2079477	17	shufersal
2079927	17	shufersal
2079996	17	shufersal
208008	5	shufersal
208022	5	shufersal
2080244	4	shufersal
208077	5	shufersal
2080848	4	shufersal
208091	5	shufersal
208114	5	shufersal
208138	8	shufersal
208145	5	shufersal
208213	5	shufersal
208244	5	shufersal
208312	19	shufersal
208329	5	shufersal
208336	5	shufersal
208428	5	shufersal
208855	5	shufersal
208947	5	shufersal
209012	5	shufersal
209043	5	shufersal
209371	5	shufersal
209388	5	shufersal
209517	8	shufersal
209524	8	shufersal
209531	8	shufersal
209555	8	shufersal
209579	8	shufersal
209722	19	shufersal
209944	5	shufersal
209951	19	shufersal
209968	5	shufersal
2103776	9	shufersal
2107071	3	shufersal
2107491	3	shufersal
2107798	3	shufersal
2107965	3	shufersal
210896	5	shufersal
2109372	19	shufersal
2109488	2	shufersal
211169	5	shufersal
211442	19	shufersal
211985	5	shufersal
2129479	2	shufersal
2130567	5	shufersal
2132011	19	shufersal
2133162	3	shufersal
2133506	3	shufersal
2133520	3	shufersal
2133537	3	shufersal
2133575	3	shufersal
2133612	3	shufersal
2133889	3	shufersal
2190516	5	shufersal
2195092	2	shufersal
2198109	17	shufersal
220	1	shufersal
2200383	26	shufersal
2206682	4	shufersal
22200956932	27	shufersal
22200956949	27	shufersal
2232964	5	shufersal
2232995	5	shufersal
2237259	26	shufersal
2253006	2	shufersal
2253105	2	shufersal
2253150	2	shufersal
2253167	2	shufersal
2253174	2	shufersal
2253181	2	shufersal
2253198	2	shufersal
2253235	2	shufersal
22548289655	13	shufersal
22548419953	13	shufersal
22548445549	27	shufersal
22548445570	27	shufersal
22548445594	11	shufersal
2255	6	shufersal
2255215	2	shufersal
2259664	19	shufersal
22598	7	shufersal
226552	19	shufersal
226569	19	shufersal
2285830	4	shufersal
2304203	10	shufersal
2304210	10	shufersal
2304234	10	shufersal
2304241	10	shufersal
2304609	5	shufersal
2304616	5	shufersal
2304623	5	shufersal
2304661	5	shufersal
23083	8	shufersal
2317081	5	shufersal
2317128	5	shufersal
2317135	5	shufersal
2317142	5	shufersal
2317166	5	shufersal
2317173	5	shufersal
2317180	5	shufersal
2317265	5	shufersal
2317319	5	shufersal
2317326	5	shufersal
2317579	5	shufersal
2319016	5	shufersal
2319023	5	shufersal
2319061	5	shufersal
2319078	5	shufersal
2319184	5	shufersal
2319191	5	shufersal
2319207	5	shufersal
2319375	5	shufersal
2319689	5	shufersal
2319825	5	shufersal
2321040	4	shufersal
2321729	4	shufersal
2321750	2	shufersal
2327028	2	shufersal
2327042	2	shufersal
2327059	19	shufersal
2327066	2	shufersal
2327073	19	shufersal
2327912	19	shufersal
2331124	8	shufersal
2331155	8	shufersal
2331360	8	shufersal
2331421	19	shufersal
2331490	8	shufersal
2331711	8	shufersal
2333456	10	shufersal
2333500	10	shufersal
2333692	10	shufersal
2345060	3	shufersal
2345343	4	shufersal
2345404	4	shufersal
2353836	5	shufersal
2360155	8	shufersal
2360278	8	shufersal
2360285	8	shufersal
2370123	3	shufersal
2370161	3	shufersal
2370246	3	shufersal
2370284	3	shufersal
2370789	3	shufersal
2374640	5	shufersal
2378525	15	shufersal
238029	19	shufersal
238036	19	shufersal
23809	8	shufersal
23816	8	shufersal
238173	19	shufersal
238180	19	shufersal
23823	8	shufersal
23830	8	shufersal
23847	8	shufersal
2385196	3	shufersal
2385431	19	shufersal
2385455	19	shufersal
2386834	2	shufersal
2391005	4	shufersal
2391227	2	shufersal
2391388	2	shufersal
2391395	4	shufersal
2391517	2	shufersal
23977	8	shufersal
2403517	4	shufersal
2403777	4	shufersal
241621988739	15	shufersal
24202	8	shufersal
24240	19	shufersal
24264	8	shufersal
2427032	12	shufersal
2427087	11	shufersal
2427100	11	shufersal
243566	5	shufersal
244143	27	shufersal
244626563932	15	shufersal
244761	11	shufersal
24523	8	shufersal
24530	8	shufersal
2453352	2	shufersal
2453376	2	shufersal
2453406	2	shufersal
2453697	2	shufersal
2472087	2	shufersal
2472094	2	shufersal
2472117	2	shufersal
2472148	2	shufersal
2472186	19	shufersal
2472193	19	shufersal
2472223	19	shufersal
2472254	19	shufersal
2472261	19	shufersal
2472759	6	shufersal
2472841	6	shufersal
2505013	2	shufersal
2505020	2	shufersal
2505037	2	shufersal
2505044	2	shufersal
2505068	2	shufersal
2505112	4	shufersal
2505129	4	shufersal
2505136	4	shufersal
2505143	4	shufersal
2505204	4	shufersal
2505464	4	shufersal
2505471	4	shufersal
2505921	4	shufersal
2505938	4	shufersal
2507451	2	shufersal
2507604	19	shufersal
2511229	3	shufersal
2511236	3	shufersal
2511243	19	shufersal
2511281	3	shufersal
2511427	3	shufersal
2511571	3	shufersal
2512004	2	shufersal
2512011	2	shufersal
2515333	11	shufersal
2515371	11	shufersal
2517269	19	shufersal
2517290	19	shufersal
2517337	19	shufersal
2517566	19	shufersal
2517580	19	shufersal
2517801	19	shufersal
2517825	19	shufersal
2517863	19	shufersal
253251	5	shufersal
2559900	4	shufersal
2564928	5	shufersal
25675120006	7	shufersal
25675120020	7	shufersal
25675120037	7	shufersal
25675120044	7	shufersal
25675120068	7	shufersal
25700005650	17	shufersal
25700005698	17	shufersal
2577492	4	shufersal
2577508	4	shufersal
2577782	4	shufersal
2587200	2	shufersal
2587590	2	shufersal
2603474	2	shufersal
2603481	2	shufersal
2603498	2	shufersal
2603504	2	shufersal
262031	19	shufersal
262413	17	shufersal
2628187	2	shufersal
2628347	2	shufersal
263359	17	shufersal
267012	1	shufersal
267029	1	shufersal
267036	1	shufersal
267043	1	shufersal
267050	1	shufersal
267104	1	shufersal
267548	1	shufersal
267609	1	shufersal
267616	1	shufersal
267678	1	shufersal
2692393	5	shufersal
2692768	5	shufersal
2692782	5	shufersal
27000001127	5	shufersal
27000001455	5	shufersal
27000867044	5	shufersal
2703655	5	shufersal
2703679	5	shufersal
2703716	5	shufersal
2703747	5	shufersal
2703754	10	shufersal
2703815	5	shufersal
27131017752	13	shufersal
27131020424	13	shufersal
27131043287	13	shufersal
27131043294	13	shufersal
27131043317	13	shufersal
27131086871	13	shufersal
27131286905	13	shufersal
27131495284	14	shufersal
27131763529	11	shufersal
27131771944	14	shufersal
27131833055	11	shufersal
27131987840	12	shufersal
27131988106	12	shufersal
27131988137	12	shufersal
2715504	5	shufersal
2715511	5	shufersal
2715528	5	shufersal
2715580	5	shufersal
272443	8	shufersal
2725282	4	shufersal
272696	5	shufersal
272726	5	shufersal
2730262	19	shufersal
2730538	11	shufersal
2730811	15	shufersal
2752332	7	shufersal
2752349	7	shufersal
2752493	7	shufersal
2753223	7	shufersal
2753995	5	shufersal
2757139	2	shufersal
2757146	19	shufersal
2757535	19	shufersal
2759164	17	shufersal
2759225	17	shufersal
2759478	17	shufersal
2759522	17	shufersal
2768043	15	shufersal
2768074	15	shufersal
2771357	8	shufersal
2771364	8	shufersal
2771388	8	shufersal
2771395	8	shufersal
2773559	4	shufersal
2775010	19	shufersal
2782131	15	shufersal
2782759	11	shufersal
2787075	4	shufersal
2793304	8	shufersal
2804666	4	shufersal
2814016	19	shufersal
2814054	19	shufersal
2814078	19	shufersal
2814221	19	shufersal
2814290	19	shufersal
2814610	19	shufersal
2814825	19	shufersal
2814832	19	shufersal
2814849	19	shufersal
2814894	19	shufersal
2814900	19	shufersal
2823025	4	shufersal
2823056	4	shufersal
2823070	4	shufersal
2824183	17	shufersal
2824466	17	shufersal
2824640	17	shufersal
2834687	11	shufersal
2857617	19	shufersal
2862000	17	shufersal
2862017	17	shufersal
2862031	19	shufersal
2862055	17	shufersal
2862093	17	shufersal
2862123	19	shufersal
2862277	17	shufersal
2862338	19	shufersal
2862369	17	shufersal
2866084	4	shufersal
2866145	4	shufersal
2866220	4	shufersal
2866510	4	shufersal
2866701	4	shufersal
2868996	17	shufersal
287010097705	11	shufersal
287102	19	shufersal
2871248	8	shufersal
2871361	8	shufersal
287195	19	shufersal
288024	19	shufersal
288079	19	shufersal
2881216	5	shufersal
2881230	5	shufersal
2881247	5	shufersal
2881254	5	shufersal
2881261	5	shufersal
2881278	5	shufersal
2881308	5	shufersal
2881735	5	shufersal
2881940	5	shufersal
2881957	5	shufersal
2881964	5	shufersal
288352	19	shufersal
288390	19	shufersal
288642	19	shufersal
289069	19	shufersal
289748	19	shufersal
2904694	27	shufersal
2923466	2	shufersal
292557	19	shufersal
292687	19	shufersal
2927051	2	shufersal
2927105	2	shufersal
2927198	2	shufersal
2929185	4	shufersal
2939122	4	shufersal
293943	19	shufersal
294780	19	shufersal
2954026	5	shufersal
2957867	4	shufersal
2957980	4	shufersal
2972426	5	shufersal
297835	11	shufersal
297989	17	shufersal
2986058	7	shufersal
2986065	7	shufersal
299495	12	shufersal
299549	12	shufersal
3006021	3	shufersal
3006120	3	shufersal
300651432596	16	shufersal
300651509434	16	shufersal
300651510744	16	shufersal
300656144197	16	shufersal
30074576	14	shufersal
30079236	14	shufersal
300900	2	shufersal
3009183	8	shufersal
30095069	11	shufersal
3009596	8	shufersal
3009640	8	shufersal
30096585	14	shufersal
30106659	12	shufersal
30114319	14	shufersal
30118867	14	shufersal
3014260220051	27	shufersal
3014260262693	11	shufersal
3014260287030	27	shufersal
3014260289287	11	shufersal
3014260294243	27	shufersal
3014409005471	8	shufersal
30144224	14	shufersal
30144361	14	shufersal
30144941	14	shufersal
30146747	14	shufersal
30147614	11	shufersal
30147690	11	shufersal
30149311	14	shufersal
30149397	11	shufersal
30152526	14	shufersal
30152540	14	shufersal
30152830	14	shufersal
30158696	14	shufersal
30161467	14	shufersal
3016661154287	20	shufersal
3016661155475	8	shufersal
3016661155956	20	shufersal
3016661158575	20	shufersal
3016661159541	8	shufersal
3016667291832	20	shufersal
3016667292242	20	shufersal
3016667293270	20	shufersal
3016667296226	20	shufersal
30166967	14	shufersal
30168121	14	shufersal
30171220	14	shufersal
30173248	14	shufersal
30173415	14	shufersal
30173484	14	shufersal
30173552	14	shufersal
30173644	14	shufersal
30175228	14	shufersal
30176232	14	shufersal
3017800501627	5	shufersal
30188501	14	shufersal
30189362	14	shufersal
30190160	14	shufersal
302027	8	shufersal
302225	8	shufersal
3026029	11	shufersal
3026036	11	shufersal
3026197	11	shufersal
3026227	11	shufersal
3026234	11	shufersal
3026319	17	shufersal
3029181	3	shufersal
3029372	3	shufersal
3029389	3	shufersal
3029433	3	shufersal
3029532	3	shufersal
3029792	3	shufersal
3029815	3	shufersal
3029907	3	shufersal
3030050069426	26	shufersal
3030050069433	26	shufersal
3030050091632	26	shufersal
3030050091656	26	shufersal
3030050152463	26	shufersal
3030050153583	11	shufersal
3030050153590	11	shufersal
3030050153927	11	shufersal
3030050154825	11	shufersal
3030050154849	11	shufersal
3030050154856	11	shufersal
3030050165357	11	shufersal
3030050181081	11	shufersal
3030050185782	11	shufersal
3030050185874	11	shufersal
3034250007813	19	shufersal
3035542004206	8	shufersal
3045200760009	19	tiv_taam
3045380012790	20	shufersal
3045380013995	20	shufersal
3045380021532	20	shufersal
3045388688904	20	shufersal
304663	5	shufersal
3046920021777	7	shufersal
3046920023047	7	shufersal
3046920023351	7	shufersal
3046920023368	7	shufersal
3046920023429	7	shufersal
3046920023443	7	shufersal
3046920027281	7	shufersal
3046920028004	7	shufersal
3046920028363	7	shufersal
3046920028752	7	shufersal
3046920029674	7	shufersal
3046920029759	7	tiv_taam
3046920110341	7	shufersal
305210256712	12	shufersal
305210416383	11	shufersal
305213079004	11	shufersal
3054183	6	shufersal
3054657	5	shufersal
3059941006388	19	shufersal
3059944021197	11	shufersal
3067140013113	10	shufersal
3067140243114	10	shufersal
3069590	2	shufersal
3073780538442	3	tiv_taam
3073781161700	17	shufersal
3073781190595	17	shufersal
3073781190618	17	shufersal
3073781199918	3	tiv_taam
3075409	3	shufersal
3075553	3	shufersal
3075652	3	shufersal
3075805	3	shufersal
3075850	3	shufersal
3080216064208	8	shufersal
3090291119403	3	tiv_taam
3090291123035	3	tiv_taam
3090291389400	3	tiv_taam
309970075583	14	shufersal
309970078836	14	shufersal
309970081126	14	shufersal
309970093624	14	shufersal
309970093631	14	shufersal
309970093648	14	shufersal
309970117047	14	shufersal
309970126476	14	shufersal
309970131159	14	shufersal
309970165109	14	shufersal
309970166052	14	shufersal
309970173531	14	shufersal
309970175085	14	shufersal
309970211745	14	shufersal
309970212636	14	shufersal
309970213398	14	shufersal
309970215118	14	shufersal
309970215842	14	shufersal
309970234133	14	shufersal
309970251901	14	shufersal
309970260941	14	shufersal
309970277161	14	shufersal
309974700122	14	shufersal
309974877060	14	shufersal
309975316759	14	shufersal
309975410037	14	shufersal
309975415117	14	shufersal
309976047041	14	shufersal
309976182018	14	shufersal
309976399010	14	shufersal
309977563014	14	shufersal
309977641040	14	shufersal
309977948057	14	shufersal
309978161066	14	shufersal
309978767015	14	shufersal
309978914013	14	shufersal
309978957010	14	shufersal
3107216	5	shufersal
3107223	5	shufersal
3107247	5	shufersal
3107353	5	shufersal
3107360	5	shufersal
3107513	19	shufersal
3108268	12	shufersal
3108312	12	shufersal
3108350	16	shufersal
3108619	15	shufersal
3108626	15	shufersal
3108633	12	shufersal
3108640	12	shufersal
311043	10	shufersal
311203	7	shufersal
311210	7	shufersal
311227	7	shufersal
311425	7	shufersal
311432	10	shufersal
311463	10	shufersal
311487	10	shufersal
311500	7	shufersal
311708	7	shufersal
311715	7	shufersal
311722	7	shufersal
311869	10	shufersal
311883	10	shufersal
311890	10	shufersal
3120581456267	8	shufersal
3121040075203	26	shufersal
3121040077252	26	shufersal
3121040078495	26	shufersal
3121040082065	26	shufersal
3121040082539	26	shufersal
3121040082645	26	shufersal
3121040082904	26	shufersal
3121040083291	26	shufersal
3121040083369	26	shufersal
3121040086414	26	shufersal
3121040086490	26	shufersal
3121040089774	26	shufersal
3121083	5	shufersal
3121106	5	shufersal
3126712	3	shufersal
313160	7	shufersal
313184	7	shufersal
313290	5	shufersal
3141360054405	19	shufersal
3143146	5	shufersal
3147755836274	14	shufersal
3147758014198	12	shufersal
3147758014709	12	shufersal
3147758029383	13	shufersal
3147758030235	12	shufersal
3147758030297	12	shufersal
3147758030334	12	shufersal
3147758034929	13	shufersal
3147758155112	13	shufersal
3147758873016	14	shufersal
3158164	6	shufersal
3158591	17	shufersal
3158850	19	shufersal
3161712996108	3	tiv_taam
3161911229199	3	shufersal
3161911366429	3	shufersal
31655531908	27	shufersal
3173234142130	25	shufersal
3173234142178	25	shufersal
3173234142697	25	shufersal
3173234142703	25	shufersal
3173234142727	25	shufersal
3173234142987	25	shufersal
3173234142994	25	shufersal
3173234152009	25	shufersal
3176144	9	shufersal
3176168	11	shufersal
3178041337748	11	shufersal
3178041349062	11	shufersal
3179110001140	8	shufersal
3179732348913	8	shufersal
318035	4	shufersal
318042	4	shufersal
318103	17	shufersal
3181250000761	8	shufersal
318127	19	shufersal
318165	17	shufersal
318189	4	shufersal
318288	17	shufersal
318349	17	shufersal
318363	17	shufersal
318400	4	shufersal
318479	17	shufersal
318493	17	shufersal
318530	17	shufersal
318677	17	shufersal
318707	17	shufersal
318769	4	shufersal
3187843	2	shufersal
318806	17	shufersal
318868	17	shufersal
3189045	3	shufersal
3189076	3	shufersal
3189199	19	shufersal
3189274	3	shufersal
318929	17	shufersal
318950	4	shufersal
319063	4	shufersal
319124	17	shufersal
319131	19	shufersal
319520	17	shufersal
319704	17	shufersal
319728	17	shufersal
319759	17	shufersal
319803	4	shufersal
319834	4	shufersal
319841	4	shufersal
3208692	8	shufersal
3224142	2	shufersal
3224159	2	shufersal
3224609	2	shufersal
3224661	2	shufersal
3224708	2	shufersal
3224784	2	shufersal
3224845	2	shufersal
3227402	11	shufersal
3228022910023	3	tiv_taam
3244331	5	shufersal
3259318475216	27	shufersal
3259550208665	12	shufersal
3268245	6	shufersal
3268252	17	shufersal
3268429	17	shufersal
3268641	6	shufersal
32700950682	18	shufersal
327020	19	shufersal
327037	8	shufersal
327044	8	shufersal
3272273	1	shufersal
3272549	5	shufersal
3272556	5	shufersal
3272563	5	shufersal
3272570	5	shufersal
3272587	5	shufersal
3272594	5	shufersal
3272631	5	shufersal
3272648	5	shufersal
3272655	5	shufersal
3272662	5	shufersal
3272686	19	shufersal
3272723	1	shufersal
3272730	1	shufersal
3272747	1	shufersal
3272754	1	shufersal
3272761	1	shufersal
3272785	1	shufersal
3272808	1	shufersal
3272815	1	shufersal
3272822	1	shufersal
3272839	1	shufersal
3272846	1	shufersal
3272853	1	shufersal
3272860	1	shufersal
3272877	1	shufersal
3272884	1	shufersal
3272891	1	shufersal
3272907	1	shufersal
3272914	1	shufersal
3272921	1	shufersal
3272938	1	shufersal
3272945	1	shufersal
3272976	5	shufersal
3274872334229	27	shufersal
3274872372146	13	shufersal
3274872372153	13	shufersal
3274872389816	27	shufersal
3274872396197	13	shufersal
3274872404175	13	shufersal
3274872406216	13	shufersal
3274872411685	13	shufersal
3274872411692	13	shufersal
3274872419315	13	shufersal
3274872438835	13	shufersal
3274872439078	27	shufersal
3274872440999	13	shufersal
3274872441057	27	shufersal
3274872441798	13	shufersal
3274872441989	13	shufersal
3274872447554	13	shufersal
3274872447561	13	shufersal
3274872448780	27	shufersal
3274872456143	13	shufersal
3274872456341	13	shufersal
3274872467361	13	shufersal
3274872467965	27	shufersal
3274872469013	13	shufersal
3274872469372	13	shufersal
3274872473683	13	shufersal
3274872479753	13	shufersal
3274872480810	27	shufersal
3274872495586	27	shufersal
3274878122561	13	shufersal
3274932103819	3	shufersal
3274932103857	3	shufersal
3274932103864	3	shufersal
3282770072761	12	shufersal
3282770074628	11	shufersal
3282770112634	12	shufersal
3282770112689	12	shufersal
3282770141214	12	shufersal
3282770144291	11	shufersal
3282770202854	12	shufersal
3282770204667	11	shufersal
3282770204681	11	shufersal
3282770207736	12	shufersal
3282770209440	12	shufersal
3282770392654	12	shufersal
3282770392692	12	shufersal
3282770396300	12	shufersal
3282771197494	11	shufersal
3282779040884	12	shufersal
3282779040891	11	shufersal
3282779206297	12	shufersal
3282779206310	12	shufersal
3282779208550	11	shufersal
3282779260183	11	shufersal
3282779402705	12	shufersal
3282779402729	12	shufersal
3282779402781	12	shufersal
3282779402798	12	shufersal
3282779402859	12	shufersal
3282779402903	12	shufersal
3282779405447	11	shufersal
3296580358663	17	shufersal
3296580383313	17	shufersal
3296580383320	17	shufersal
3310555	2	shufersal
3329229	2	shufersal
3331300097214	9	shufersal
3331300097221	9	shufersal
3331300097238	9	shufersal
3331300097382	9	shufersal
3331432001035	13	shufersal
3331432002032	13	shufersal
3331432003039	13	shufersal
3331432004036	13	shufersal
3331432005033	13	shufersal
3331432006030	13	shufersal
3331432101032	13	shufersal
3331432102039	13	shufersal
3331432103036	13	shufersal
3331432104033	13	shufersal
3331432105030	13	shufersal
3331432106037	13	shufersal
3331432203033	13	shufersal
3331432204030	13	shufersal
3331432205037	13	shufersal
3331438550308	13	shufersal
3331439410304	27	shufersal
3337871308612	11	shufersal
3337871319144	12	shufersal
3337871320300	15	shufersal
3337871320324	15	shufersal
3337871320362	15	shufersal
3337871320980	12	shufersal
3337871321574	14	shufersal
3337871321581	14	shufersal
3337871322243	15	shufersal
3337871322502	12	shufersal
3337871322595	15	shufersal
3337871323332	12	shufersal
3337871323622	12	shufersal
3337871324001	15	shufersal
3337871324445	12	shufersal
3337871324599	15	shufersal
3337871325787	12	shufersal
3337871328795	12	shufersal
3337871328801	12	shufersal
3337871330019	15	shufersal
3337871330262	15	shufersal
3337871330286	15	shufersal
3337871331290	15	shufersal
3337872411083	11	shufersal
3337872411991	12	shufersal
3337872413025	11	shufersal
3337872413148	12	shufersal
3337872413575	12	shufersal
3337872414145	12	shufersal
3337872419904	12	shufersal
3337875492799	15	shufersal
3337875537308	11	shufersal
3337875537315	11	shufersal
3337875543248	12	shufersal
3337875545891	12	shufersal
3337875546430	12	shufersal
3337875548519	11	shufersal
3337875549493	12	shufersal
3337875549530	12	shufersal
3337875552127	11	shufersal
3337875553278	15	shufersal
3337875563055	14	shufersal
3337875574358	12	shufersal
3337875574372	15	shufersal
3337875583589	12	shufersal
3337875588348	12	shufersal
3337875596763	12	shufersal
3337875597180	11	shufersal
3337875597197	11	shufersal
3337875597203	12	shufersal
3337875597210	11	shufersal
3337875597227	11	shufersal
3337875597272	12	shufersal
3337875597296	11	shufersal
3337875597333	11	shufersal
3337875597357	11	shufersal
3337875597388	11	shufersal
3337875597395	12	shufersal
3337875597449	12	shufersal
3337875598996	11	shufersal
3337875607254	12	shufersal
3337875613668	12	shufersal
3337875646796	12	shufersal
3337875660617	12	shufersal
3337875663083	12	shufersal
3337875674928	12	shufersal
3337875677967	15	shufersal
3337875684095	11	shufersal
3337875684101	11	shufersal
3337875684118	11	shufersal
3337875694469	12	shufersal
3337875696838	12	shufersal
3337875708289	12	shufersal
3337875719124	12	shufersal
3337875719209	12	shufersal
3337875722520	12	shufersal
3337875734905	12	shufersal
3337875735742	12	shufersal
3337875736459	15	shufersal
3337875743563	11	shufersal
3337875757515	11	shufersal
3337875757614	11	shufersal
3337875757669	12	shufersal
3337875760201	12	shufersal
3337875761031	12	shufersal
3337875762298	12	shufersal
3337875763967	11	shufersal
3337875764353	12	shufersal
3337875773430	12	shufersal
3337875773447	11	shufersal
3337875773980	12	shufersal
3337875774017	12	shufersal
3337875774031	12	shufersal
3337875774086	12	shufersal
3337875774123	12	shufersal
3337875774161	12	shufersal
3337875777759	12	shufersal
3337875777797	12	shufersal
3337875782357	12	shufersal
3337875784054	12	shufersal
3337875787222	12	shufersal
3337875795265	12	shufersal
3337875795456	12	shufersal
3337875797597	12	shufersal
3337875800853	12	shufersal
3337875804431	12	shufersal
3337875805025	12	shufersal
3337875806923	12	shufersal
3337875810838	12	shufersal
3337875814652	12	shufersal
3337875816809	12	shufersal
3337875816847	12	shufersal
3337875821636	12	shufersal
3337875829007	12	shufersal
3337875831888	12	shufersal
3337875832724	12	shufersal
3337875837149	12	shufersal
3337875839501	12	shufersal
3337875840620	12	shufersal
3337875847292	12	shufersal
3337875860222	12	shufersal
3337875862097	12	shufersal
3337875863377	12	shufersal
3337875873048	12	shufersal
3337875873086	12	shufersal
3337875876940	11	shufersal
3337875886055	12	shufersal
3337875886307	12	shufersal
3337875890021	12	shufersal
3337875890113	12	shufersal
3337875893626	12	shufersal
3337875895781	12	shufersal
3337875899543	12	shufersal
3337875902380	15	shufersal
3337875903189	12	shufersal
3337875903493	12	shufersal
3337875904384	11	shufersal
3337875904513	12	shufersal
3337875909235	12	shufersal
3337875912600	12	shufersal
3337875916998	12	shufersal
3337875917407	12	shufersal
3337875920698	12	shufersal
3337875920742	12	shufersal
3337875921947	12	shufersal
3337875922852	12	shufersal
3337875923859	12	shufersal
3337875924887	12	shufersal
3337875925341	12	shufersal
3337875927871	12	shufersal
3337875930239	11	shufersal
3337875932301	12	shufersal
3337875932349	12	shufersal
3337875945110	12	shufersal
3337875945622	12	shufersal
3337875945660	12	shufersal
3337875945738	12	shufersal
3337875945769	12	shufersal
334325	19	shufersal
3346130009382	13	shufersal
3346130009603	27	shufersal
3346130010074	13	shufersal
3346130010364	13	shufersal
3346130012511	13	shufersal
3346130013457	27	shufersal
3346130013495	27	shufersal
3346130013501	27	shufersal
3346130416135	27	shufersal
3346130417262	13	shufersal
3346130421337	13	shufersal
3346130421344	13	shufersal
3346130422495	13	shufersal
3346130424116	27	shufersal
3346130432111	27	shufersal
3346130433736	27	shufersal
3346130433750	27	shufersal
3346130433804	13	shufersal
3346130433828	13	shufersal
3346131210015	27	shufersal
3346131402007	27	shufersal
3346131500031	13	shufersal
3346131501816	13	shufersal
3346131797080	27	shufersal
3346132301149	13	shufersal
3346132400019	27	shufersal
334684	19	shufersal
3348900012219	27	shufersal
3348900082731	13	shufersal
3348900103870	27	shufersal
3348900142312	13	shufersal
3348900147324	27	shufersal
3348900236738	27	shufersal
3348900321861	27	shufersal
3348900425309	13	shufersal
3348900606715	13	shufersal
3348900627437	27	shufersal
3348900838185	27	shufersal
3348901001120	27	shufersal
3348901116817	27	shufersal
3348901181839	13	shufersal
3348901182362	27	shufersal
3348901192231	13	shufersal
3348901237116	13	shufersal
3348901250146	27	shufersal
3348901250351	13	shufersal
3348901293846	13	shufersal
3348901321129	27	shufersal
3348901368247	27	shufersal
3348901393119	13	shufersal
3348901419093	13	shufersal
3348901428545	27	shufersal
3348901486385	27	shufersal
3348901520065	27	shufersal
3348901571456	13	shufersal
3348901580069	27	shufersal
3348901580076	27	shufersal
3348901640916	27	shufersal
3348901738224	13	shufersal
3349666007921	27	shufersal
3349668544929	12	shufersal
3349668566372	27	shufersal
3349668588718	13	shufersal
3349668588732	27	shufersal
3349668589678	27	shufersal
3349668599417	13	shufersal
3349668600304	27	shufersal
3349668608218	13	shufersal
3349668612604	13	shufersal
3349668612635	13	shufersal
3349668614479	13	shufersal
3349668614523	27	shufersal
3349668617050	27	shufersal
3349668627479	13	shufersal
3349668627530	27	shufersal
3349668630035	27	shufersal
3349668630264	13	shufersal
3349668630349	27	shufersal
3349668662937	27	shufersal
3349668663187	13	shufersal
3349668664733	27	shufersal
3349668666676	13	shufersal
3349668666812	13	shufersal
3349668666959	13	shufersal
3349668672967	27	shufersal
3351500011469	27	shufersal
3351500020416	27	shufersal
3352818518800	13	shufersal
3354224271102	13	shufersal
3354573	4	shufersal
3355991001671	27	shufersal
3355991002319	27	shufersal
3355991003019	27	shufersal
3355991004672	27	shufersal
3355991006461	27	shufersal
3355994000428	27	shufersal
3360372058892	27	shufersal
3360372060734	27	shufersal
3360375010972	13	shufersal
33617000026	6	shufersal
33617322616	6	shufersal
33617340610	6	shufersal
3365440316560	27	shufersal
3365440375079	27	shufersal
3365440621053	27	shufersal
3365440787971	13	shufersal
33732000123	16	shufersal
33732000727	16	shufersal
33732000796	16	shufersal
3386460025478	13	shufersal
3386460032681	27	shufersal
3386460036528	27	shufersal
3386460067508	27	shufersal
3386460074797	27	shufersal
3386460076388	27	shufersal
3386460078870	27	shufersal
3386460081023	13	shufersal
3386460081931	13	shufersal
3386460101035	27	shufersal
3386460109567	13	shufersal
3386460113588	13	shufersal
3386460113724	27	shufersal
3386460118125	27	shufersal
3386460126625	27	shufersal
3386460127950	27	shufersal
3386460128599	13	shufersal
3386460129879	13	shufersal
3386460132763	13	shufersal
3386460134347	13	shufersal
3386460135818	27	shufersal
3386460139137	13	shufersal
3386460141048	27	shufersal
3386460141246	13	shufersal
3386460141703	13	shufersal
3386460144230	27	shufersal
3386460148719	27	shufersal
3386460149082	27	shufersal
3386460149297	27	shufersal
3386460149822	13	shufersal
3386460149877	27	shufersal
3386460149969	27	shufersal
3386460153720	27	shufersal
3386460153867	13	shufersal
3386460154277	27	shufersal
3386460154857	27	shufersal
3386460155397	13	shufersal
3386460156875	13	shufersal
3386460160827	13	shufersal
3386460165969	27	shufersal
3386460169950	27	shufersal
3386460171083	27	shufersal
3387205	27	shufersal
3387390320244	7	shufersal
3387390525960	7	shufersal
3387410	11	shufersal
3390150544095	11	shufersal
3390150569463	11	shufersal
339191	19	shufersal
339566	19	shufersal
33984000575	9	shufersal
33984000704	9	shufersal
33984001503	9	shufersal
33984003101	9	shufersal
33984004009	9	shufersal
33984004306	9	shufersal
33984005181	9	shufersal
33984005204	9	shufersal
33984008663	9	shufersal
33984008670	9	shufersal
33984008717	9	shufersal
33984009127	9	shufersal
33984009134	9	shufersal
33984009165	9	shufersal
33984009202	9	shufersal
33984009554	9	shufersal
33984010383	9	shufersal
33984010529	9	shufersal
33984010567	9	shufersal
33984010574	9	shufersal
33984010642	9	shufersal
33984010703	9	shufersal
33984010741	9	shufersal
33984011007	9	shufersal
33984011205	9	shufersal
33984011212	9	shufersal
33984011496	9	shufersal
33984011816	9	shufersal
33984012493	9	shufersal
33984013162	9	shufersal
33984014176	9	shufersal
33984015401	9	shufersal
33984016002	9	shufersal
33984016750	9	shufersal
33984017207	9	shufersal
33984017351	9	shufersal
33984017368	9	shufersal
33984017511	9	shufersal
33984019409	9	shufersal
33984019508	9	shufersal
33984019515	9	shufersal
33984020573	9	shufersal
33984020580	9	shufersal
33984022607	9	shufersal
33984022713	9	shufersal
33984023031	9	shufersal
33984023154	9	shufersal
33984023802	9	shufersal
33984024007	9	shufersal
33984025561	9	shufersal
33984026414	9	shufersal
33984026766	9	shufersal
33984027145	9	shufersal
33984029507	9	shufersal
33984030503	9	shufersal
33984031203	9	shufersal
33984031807	9	shufersal
33984032293	9	shufersal
33984033207	9	shufersal
33984035409	9	shufersal
33984035416	9	shufersal
33984037205	9	shufersal
33984037250	9	shufersal
33984038189	9	shufersal
33984038455	9	shufersal
33984041042	9	shufersal
33984041066	9	shufersal
33984041189	9	shufersal
33984041226	9	shufersal
33984041318	9	shufersal
33984041356	9	shufersal
33984041387	9	shufersal
33984041394	9	shufersal
33984041431	9	shufersal
33984041615	9	shufersal
33984358331	9	shufersal
33984504974	9	shufersal
33984549562	9	shufersal
34000250103	7	shufersal
34000312177	5	shufersal
34000544028	7	shufersal
3401329447977	12	shufersal
3401347869775	12	shufersal
3401360212237	12	shufersal
3401376	11	shufersal
3401399694127	11	shufersal
3401420	11	shufersal
3401572288297	12	shufersal
3401578653709	12	shufersal
341071	19	shufersal
3412242508027	27	shufersal
3423222056070	27	shufersal
3423222086640	13	shufersal
3423222086688	27	shufersal
3423222090722	27	shufersal
3423222106324	27	shufersal
3423222106706	27	shufersal
3423222107741	27	shufersal
3423222118396	27	shufersal
3423222119102	13	shufersal
3423222119485	27	shufersal
3423222121624	13	shufersal
3423222124236	13	shufersal
3423222124267	27	shufersal
3423222132033	13	shufersal
3423222137991	13	shufersal
3423222143947	13	shufersal
3423470311365	27	shufersal
3423470398021	13	shufersal
3423470890037	13	shufersal
3423470890075	13	shufersal
3423473020516	27	shufersal
3423473020776	27	shufersal
3423473032816	13	shufersal
3423473033295	13	shufersal
3423473053958	13	shufersal
3423473101253	27	shufersal
3423473996859	13	shufersal
3423474892051	13	shufersal
3423474896257	27	shufersal
3423478468054	27	shufersal
3423478807655	27	shufersal
3423478999251	27	shufersal
34256	19	shufersal
342856	19	shufersal
343	1	shufersal
3433422404397	11	shufersal
3433422408159	11	shufersal
3439600048162	13	shufersal
3439600049862	13	shufersal
3439600055726	27	shufersal
3439600056259	13	shufersal
3439600056655	13	shufersal
3439600056730	13	shufersal
3439600056921	13	shufersal
3439600056969	13	shufersal
3441082	9	shufersal
3441228	9	shufersal
3441259	9	shufersal
3441310	17	shufersal
3441488	9	shufersal
3441501	17	shufersal
3441617	9	shufersal
3441716	9	shufersal
3441730	17	shufersal
3441952	9	shufersal
3444009	7	shufersal
3449217	9	shufersal
3449262	9	shufersal
3449675	9	shufersal
3449699	9	shufersal
3449736	9	shufersal
3449743	9	shufersal
3449750	9	shufersal
3449774	9	shufersal
3449811	9	shufersal
3450	6	shufersal
3450602	19	shufersal
3451548	4	shufersal
3451715	2	shufersal
3451790562631	3	shufersal
3451790562990	3	shufersal
345215	8	shufersal
345260	8	shufersal
345277	8	shufersal
3452821357233	27	shufersal
345284	8	shufersal
345291	8	shufersal
345307	8	shufersal
345536	8	shufersal
3457991	2	shufersal
346021	8	shufersal
346120	8	shufersal
346137	8	shufersal
346168	8	shufersal
346199	8	shufersal
346205	8	shufersal
346212	8	shufersal
346960	8	shufersal
3473311962003	13	shufersal
3474636974269	11	shufersal
3474636974368	11	shufersal
3474636975341	11	shufersal
3474636975402	11	shufersal
3474636975426	11	shufersal
3474636975686	11	shufersal
3474636975853	11	shufersal
3474636975877	15	shufersal
3474636975907	15	shufersal
3474636975952	11	shufersal
3474636977307	11	shufersal
3474636977369	11	shufersal
3474636977949	11	shufersal
3474637044923	11	shufersal
3474637069117	11	shufersal
3474637069124	11	shufersal
3474637069131	11	shufersal
3474637069148	11	shufersal
3474637069155	11	shufersal
3474637069186	11	shufersal
3474637076498	11	shufersal
3474637076511	11	shufersal
3474637090494	11	shufersal
3474637090562	11	shufersal
3474637106331	11	shufersal
3474637106348	11	shufersal
3474637109400	11	shufersal
3474637109509	11	shufersal
3474637109516	11	shufersal
3474637116415	11	shufersal
3474637153496	11	shufersal
3474637153533	11	shufersal
3474637188214	11	shufersal
3474637268398	11	shufersal
3474637268442	11	shufersal
3474637268763	11	shufersal
3474637285722	11	shufersal
3474637285746	11	shufersal
347738	8	shufersal
347752	8	shufersal
3478680076672	22	shufersal
3480341005822	3	shufersal
3480341005846	3	shufersal
3485259701835	27	shufersal
3485259701880	27	shufersal
3491131	9	shufersal
3491148	9	shufersal
3491155	9	shufersal
3491162	9	shufersal
3491186	9	shufersal
3491193	9	shufersal
3491391	9	shufersal
3491834	9	shufersal
3491858	9	shufersal
3491902	9	shufersal
3491919	9	shufersal
3494800028031	13	shufersal
3494800042020	13	shufersal
3494800220022	13	shufersal
3494800220039	13	shufersal
3494800240020	13	shufersal
3494800240037	13	shufersal
3494800240990	13	shufersal
3494800280897	13	shufersal
3495030	6	shufersal
3495139	6	shufersal
3495405	6	shufersal
3495825	17	shufersal
3495849	17	shufersal
3499320009218	12	shufersal
3499320013826	12	shufersal
3499320013833	12	shufersal
3499320013857	11	shufersal
3499320013871	12	shufersal
35000458476	15	shufersal
35000689535	15	shufersal
3500610150500	8	shufersal
3500610150517	8	shufersal
3500610150524	8	shufersal
3504105024802	12	shufersal
3504105024932	12	shufersal
3504105030629	12	shufersal
3504105031565	12	shufersal
3504105033347	12	shufersal
3504105033620	12	shufersal
3504105033828	11	shufersal
3504105034290	12	shufersal
3504105034405	12	shufersal
3504105034894	12	shufersal
3504105035464	12	shufersal
3504105035778	12	shufersal
3504105035860	12	shufersal
3504105035914	12	shufersal
3504105035969	12	shufersal
3504105035990	12	shufersal
3504105036027	12	shufersal
3504105036126	12	shufersal
3504105036751	12	shufersal
3504105036768	12	shufersal
3504105037772	12	shufersal
3504105039851	12	shufersal
3504105039882	12	shufersal
3504105043452	15	shufersal
35051120179	17	shufersal
35051120186	17	shufersal
35051121367	17	shufersal
35051121404	17	shufersal
35051121411	17	shufersal
35051122401	17	shufersal
35051122418	17	shufersal
35051122425	17	shufersal
35051502470	17	shufersal
35051503781	17	shufersal
35051503842	17	shufersal
35051503859	17	shufersal
35051510444	17	shufersal
35051510451	17	shufersal
35051593218	17	shufersal
3508240006556	12	shufersal
3508240006570	12	shufersal
3508240006631	12	shufersal
3508240006662	12	shufersal
3508240008222	14	shufersal
3508240008253	14	shufersal
3508240008284	14	shufersal
3508240014094	11	shufersal
3508240014100	12	shufersal
3508240014896	11	shufersal
3508440001238	13	shufersal
3508440001337	13	shufersal
3508440004185	13	shufersal
3508440251848	13	shufersal
3508440752031	13	shufersal
3508440752062	13	shufersal
3508441001008	27	shufersal
3508441001053	27	shufersal
3508441001084	27	shufersal
3508441001114	27	shufersal
3508441011151	13	shufersal
3508441011199	13	shufersal
3508441104174	13	shufersal
3508441104600	27	shufersal
3508441104617	27	shufersal
3508441104648	13	shufersal
3508441104662	27	shufersal
3514007	5	shufersal
3519280021102	20	shufersal
3519280021225	20	shufersal
3519280021508	20	shufersal
3519280026343	20	shufersal
3520572	10	shufersal
3521128	11	shufersal
3521135	11	shufersal
3523230025638	3	tiv_taam
3523230026826	3	tiv_taam
3523230026888	3	tiv_taam
3523230038751	3	shufersal
3523230038874	3	shufersal
3523230061148	19	shufersal
3523230065467	3	shufersal
3523230065535	3	shufersal
3525490011093	8	shufersal
3551440576022	13	shufersal
3551440576039	13	shufersal
3551440576046	13	shufersal
3551440576053	13	shufersal
3551440576206	13	shufersal
3551440576411	13	shufersal
35585775210	18	shufersal
3562700373084	27	shufersal
3573026235666	11	shufersal
3573026235901	11	shufersal
3574660058857	11	shufersal
3574660066203	11	shufersal
3574660066227	11	shufersal
3574660089547	15	shufersal
3574660239829	11	shufersal
3574660282689	12	shufersal
3574660333466	15	shufersal
3574660464429	15	shufersal
3574660467796	12	shufersal
3574660514643	11	shufersal
3574660569759	12	shufersal
3574660571769	12	shufersal
3574660571783	15	shufersal
3574661003924	15	shufersal
3574661098531	11	shufersal
3574661098937	11	shufersal
3574661114637	15	shufersal
3574661200019	11	shufersal
3574661255873	11	shufersal
3574661287201	11	shufersal
3574661287232	11	shufersal
3574661288345	12	shufersal
3574661293509	12	shufersal
3574661317021	12	shufersal
3574661332543	12	shufersal
3574661332581	11	shufersal
3574661333564	12	shufersal
3574661351711	11	shufersal
3574661352275	15	shufersal
3574661352527	11	shufersal
3574661391373	11	shufersal
3574661392486	11	shufersal
3574661401089	11	shufersal
3574661471181	12	shufersal
3574661476254	11	shufersal
3574661485201	15	shufersal
3574661485218	15	shufersal
3574661487328	15	shufersal
3574661487625	15	shufersal
3574661487632	15	shufersal
3574661491806	15	shufersal
3574661498430	12	shufersal
3574661498492	12	shufersal
3574661500355	15	shufersal
3574661500478	12	shufersal
3574661504162	15	shufersal
3574661520353	11	shufersal
3574661525563	11	shufersal
3574661527086	12	shufersal
3574661529240	12	shufersal
3574661529974	11	shufersal
3574661530697	11	shufersal
3574661533568	11	shufersal
3574661552576	15	shufersal
3574661552811	15	shufersal
3574661554884	15	shufersal
3574661593067	11	shufersal
3574661610344	11	shufersal
3574661610375	11	shufersal
3574661626055	15	shufersal
3574661626062	15	shufersal
3574661626079	15	shufersal
3574661650760	12	shufersal
3574661699516	11	shufersal
3574661699523	11	shufersal
3574661699530	11	shufersal
3574661724638	12	shufersal
3574661728131	11	shufersal
3574661728216	11	shufersal
3574661752945	12	shufersal
3574661780511	11	shufersal
3574661797625	12	shufersal
3574661799780	12	shufersal
3574661813875	11	shufersal
3574661840345	11	shufersal
3574661840390	11	shufersal
3574661864297	11	shufersal
3574669907729	11	shufersal
3574669907767	11	shufersal
3574669908481	11	shufersal
3574669908665	11	shufersal
3574669908948	11	shufersal
3578061	5	shufersal
3578108	5	shufersal
3578177	5	shufersal
3578833815018	9	shufersal
3578931	3	shufersal
3596200052705	11	shufersal
3596200056116	12	shufersal
3596200056123	12	shufersal
3596204358476	11	shufersal
3596204711394	12	shufersal
36000183399	11	shufersal
36000516876	19	shufersal
36000516890	19	shufersal
3600520881799	14	shufersal
3600520932897	14	shufersal
3600521094341	11	shufersal
3600521094358	11	shufersal
3600521094365	11	shufersal
3600521094372	11	shufersal
3600521094389	11	shufersal
3600521094419	11	shufersal
3600521094457	11	shufersal
3600521094471	11	shufersal
3600521250051	11	shufersal
3600521627402	14	shufersal
3600521720219	11	shufersal
3600521821152	14	shufersal
3600522022893	11	shufersal
3600522066798	14	shufersal
3600522150497	11	shufersal
3600522203100	14	shufersal
3600522251750	11	shufersal
3600522324300	11	shufersal
3600522336884	14	shufersal
3600522368250	11	shufersal
3600522480129	11	shufersal
3600522634034	14	shufersal
3600522851288	14	shufersal
3600522862383	14	shufersal
3600522875208	14	shufersal
3600522875345	14	shufersal
3600523034482	11	shufersal
3600523193141	11	shufersal
3600523193158	11	shufersal
3600523201303	11	shufersal
3600523201310	11	shufersal
3600523206834	11	shufersal
3600523216086	11	shufersal
3600523242641	11	shufersal
3600523337712	11	shufersal
3600523351497	14	shufersal
3600523364824	11	shufersal
3600523373109	11	shufersal
3600523428663	11	shufersal
3600523500185	14	shufersal
3600523500192	14	shufersal
3600523500208	14	shufersal
3600523503285	14	shufersal
3600523560899	11	shufersal
3600523591831	14	shufersal
3600523614400	14	shufersal
3600523614417	14	shufersal
3600523614431	14	shufersal
3600523614493	14	shufersal
3600523614509	14	shufersal
3600523614516	14	shufersal
3600523614523	14	shufersal
3600523633982	11	shufersal
3600523643837	14	shufersal
3600523716470	11	shufersal
3600523718597	11	shufersal
3600523729029	14	shufersal
3600523755264	14	shufersal
3600523755660	11	shufersal
3600523784509	14	shufersal
3600523802456	11	shufersal
3600523816699	11	shufersal
3600523873920	11	shufersal
3600523936663	11	shufersal
3600523937578	11	shufersal
3600523937615	11	shufersal
3600523951291	14	shufersal
3600523951444	14	shufersal
3600523951543	14	shufersal
3600523951598	14	shufersal
3600523953677	11	shufersal
3600523959877	14	shufersal
3600523966776	11	shufersal
3600523979578	11	shufersal
3600524012601	11	shufersal
3600524013370	11	shufersal
3600524025540	11	shufersal
3600524026639	14	shufersal
3600524026660	14	shufersal
3600524026691	14	shufersal
3600524026707	14	shufersal
3600524033699	11	shufersal
3600524051211	11	shufersal
3600524059064	11	shufersal
3600524059071	11	shufersal
3600524059088	11	shufersal
3600524059095	11	shufersal
3600524059101	11	shufersal
3600524059118	11	shufersal
3600524059132	11	shufersal
3600524061340	11	shufersal
3600524066475	11	shufersal
3600524070021	14	shufersal
3600524070113	14	shufersal
3600524070595	11	shufersal
3600524076078	12	shufersal
3600524104726	14	shufersal
3600524119300	11	shufersal
3600524119829	11	shufersal
3600524122645	11	shufersal
3600524122775	11	shufersal
3600524129019	12	shufersal
3600524134181	12	shufersal
3600524135386	11	shufersal
3600524136987	14	shufersal
3600524150587	14	shufersal
3600524162511	11	shufersal
3600524163075	15	shufersal
3600524163082	15	shufersal
3600524163099	15	shufersal
3600524163198	15	shufersal
3600524163204	15	shufersal
3600524165147	12	shufersal
3600524165222	12	shufersal
3600524166687	15	shufersal
3600524166694	15	shufersal
3600524167080	15	shufersal
3600524167097	15	shufersal
3600524167103	15	shufersal
3600524167134	15	shufersal
3600524169688	11	shufersal
3600524172787	14	shufersal
3600524186234	11	shufersal
3600524187569	15	shufersal
3600524190156	14	shufersal
3600524192556	14	shufersal
3600524196615	14	shufersal
3600524196776	14	shufersal
3600524197704	12	shufersal
3600524213817	11	shufersal
3600524228132	14	shufersal
3600524229092	14	shufersal
3600524230180	15	shufersal
3600524230456	15	shufersal
3600524238667	14	shufersal
3600524242763	14	shufersal
3600524244415	11	shufersal
3600524244538	14	shufersal
3600524244842	11	shufersal
3600524245733	11	shufersal
3600524245771	11	shufersal
3600524245863	11	shufersal
3600524246716	11	shufersal
3600524246907	11	shufersal
3600524263782	11	shufersal
3600530625437	14	shufersal
3600530695850	14	shufersal
3600530695959	14	shufersal
3600530730308	14	shufersal
3600531084806	14	shufersal
3600531143459	14	shufersal
3600531293178	14	shufersal
3600531369361	14	shufersal
3600531384029	14	shufersal
3600531396831	14	shufersal
3600531411145	14	shufersal
3600531417734	14	shufersal
3600531429911	14	shufersal
3600531469412	14	shufersal
3600531511630	11	shufersal
3600531511654	11	shufersal
3600531511685	11	shufersal
3600531511692	11	shufersal
3600531512743	11	shufersal
3600531531065	14	shufersal
3600531539900	11	shufersal
3600531561277	14	shufersal
3600531584696	14	shufersal
3600531592325	14	shufersal
3600531592974	14	shufersal
3600531609689	14	shufersal
3600531630416	14	shufersal
3600531631062	14	shufersal
3600531631116	14	shufersal
3600531631161	14	shufersal
3600531631260	14	shufersal
3600531632717	14	shufersal
3600531638894	14	shufersal
3600531652425	11	shufersal
3600531663407	11	shufersal
3600531666651	14	shufersal
3600531669454	14	shufersal
3600531681319	14	shufersal
3600531686277	14	shufersal
3600531691776	14	shufersal
3600531692001	14	shufersal
3600531697419	14	shufersal
3600531699710	11	shufersal
3600531699727	14	shufersal
3600531700379	11	shufersal
3600531700386	11	shufersal
3600531701802	14	shufersal
3600531701895	14	shufersal
3600531702038	14	shufersal
3600531702205	14	shufersal
3600531712600	14	shufersal
3600531715397	11	shufersal
3600531716974	14	shufersal
3600531717179	14	shufersal
3600541029323	12	shufersal
3600541382930	12	shufersal
3600541402270	15	shufersal
3600541740006	15	shufersal
3600541928275	12	shufersal
3600542109796	12	shufersal
3600542232036	11	shufersal
3600542309974	15	shufersal
3600542328647	11	shufersal
3600542385091	15	shufersal
3600542385107	15	shufersal
3600542385220	15	shufersal
3600542385268	15	shufersal
3600542396608	12	shufersal
3600542399272	15	shufersal
3600542399340	15	shufersal
3600542415071	11	shufersal
3600542415194	11	shufersal
3600542431828	11	shufersal
3600542431835	11	shufersal
3600542431842	11	shufersal
3600542431859	11	shufersal
3600542431866	11	shufersal
3600542431873	11	shufersal
3600542431880	11	shufersal
3600542431897	11	shufersal
3600542431903	11	shufersal
3600542431934	11	shufersal
3600542431972	11	shufersal
3600542431989	11	shufersal
3600542431996	11	shufersal
3600542432009	11	shufersal
3600542432016	11	shufersal
3600542432023	11	shufersal
3600542432030	11	shufersal
3600542432054	11	shufersal
3600542432061	11	shufersal
3600542449656	11	shufersal
3600542450683	14	shufersal
3600542488013	12	shufersal
3600542513241	11	shufersal
3600542538022	11	shufersal
3600542541411	11	shufersal
3600542541602	11	shufersal
3600542566216	12	shufersal
3600542572927	11	shufersal
3600542573023	11	shufersal
3600542586047	12	shufersal
3600542586078	12	shufersal
3600542591539	11	shufersal
3600542597876	11	shufersal
3600542619103	11	shufersal
3600542624770	11	shufersal
3600542626750	11	shufersal
3600542658461	11	shufersal
3600542661720	12	shufersal
3600542662987	11	shufersal
3600542663267	11	shufersal
3605521034014	27	shufersal
3605521172525	13	shufersal
3605521816580	13	shufersal
3605521816658	13	shufersal
3605522040588	27	shufersal
3605522041486	13	shufersal
3605530314114	13	shufersal
3605530398381	14	shufersal
3605530741385	12	shufersal
3605530742221	12	shufersal
3605530742580	12	shufersal
3605530931663	15	shufersal
3605531812213	14	shufersal
3605532024844	12	shufersal
3605532026046	11	shufersal
3605532286464	11	shufersal
3605532533919	11	shufersal
3605532612690	13	shufersal
3605532612768	13	shufersal
3605532612836	13	shufersal
3605532670270	11	shufersal
3605532908724	12	shufersal
3605532971179	11	shufersal
3605532972152	12	shufersal
3605532972640	11	shufersal
3605532973623	11	shufersal
3605533065785	12	shufersal
3605533114070	12	shufersal
3605533115817	12	shufersal
3605533230596	12	shufersal
3605533286555	13	shufersal
3605533303252	14	shufersal
3605533330142	14	shufersal
3605533330388	14	shufersal
3605971512575	27	shufersal
3605971967139	14	shufersal
3605972698742	27	shufersal
3605972793317	27	shufersal
3606000560833	12	shufersal
3607342635876	13	shufersal
3607346232385	13	shufersal
3608580109280	5	shufersal
3608580109310	5	shufersal
3608580162506	5	shufersal
3608580162537	5	shufersal
3608580162568	5	shufersal
3608580162599	5	shufersal
3608580162629	5	shufersal
3608580730255	5	shufersal
3612345679185	13	shufersal
3612345679208	13	shufersal
3612345679215	13	shufersal
3612345679239	13	shufersal
3612345679246	13	shufersal
3612345679253	27	shufersal
3612345679277	13	shufersal
3612345679284	13	shufersal
3612345679291	13	shufersal
3612345679307	13	shufersal
3612345679468	27	shufersal
3612345679543	13	shufersal
3612345680327	13	shufersal
3612345680532	27	shufersal
3612345680648	13	shufersal
3612345680655	13	shufersal
3612345680662	27	shufersal
3612345681232	13	shufersal
3612345681256	13	shufersal
3614223113347	13	shufersal
3614223519576	13	shufersal
3614223519613	13	shufersal
3614225296536	27	shufersal
3614226905963	13	shufersal
3614227391826	27	shufersal
3614227693876	13	shufersal
3614228838016	27	shufersal
3614228865784	11	shufersal
3614228865814	11	shufersal
3614228865821	11	shufersal
3614228865852	11	shufersal
3614228865869	11	shufersal
3614228865883	11	shufersal
3614229382129	27	shufersal
3614229820799	27	shufersal
3614229820805	27	shufersal
3614229820829	27	shufersal
3614229823806	27	shufersal
3614229828535	27	shufersal
3614229829006	13	shufersal
3614229829044	13	shufersal
3614270264900	11	shufersal
3614270561634	13	shufersal
3614270866258	12	shufersal
3614270971235	14	shufersal
3614271413420	11	shufersal
3614271437938	14	shufersal
3614271579423	13	shufersal
3614271682369	14	shufersal
3614271717092	27	shufersal
3614271755322	14	shufersal
3614271767356	14	shufersal
3614271768735	11	shufersal
3614271986054	12	shufersal
3614271994806	13	shufersal
3614271994844	13	shufersal
3614272022942	11	shufersal
3614272049161	11	shufersal
3614272050358	27	shufersal
3614272126008	14	shufersal
3614272161795	14	shufersal
3614272225718	27	shufersal
3614272227026	12	shufersal
3614272284593	12	shufersal
3614272313545	14	shufersal
3614272453104	14	shufersal
3614272623538	12	shufersal
3614272648333	27	shufersal
3614272648401	13	shufersal
3614272648418	13	shufersal
3614272648425	13	shufersal
3614272761452	27	shufersal
3614272761469	27	shufersal
3614272828032	14	shufersal
3614272828841	14	shufersal
3614272860377	12	shufersal
3614272907676	13	shufersal
3614272907690	13	shufersal
3614272992054	13	shufersal
3614273066365	14	shufersal
3614273069175	13	shufersal
3614273069557	13	shufersal
3614273070249	27	shufersal
3614273073899	13	shufersal
3614273074452	14	shufersal
3614273128971	27	shufersal
3614273250665	14	shufersal
3614273261401	13	shufersal
3614273261425	27	shufersal
3614273307536	14	shufersal
3614273307963	14	shufersal
3614273308281	14	shufersal
3614273321891	13	shufersal
3614273336383	27	shufersal
3614273346498	12	shufersal
3614273347839	13	shufersal
3614273348386	14	shufersal
3614273357197	13	shufersal
3614273370257	14	shufersal
3614273431194	14	shufersal
3614273436359	14	shufersal
3614273436656	14	shufersal
3614273476164	13	shufersal
3614273476287	13	shufersal
3614273478755	27	shufersal
3614273521307	27	shufersal
3614273544962	27	shufersal
3614273597470	14	shufersal
3614273604888	13	shufersal
3614273604932	27	shufersal
3614273605069	27	shufersal
3614273628983	27	shufersal
3614273635424	12	shufersal
3614273636384	27	shufersal
3614273636513	27	shufersal
3614273638852	27	shufersal
3614273642286	14	shufersal
3614273660440	12	shufersal
3614273668743	27	shufersal
3614273672054	13	shufersal
3614273672412	27	shufersal
3614273675833	14	shufersal
3614273683401	27	shufersal
3614273719599	11	shufersal
3614273734875	13	shufersal
3614273747257	14	shufersal
3614273760164	13	shufersal
3614273764926	13	shufersal
3614273768832	27	shufersal
3614273774413	11	shufersal
3614273776127	13	shufersal
3614273790826	27	shufersal
3614273790840	13	shufersal
3614273792349	14	shufersal
3614273852807	27	shufersal
3614273852814	27	shufersal
3614273863360	13	shufersal
3614273872287	27	shufersal
3614273887915	27	shufersal
3614273898478	27	shufersal
3614273924030	13	shufersal
3614273924061	11	shufersal
3614273927321	13	shufersal
3614273927338	13	shufersal
3614273927352	13	shufersal
3614273927932	13	shufersal
3614273947763	13	shufersal
3614273953696	27	shufersal
3614273954167	27	shufersal
3614273955546	27	shufersal
3614273961707	13	shufersal
3614273987714	14	shufersal
3614273988452	14	shufersal
3614274000597	13	shufersal
3614274024760	13	shufersal
3614274024807	27	shufersal
3614274025637	27	shufersal
3614274040067	27	shufersal
3614274062908	11	shufersal
3614274066999	13	shufersal
3614274076776	13	shufersal
3614274089356	27	shufersal
3614274097887	14	shufersal
3614274104370	13	shufersal
3614274110081	14	shufersal
3614274110470	14	shufersal
3614274114645	27	shufersal
3614274142341	12	shufersal
3614274142358	12	shufersal
3614274142624	11	shufersal
3614274143751	27	shufersal
3614274145250	12	shufersal
3614274150926	13	shufersal
3614274151701	13	shufersal
3614274158458	11	shufersal
3614274158465	11	shufersal
3614274158540	11	shufersal
3614274160659	12	shufersal
3614274160697	14	shufersal
3614274162943	12	shufersal
3614274169775	14	shufersal
3614274170191	12	shufersal
3614274170207	12	shufersal
3614274172997	27	shufersal
3614274184631	27	shufersal
3614274187939	14	shufersal
3614274192278	13	shufersal
3614274195026	14	shufersal
3614274195453	14	shufersal
3614274219579	27	shufersal
3614274231236	12	shufersal
3614274241006	13	shufersal
3614274266801	27	shufersal
3614274266917	27	shufersal
3614274280166	11	shufersal
3614274280197	11	shufersal
3614274280760	14	shufersal
3614274292848	27	shufersal
3614274299212	13	shufersal
3614274299229	13	shufersal
3614274305401	13	shufersal
3614274308464	12	shufersal
3614274329384	27	shufersal
3614274338409	14	shufersal
3614274338874	14	shufersal
3614274338881	14	shufersal
3614274340921	12	shufersal
3614274344677	14	shufersal
3614274350739	27	shufersal
3614274350753	13	shufersal
3614274354898	12	shufersal
3614274368116	12	shufersal
3614274382662	14	shufersal
3614274393552	14	shufersal
3614274393590	14	shufersal
3614274397253	13	shufersal
3614274420364	11	shufersal
3614274427332	12	shufersal
3614274473957	12	shufersal
3614274479096	27	shufersal
3614274479720	13	shufersal
3614274485004	27	shufersal
3614274488005	13	shufersal
3614274488760	14	shufersal
3614274492163	27	shufersal
3614274510089	13	shufersal
3614274510133	13	shufersal
3614274521238	13	shufersal
3614274521368	13	shufersal
3614274624380	27	shufersal
3614274626858	13	shufersal
3614274626872	27	shufersal
3614274633269	11	shufersal
3614274633276	11	shufersal
3614274644449	27	shufersal
3614274652574	12	shufersal
3614274653410	12	shufersal
3614274661729	13	shufersal
3614274668278	12	shufersal
3614274708400	27	shufersal
3614274718546	14	shufersal
3614274735994	13	shufersal
3614274747058	27	shufersal
3614274747133	12	shufersal
3614274750164	13	shufersal
3614274752717	13	shufersal
3614274770421	12	shufersal
3614274798203	27	shufersal
3614274798319	13	shufersal
3614274800050	11	shufersal
3614274800067	11	shufersal
3614274800210	14	shufersal
3614274801309	12	shufersal
3614274801323	12	shufersal
3614274801330	11	shufersal
3614274801392	12	shufersal
3614274801927	11	shufersal
3614274831573	14	shufersal
3614274874785	14	shufersal
3616301794608	27	shufersal
3616301794639	13	shufersal
3616301975755	13	shufersal
3616302020652	13	shufersal
3616302022472	13	shufersal
3616302023707	13	shufersal
3616302038633	13	shufersal
3616302078622	11	shufersal
3616302514298	13	shufersal
3616302681082	27	shufersal
3616303173098	27	shufersal
3616303445256	13	shufersal
3616303445287	27	shufersal
3616303445584	13	shufersal
3616303475437	13	shufersal
3616304061943	13	shufersal
3616304062490	27	shufersal
3616304175893	27	shufersal
3616304247644	27	shufersal
3616304248825	13	shufersal
3616304249716	13	shufersal
3616304252921	13	shufersal
3616304679445	27	shufersal
3616304691645	27	shufersal
3616304929588	27	shufersal
3616304967122	13	shufersal
3616305040527	13	shufersal
3616305040572	27	shufersal
3616305040619	27	shufersal
3616305040633	27	shufersal
3616305160584	27	shufersal
3616305169273	13	shufersal
3616305181060	13	shufersal
3616305186119	13	shufersal
3616305259431	27	shufersal
3616305259448	13	shufersal
3616305265661	27	shufersal
3616305271563	13	shufersal
3616305275745	13	shufersal
3616305480620	27	shufersal
3616305488640	13	shufersal
3616305616128	27	shufersal
3616305638083	27	shufersal
3616305821089	27	shufersal
3616305880604	27	shufersal
3616305931160	27	shufersal
3616305931177	27	shufersal
3616305943019	13	shufersal
3616305947291	13	shufersal
3616305947345	13	shufersal
3616305965639	13	shufersal
3616306096202	27	shufersal
3616306110885	13	shufersal
3616306115934	13	shufersal
3616306690271	13	shufersal
3616306690295	13	shufersal
3616306701939	13	shufersal
3616306701953	13	shufersal
3616306701960	13	shufersal
3616306970663	13	shufersal
3616306976207	13	shufersal
3616307200189	27	shufersal
3616307390491	27	shufersal
363011	17	shufersal
3632473	2	shufersal
363462	17	shufersal
363486	17	shufersal
3643004	5	shufersal
3643325	5	shufersal
3643387	5	shufersal
3643684	5	shufersal
3643714	5	shufersal
3643745	5	shufersal
3643752	5	shufersal
3643769	5	shufersal
3643776	5	shufersal
3643806	5	shufersal
3643820	5	shufersal
3648207	2	shufersal
3648276	2	shufersal
365046	17	shufersal
365107	17	shufersal
365398	17	shufersal
365909	17	shufersal
3661434000072	12	shufersal
3661434000089	11	shufersal
3661434000515	12	shufersal
3661434003691	12	shufersal
3661434004421	12	shufersal
3661434004575	12	shufersal
3661434004728	11	shufersal
3661434004735	12	shufersal
3661434004742	12	shufersal
3661434004858	12	shufersal
3661434005008	12	shufersal
3661434005015	12	shufersal
3661434005435	11	shufersal
3661434005459	12	shufersal
3661434005503	12	shufersal
3661434005862	12	shufersal
3661434005916	12	shufersal
3661434005923	12	shufersal
3661434006548	12	shufersal
3661434006968	12	shufersal
3661434008788	11	shufersal
3661434009310	15	shufersal
3661434009334	12	shufersal
3661434009495	12	shufersal
3661434009525	12	shufersal
3661434009693	12	shufersal
3661434009754	12	shufersal
3661434009761	12	shufersal
3661434009778	12	shufersal
3661434009785	12	shufersal
3661434009792	12	shufersal
3661434009815	12	shufersal
3661434009990	12	shufersal
3661434010026	12	shufersal
3661434010033	12	shufersal
3661434010057	12	shufersal
3661434010064	12	shufersal
3661434010088	12	shufersal
3661434010101	12	shufersal
3661434010118	12	shufersal
3661434010125	12	shufersal
3661434011924	12	shufersal
3661434011931	12	shufersal
3661434011962	15	shufersal
3661434011979	12	shufersal
3661434014116	12	shufersal
3661434014123	12	shufersal
3661434018947	12	shufersal
3661434018954	12	shufersal
3661434023422	12	shufersal
3661434023453	12	shufersal
3661434023484	12	shufersal
3661434023491	12	shufersal
3661434027512	12	shufersal
3661434027901	12	shufersal
3661434028014	12	shufersal
3663555004120	16	shufersal
3663555004137	16	shufersal
3663555004144	16	shufersal
3663555004151	16	shufersal
3663555004175	16	shufersal
3663555004182	16	shufersal
3663555004199	16	shufersal
3663555004205	16	shufersal
3663555004229	16	shufersal
3663555004236	16	shufersal
3663555004243	16	shufersal
3663555004939	16	shufersal
3663555004960	16	shufersal
3663555004991	16	shufersal
3664492017969	15	shufersal
3664944523338	17	shufersal
3676316	11	shufersal
3681334	5	shufersal
3681716	5	shufersal
369037	3	shufersal
369341	3	shufersal
369365	3	shufersal
369617	3	shufersal
369709	3	shufersal
3700135002470	13	shufersal
3700135020382	13	shufersal
3700458602975	13	shufersal
3700458603187	13	shufersal
3700458603224	13	shufersal
3700458603453	13	shufersal
3700458604610	13	shufersal
3700458604948	13	shufersal
3700550218173	13	shufersal
3700550218265	27	shufersal
3700550218272	13	shufersal
3700550218289	27	shufersal
3700550218302	27	shufersal
3700550218333	27	shufersal
3700550218340	27	shufersal
3700550218357	13	shufersal
3700550218777	27	shufersal
3700550218784	27	shufersal
3700550222132	13	shufersal
3700550222699	13	shufersal
3700550226543	13	shufersal
3700550232803	13	shufersal
3700550232971	13	shufersal
3700559603116	27	shufersal
3700559605417	27	shufersal
3700559605905	13	shufersal
3700559609170	13	shufersal
3700578501981	13	shufersal
3700578501998	13	shufersal
3700583500887	13	shufersal
3700583500900	13	shufersal
3700583500917	13	shufersal
3700583500924	13	shufersal
3700583501297	27	shufersal
3700583501310	27	shufersal
3700583501372	13	shufersal
3700583501396	27	shufersal
3700583502096	13	shufersal
3700703902249	22	shufersal
3700703902997	22	shufersal
3700703903321	26	shufersal
3700703903345	22	shufersal
3700703903383	22	shufersal
3700703904793	26	shufersal
3700703905325	26	shufersal
3700703912767	20	shufersal
3700703913085	8	shufersal
3700703919704	22	shufersal
3700703944492	22	shufersal
3700703949466	22	shufersal
3700703949497	22	shufersal
3700703951209	22	shufersal
3700703951216	22	shufersal
3700703958772	22	shufersal
3700703974369	20	shufersal
3700703974376	20	shufersal
3700703983309	22	shufersal
3700703996194	8	shufersal
3700703996309	8	shufersal
3700822600613	16	shufersal
3700822601078	16	shufersal
3701129800072	12	shufersal
3701129800102	12	shufersal
3701129800119	12	shufersal
3701129800546	12	shufersal
3701129802076	11	shufersal
3701129803448	12	shufersal
3701129803455	12	shufersal
3701129804452	12	shufersal
3701129804957	12	shufersal
3701129805060	12	shufersal
3701129807385	12	shufersal
3701129807392	12	shufersal
3701129812037	12	shufersal
3701129812044	12	shufersal
3701129812068	12	shufersal
3701415900134	13	shufersal
3701415900844	13	shufersal
3701415901339	13	shufersal
3701415901353	13	shufersal
3701415901360	13	shufersal
3701415901377	13	shufersal
3701415901384	13	shufersal
3701415901407	13	shufersal
3701415901414	13	shufersal
3701415902008	13	shufersal
3701415902756	13	shufersal
371687320751	11	shufersal
3718825	2	shufersal
3719259	17	shufersal
3726110	3	shufersal
3726516	3	shufersal
3726615	3	shufersal
3727667	4	shufersal
374318830186	26	shufersal
3744428	7	shufersal
3744855	7	shufersal
3751112	2	shufersal
3751204	2	shufersal
3751211	2	shufersal
3751242	2	shufersal
3760016770294	27	shufersal
3760022730213	13	shufersal
3760022730381	27	shufersal
3760022731364	13	shufersal
3760022731814	27	shufersal
3760022733146	13	shufersal
3760022733580	13	shufersal
3760022734112	13	shufersal
3760022734358	13	shufersal
37600297943	19	shufersal
37600297967	19	shufersal
37600309417	5	shufersal
37600309424	5	shufersal
37600311571	5	shufersal
3760040114217	13	shufersal
3760040114347	13	shufersal
3760060764164	27	shufersal
3760231050959	27	shufersal
3760260450003	13	shufersal
3760260450034	13	shufersal
3760260450096	13	shufersal
3760260450157	13	shufersal
3760260450188	27	shufersal
3760260450218	27	shufersal
3760260450317	27	shufersal
3760260450539	27	shufersal
3760260450898	13	shufersal
3760260450973	13	shufersal
3760260451550	13	shufersal
3760260451680	13	shufersal
3760260452311	13	shufersal
3760260452397	27	shufersal
3760260452595	27	shufersal
3760260452670	27	shufersal
3760260452755	13	shufersal
3760260453745	13	shufersal
3760260454261	13	shufersal
3760260454308	13	shufersal
3760260454346	13	shufersal
3760260454483	13	shufersal
3760260454551	13	shufersal
3760260455640	13	shufersal
3760260455657	13	shufersal
3760260455664	13	shufersal
3760260456234	13	shufersal
3760260456289	13	shufersal
3760260456500	13	shufersal
3760260457194	13	shufersal
3760260458276	13	shufersal
3760260458504	13	shufersal
3760260458597	13	shufersal
3760260458955	13	shufersal
3760260459006	13	shufersal
3760265190201	13	shufersal
3760265190362	13	shufersal
3760265190485	13	shufersal
3760265190522	13	shufersal
3760265190843	13	shufersal
3760265191161	13	shufersal
3760265191864	27	shufersal
3760265192113	13	shufersal
3760265192830	13	shufersal
3760265192960	13	shufersal
3760265193134	13	shufersal
3760265193196	13	shufersal
3760265193318	13	shufersal
3760265193370	13	shufersal
3760265193585	13	shufersal
3760265194179	13	shufersal
3760265194636	13	shufersal
3760265194681	13	shufersal
3760294350102	13	shufersal
3760294350126	13	shufersal
3760294350140	13	shufersal
3760294350164	13	shufersal
3760294350188	13	shufersal
3760294350201	13	shufersal
3760294350508	13	shufersal
3760294350515	13	shufersal
3760294350522	13	shufersal
3760294350539	13	shufersal
3760294350577	13	shufersal
3760294350584	13	shufersal
3760294350607	13	shufersal
3760294350614	13	shufersal
3760294350621	27	shufersal
3760294350638	13	shufersal
3760294350652	27	shufersal
3760294350690	13	shufersal
3760294350706	13	shufersal
3760294350713	13	shufersal
3760294350843	13	shufersal
3760294350881	13	shufersal
3760294351178	27	shufersal
3760294351215	13	shufersal
3760294351239	13	shufersal
3760294351260	13	shufersal
3760294351390	13	shufersal
3760294351413	27	shufersal
3760294351420	13	shufersal
3760294351628	13	shufersal
3760294351772	13	shufersal
3760294351796	13	shufersal
3760298541018	13	shufersal
3760298541070	13	shufersal
3760298541223	13	shufersal
3760298541247	13	shufersal
3760298544644	13	shufersal
3760298545139	13	shufersal
3760298545412	13	shufersal
3760310290009	27	shufersal
3760310290252	27	shufersal
3760310290634	27	shufersal
3760310290658	27	shufersal
3760310290733	27	shufersal
3760310290740	27	shufersal
3760361770222	13	shufersal
3760415040011	13	shufersal
3760415040059	13	shufersal
3760415040066	13	shufersal
3760415040158	13	shufersal
3770000002492	13	shufersal
3770000002508	27	shufersal
3770000002676	13	shufersal
3770000002683	13	shufersal
3770000002690	27	shufersal
3770000002744	13	shufersal
3770000002874	27	shufersal
3770000016796	8	shufersal
3770004268207	27	shufersal
3770007317162	13	shufersal
3770007317186	13	shufersal
3770007317216	13	shufersal
3770009763646	13	shufersal
3770009763721	13	shufersal
3770009763745	27	shufersal
3770009763752	13	shufersal
3770009763776	13	shufersal
3770009763783	13	shufersal
3770009763790	13	shufersal
3770009763806	13	shufersal
3770009763837	13	shufersal
3770009763851	13	shufersal
3770009763905	13	shufersal
3770009763929	13	shufersal
3770009763936	13	shufersal
3770010279082	13	shufersal
3770010614005	13	shufersal
3770010614043	13	shufersal
3770010614210	13	shufersal
3770010614593	13	shufersal
3770010614616	13	shufersal
3770010614623	13	shufersal
3770010614692	13	shufersal
3770029045005	13	shufersal
3770029045012	13	shufersal
3770029045029	13	shufersal
3770029045043	13	shufersal
3770029045050	13	shufersal
3770029045067	13	shufersal
3778034	1	shufersal
3781065	5	shufersal
3781850	3	shufersal
379258	6	shufersal
37977005455	11	shufersal
38000138416	7	shufersal
38000138430	7	shufersal
38000138638	7	tiv_taam
3800020401552	7	shufersal
38000232152	19	shufersal
38000232176	19	shufersal
38000232183	19	shufersal
3800034972352	23	shufersal
3800034973175	23	shufersal
3800103433586	8	shufersal
3802548	22	shufersal
3802593	22	shufersal
3802623	22	shufersal
3803446	22	shufersal
3804320	5	shufersal
3804368	5	shufersal
3804382	5	shufersal
3805501	7	shufersal
3806591	15	shufersal
3838824127149	11	shufersal
3838824127163	11	shufersal
3838824127200	11	shufersal
3838824127224	11	shufersal
3838824127262	11	shufersal
3838824127286	11	shufersal
3838824127309	11	shufersal
3838824127361	11	shufersal
3838824127507	11	shufersal
3838824127644	11	shufersal
3838824128887	11	shufersal
3838824128948	11	shufersal
3838824129020	11	shufersal
3838824171180	11	shufersal
3838824171241	11	shufersal
3838824171289	11	shufersal
3838824171326	11	shufersal
3838824171401	11	shufersal
3838824171449	11	shufersal
3838824171524	11	shufersal
3838824171548	11	shufersal
3838824171562	11	shufersal
3838824171586	11	shufersal
3838824193915	11	shufersal
3838824240275	11	shufersal
3838824293356	11	shufersal
3838824380988	11	shufersal
3838824406626	11	shufersal
3838824414416	11	shufersal
3838824414454	11	shufersal
3838824414492	11	shufersal
3858887585205	8	shufersal
3864478	5	shufersal
3864485	5	shufersal
3864492	5	shufersal
3882922	19	shufersal
3890000781019	5	shufersal
3903955	7	shufersal
3911738	4	shufersal
3911752	4	shufersal
3917150	12	shufersal
3935390	9	shufersal
3936786	9	shufersal
3953011	12	shufersal
3953042	16	shufersal
3953073	9	shufersal
3953714	16	shufersal
3953721	15	shufersal
3976027	19	shufersal
3976058	19	shufersal
3976089	19	shufersal
3976096	19	shufersal
3987016	26	shufersal
3987191	26	shufersal
3989539	2	shufersal
3989553	2	shufersal
3993	17	shufersal
3996018	19	shufersal
3996049	1	shufersal
3996056	1	shufersal
3996063	1	shufersal
3996070	1	shufersal
3996087	1	shufersal
3996094	1	shufersal
3996100	1	shufersal
3996117	1	shufersal
3996124	1	shufersal
3996209	1	shufersal
3996254	1	shufersal
3996285	1	shufersal
3996292	1	shufersal
3996506	1	shufersal
3996513	1	shufersal
3996551	1	shufersal
3996568	1	shufersal
3996575	1	shufersal
3996742	1	shufersal
4000417013002	7	shufersal
4000417019004	7	shufersal
4000417025005	7	shufersal
4000417101211	7	shufersal
4000417101280	7	shufersal
4000417222008	7	shufersal
4000417224002	7	shufersal
4000417670915	7	shufersal
4000417708007	7	shufersal
4000539280726	7	shufersal
4000539280740	7	shufersal
4000539363108	7	shufersal
4001167832424	17	shufersal
4001167833674	17	shufersal
4001167834572	17	shufersal
4001167834848	17	shufersal
4001167835692	17	shufersal
4001167835784	17	shufersal
4001167835791	17	shufersal
4001167835883	17	shufersal
4001167835999	17	shufersal
4001167836033	17	shufersal
4001167836040	17	shufersal
4001167836651	17	shufersal
4001167836668	17	shufersal
4001167837115	17	shufersal
4001167838426	17	shufersal
4001638088039	12	shufersal
4001638088138	11	shufersal
4001638093620	11	shufersal
4001638095105	17	shufersal
4001638095112	17	shufersal
4001638095228	15	shufersal
4001638095235	15	shufersal
4001638095617	11	shufersal
4001638096522	11	shufersal
4001638096614	12	shufersal
4001638098014	15	shufersal
4001638098069	15	shufersal
4001638098090	15	shufersal
4001638098595	12	shufersal
4001638099226	12	shufersal
4001638099271	15	shufersal
4001638501491	12	shufersal
4001638501989	12	shufersal
4001638502368	12	shufersal
4001638526708	12	shufersal
4001638530095	17	shufersal
4001638530248	11	shufersal
4001638530378	15	shufersal
4001638580205	12	shufersal
4001638580229	12	shufersal
4001638580342	12	shufersal
4001638580519	15	shufersal
4001638580779	15	shufersal
4001638580793	14	shufersal
4001638588423	15	shufersal
4001638589598	12	shufersal
4001638589611	12	shufersal
4001638589659	12	shufersal
4001638590327	11	shufersal
4001638590426	11	shufersal
4001638590815	11	shufersal
4001638590822	11	shufersal
4001638590839	11	shufersal
4001638905305	11	shufersal
4001686322932	7	tiv_taam
4002448118831	16	shufersal
4002720005736	8	shufersal
4003626011999	16	shufersal
4004148057076	9	shufersal
4004666042004	19	shufersal
4004666111656	19	shufersal
40052403	7	shufersal
4005808128273	15	shufersal
4005808197637	11	shufersal
4005808222698	27	shufersal
4005808229390	15	shufersal
4005808366392	12	shufersal
4005808515554	11	shufersal
4005808571246	12	shufersal
4005808668847	12	shufersal
4005808670314	11	shufersal
4005808692569	12	shufersal
4005808811106	12	shufersal
4005808811700	12	shufersal
4005808812028	11	shufersal
4005808812875	11	shufersal
4005808812882	11	shufersal
4005808812899	11	shufersal
4005808813063	27	shufersal
4005808817405	27	shufersal
4005808827220	11	shufersal
4005808827336	11	shufersal
4005808837359	15	shufersal
4005808850723	12	shufersal
4005808866014	11	shufersal
4005808890507	11	shufersal
4005808890576	11	shufersal
4005808908585	15	shufersal
4005862029172	16	shufersal
4005862029196	16	shufersal
4005894325006	12	shufersal
4005900036445	17	tiv_taam
4005900036476	15	shufersal
4005900036483	27	shufersal
4005900036506	27	shufersal
4005900036568	15	shufersal
4005900111449	11	shufersal
4005900134271	11	shufersal
4005900274304	27	shufersal
4005900388513	15	shufersal
4005900416391	11	shufersal
4005900447579	11	shufersal
4005900447586	11	shufersal
4005900475978	11	shufersal
4005900485243	27	shufersal
4005900488459	15	shufersal
4005900494924	15	shufersal
4005900496331	12	shufersal
4005900513045	27	shufersal
4005900513069	27	shufersal
4005900525017	11	shufersal
4005900545688	11	shufersal
4005900547316	15	shufersal
4005900562029	12	shufersal
4005900562043	12	shufersal
4005900639554	15	shufersal
4005900661364	11	shufersal
4005900661371	11	shufersal
4005900712516	11	shufersal
4005900786968	11	shufersal
4005900786975	11	shufersal
4005900803283	11	shufersal
4005900816016	15	shufersal
4005900816108	27	shufersal
4005900833723	15	shufersal
4005900841148	27	shufersal
4005900845702	27	shufersal
4005900845733	27	shufersal
4005900864680	11	shufersal
4005900874931	27	shufersal
4005900874962	27	shufersal
4005900966254	11	shufersal
4005900966278	11	shufersal
4005900972248	11	shufersal
4005900972729	12	shufersal
4005900974563	12	shufersal
4005900974921	12	shufersal
4005900981714	11	shufersal
4005900994509	12	shufersal
4005900994523	12	shufersal
4006000011394	11	shufersal
4006000011400	11	shufersal
4006000026855	11	shufersal
4006000030678	11	shufersal
4006000044361	11	shufersal
4006000054810	11	shufersal
4006000066226	11	shufersal
4006000070278	11	shufersal
4006000072111	11	shufersal
4006000086705	11	shufersal
4006000086729	11	shufersal
4006000086743	11	shufersal
4006000086767	11	shufersal
4006000115863	11	shufersal
4006000128689	11	shufersal
4006000155081	11	shufersal
4006000173313	12	shufersal
4006000181318	11	shufersal
4006000200088	11	shufersal
4006387135362	8	shufersal
4006387135386	8	shufersal
4006387136017	8	shufersal
4006387142186	8	shufersal
4006387142209	8	shufersal
4006387144326	8	shufersal
4006387144715	8	shufersal
4006501030467	20	shufersal
4006501030832	20	shufersal
4006501031211	20	shufersal
4006501031242	20	shufersal
4006501031280	20	shufersal
4006501031464	20	shufersal
4006501031471	20	shufersal
4006501031501	20	shufersal
4006501031518	20	shufersal
4006501031556	20	shufersal
4006501117007	26	shufersal
4006501230300	20	shufersal
4006501230690	20	shufersal
4006501231208	20	shufersal
4006501231703	20	shufersal
4006501257710	20	shufersal
4006501257765	20	shufersal
4006501283368	20	shufersal
4006501285195	20	shufersal
4006501285201	20	shufersal
4006501285218	20	shufersal
4006501285416	20	shufersal
4006501285423	20	shufersal
4006501285430	20	shufersal
4006501285447	20	shufersal
4006501412508	26	shufersal
4006501415202	26	shufersal
4006501415226	26	shufersal
4006501451101	22	shufersal
4006501510006	26	shufersal
4006501510037	26	shufersal
4006501510167	26	shufersal
4006501510426	26	shufersal
4006501514257	26	shufersal
4006501515223	26	shufersal
4006501521019	26	shufersal
4006501521026	26	shufersal
4006501521200	26	shufersal
4006501555113	26	shufersal
4006501555120	26	shufersal
4006501555137	26	shufersal
4006501555151	26	shufersal
4006501564153	26	shufersal
4006501564214	26	shufersal
4006501567925	26	shufersal
4006501615046	20	shufersal
4006501615053	20	shufersal
4006501615060	20	shufersal
4006501615169	20	shufersal
4006501615213	20	shufersal
4006501638564	26	shufersal
4006501638670	26	shufersal
4006501638724	26	shufersal
4006501638809	26	shufersal
4006501638823	26	shufersal
4006501638847	26	shufersal
4006501638854	26	shufersal
4006501663085	20	shufersal
4006501724861	26	shufersal
4006501725653	26	shufersal
4006501725677	26	shufersal
4006501725776	26	shufersal
4006501727060	26	shufersal
4006501814135	26	shufersal
4006501814555	26	shufersal
4006501814562	26	shufersal
4006501815149	26	shufersal
4006501815293	26	shufersal
4006501815705	26	shufersal
4006501815897	26	shufersal
4006501816207	26	shufersal
4006501816214	26	shufersal
4006501816900	26	shufersal
4006501817204	26	shufersal
4006501820075	26	shufersal
4006501820082	26	shufersal
4006501825001	26	shufersal
4006501830401	26	shufersal
4006501830562	26	shufersal
4006501831002	26	shufersal
4006501832016	26	shufersal
4006501833051	26	shufersal
4006501833068	26	shufersal
4006501853592	26	shufersal
4006508203222	8	shufersal
4006508214501	8	shufersal
4006508218714	8	shufersal
4006508218721	8	shufersal
4006592073312	17	shufersal
4006592080907	17	shufersal
4006592080976	17	shufersal
4006592081980	17	shufersal
4006592087814	17	shufersal
4006592090159	17	shufersal
4006592092092	17	shufersal
4006592095925	17	shufersal
4006825410136	26	shufersal
4006825614022	26	shufersal
4006825619737	26	shufersal
4006825622539	26	shufersal
4006825625103	26	shufersal
4006825625301	26	shufersal
4007126001504	20	shufersal
4007126001559	20	shufersal
4007126017390	20	shufersal
4007126023926	26	shufersal
4007126023933	26	shufersal
4007126023940	26	shufersal
4007126023957	26	shufersal
4007126023964	26	shufersal
4007126023971	26	shufersal
4007126241702	26	shufersal
4007126241726	26	shufersal
4007126244260	20	shufersal
4007126355515	20	shufersal
4007126431004	26	shufersal
4007745058804	10	shufersal
4007745058811	10	shufersal
4007745058828	10	shufersal
4008287051032	8	shufersal
4008287058161	19	shufersal
4008287905786	8	shufersal
4008400170428	7	shufersal
4008400230726	7	tiv_taam
40084107	7	shufersal
4008496870592	26	shufersal
4008496974276	20	shufersal
4008600240655	16	shufersal
4008600240921	16	shufersal
4008600240976	16	shufersal
4008600242888	16	shufersal
4008600242895	16	shufersal
4008600338949	16	shufersal
4008600350101	16	shufersal
4008600362050	11	shufersal
4008600372363	11	shufersal
4008600372370	11	shufersal
4008600387169	11	shufersal
4008600387381	11	shufersal
4008600426981	16	shufersal
4008600438465	16	shufersal
4008600450207	16	shufersal
4008666210142	11	shufersal
4008666214829	11	shufersal
4008666215079	11	shufersal
4008666215178	11	shufersal
4008666219954	11	shufersal
4008666224613	11	shufersal
4008666224620	11	shufersal
4008838187777	22	shufersal
4008838232460	20	shufersal
4008838643105	20	shufersal
4008838917046	23	shufersal
4009215037425	20	shufersal
4009215037852	20	shufersal
4009215060010	20	shufersal
4009215060027	20	shufersal
4009215060034	20	shufersal
4009215060225	20	shufersal
4009215060232	20	shufersal
4009215060263	20	shufersal
4009215060331	20	shufersal
4009215061857	20	shufersal
4009215063059	20	shufersal
4009215065732	20	shufersal
4009215065879	20	shufersal
4009215085730	20	shufersal
4009215096019	20	shufersal
4009215098143	20	shufersal
4009215100624	20	shufersal
4009215163575	20	shufersal
4009215167177	20	shufersal
4009215182378	20	shufersal
4009215182699	20	shufersal
4009215185157	20	shufersal
4009300011040	8	shufersal
4009300011958	8	shufersal
4009300053163	8	shufersal
4009300522935	8	shufersal
4009300524588	8	shufersal
4009300524625	8	shufersal
4009300525684	8	shufersal
4009300526438	8	shufersal
4009300527909	8	shufersal
4009300530459	8	shufersal
4009900402965	7	shufersal
4009900403023	7	shufersal
4009900406918	7	tiv_taam
4009900412087	7	shufersal
4009900412117	7	shufersal
4009900420129	7	tiv_taam
4009900420198	7	shufersal
4009900426039	7	shufersal
4009900426121	7	shufersal
4009900460187	7	tiv_taam
4009900479998	7	shufersal
4009900482417	7	shufersal
4009900482967	19	shufersal
4009900492829	19	shufersal
4009900513791	19	shufersal
4009900514996	7	shufersal
4009900531122	7	tiv_taam
4009900536257	7	shufersal
4009900540551	7	shufersal
4009900546140	19	shufersal
4009900546164	19	shufersal
4009900552165	7	shufersal
4010160000921	10	shufersal
4010160001157	9	shufersal
4010160055709	9	shufersal
4010160055716	9	shufersal
4010160055723	9	shufersal
4010160055730	9	shufersal
4010160055761	9	shufersal
4010160055778	9	shufersal
4010160407478	9	shufersal
4011284	3	shufersal
4011291	3	shufersal
4011338	3	shufersal
4011345	3	shufersal
4011800000349	7	shufersal
4011800000738	7	shufersal
4011800003517	7	shufersal
4011800528416	7	shufersal
4011800567613	7	shufersal
4011800628512	7	shufersal
4011800630515	7	shufersal
4011800632519	7	shufersal
4011800633516	7	shufersal
4011800636517	7	shufersal
4011819	2	shufersal
4013162036172	19	shufersal
4013162036196	19	shufersal
4013162036219	19	shufersal
4013162036233	19	shufersal
4013162038282	19	shufersal
4013197767010	10	shufersal
4013197767027	10	shufersal
4013197767034	10	shufersal
4013197767119	10	shufersal
4013307385288	26	shufersal
4014400901191	7	shufersal
4014400904376	7	shufersal
4014400904390	7	shufersal
4014400907902	7	shufersal
4014400910063	7	shufersal
4014400914276	7	tiv_taam
4014400914696	7	shufersal
4014400914924	7	shufersal
4014400920857	7	shufersal
4014400923711	7	shufersal
4014400925319	7	shufersal
4014400930474	7	shufersal
40144016	7	shufersal
4015100325294	11	shufersal
4015100325355	11	shufersal
4015100438055	11	shufersal
4015100743050	11	shufersal
4015100813753	11	shufersal
4015100813777	11	shufersal
4015100814057	11	shufersal
4015100863536	27	shufersal
4015110038498	26	shufersal
4015400363033	15	shufersal
4015400563846	15	shufersal
4015400565574	15	shufersal
4015400612469	15	shufersal
4015576235493	8	shufersal
4015576236780	8	shufersal
4015600810849	27	shufersal
4015630084845	16	shufersal
4017100283390	7	shufersal
4017100283727	7	shufersal
4017100364112	7	tiv_taam
4018722344308	10	shufersal
4020400890014	10	shufersal
4020400890021	10	shufersal
4020400890038	10	shufersal
4020400890069	10	shufersal
4020400890083	10	shufersal
4020400890106	10	shufersal
4022025001905	8	shufersal
4022025261002	8	shufersal
4022167230300	16	shufersal
4022167652294	16	shufersal
4023041	6	shufersal
4023103083721	19	shufersal
4023103172036	19	shufersal
4023103185975	19	shufersal
4023103194113	19	shufersal
4023103195189	19	shufersal
4023103196506	19	shufersal
4023368008163	16	shufersal
4023368083047	16	shufersal
4023368240167	16	shufersal
4026883210141	20	shufersal
4026883210196	20	shufersal
4027600432020	26	shufersal
4027600434499	26	shufersal
40301	19	shufersal
4030100	8	shufersal
4030216	8	shufersal
4030223	8	shufersal
4030407	3	shufersal
4030544	8	shufersal
4030612	8	shufersal
4030810	8	shufersal
4030834	8	shufersal
40318	19	shufersal
4033361	17	shufersal
4033514	17	shufersal
4033521	17	shufersal
4033569	6	shufersal
4033583	17	shufersal
4033651	17	shufersal
4033712	17	shufersal
4033736	17	shufersal
4033750	17	shufersal
4037719065019	10	shufersal
4037719066986	10	shufersal
4037719068317	10	shufersal
4037719680212	10	shufersal
4042809511215	16	shufersal
4042809513141	16	shufersal
4042809514537	16	shufersal
4044889004571	10	shufersal
4044889004595	10	shufersal
4044889004625	10	shufersal
4045787068221	11	shufersal
4045787068245	11	shufersal
4045787068252	11	shufersal
4045787068290	11	shufersal
4045787068306	11	shufersal
4045787068320	11	shufersal
4045787068337	11	shufersal
4045787068375	11	shufersal
4045787068467	11	shufersal
4045787068498	11	shufersal
4045787068542	11	shufersal
4045787292510	11	shufersal
4045787464016	11	shufersal
4045787814170	11	shufersal
4045787815719	11	shufersal
4045787935998	11	shufersal
4045787936414	11	shufersal
4045787936452	11	shufersal
4045787936490	11	shufersal
4045787936612	11	shufersal
4045787936650	11	shufersal
4045787999327	11	shufersal
4045787999440	11	shufersal
4045787999488	11	shufersal
4045787999549	11	shufersal
4045787999655	11	shufersal
4045787999815	11	shufersal
4045787999839	11	shufersal
40462	17	shufersal
4048679	19	shufersal
4048882682477	15	shufersal
4053700288205	11	shufersal
4053700292455	11	shufersal
4054596686939	16	shufersal
4054596745780	16	shufersal
4054596746664	16	shufersal
4054596758742	16	shufersal
4054596760080	16	shufersal
4054596763043	16	shufersal
4054596879157	16	shufersal
4054596879188	16	shufersal
4054596879195	16	shufersal
4054596918320	16	shufersal
4056800733088	11	shufersal
4056800779208	11	shufersal
4056800867806	11	shufersal
4056800867844	11	shufersal
4056800868124	11	shufersal
4056800868285	11	shufersal
4056800868322	11	shufersal
4056800868681	11	shufersal
4056800943739	11	shufersal
4056800943791	11	shufersal
4059729028709	14	shufersal
4059729030542	14	shufersal
4059729032003	14	shufersal
4059729032539	14	shufersal
4059729034465	14	shufersal
4059729048622	14	shufersal
4059729049636	14	shufersal
4059729173362	14	shufersal
4059729191762	14	shufersal
4059729277206	14	shufersal
4059729281005	14	shufersal
4059729281975	14	shufersal
4059729312259	14	shufersal
4059729312532	14	shufersal
4059729331786	14	shufersal
4059729355553	14	shufersal
4059729356239	14	shufersal
4059729356673	14	shufersal
4059729358899	14	shufersal
4059729358936	14	shufersal
4059729359094	14	shufersal
4059729375575	14	shufersal
4059729375612	14	shufersal
4059729376046	14	shufersal
4059729376749	14	shufersal
4059729393784	14	shufersal
4059729397744	14	shufersal
4059729401427	14	shufersal
4059729401540	14	shufersal
4059729401748	14	shufersal
4059729419576	14	shufersal
4059729419606	14	shufersal
4059729419767	14	shufersal
4059729444592	14	shufersal
4059729444929	14	shufersal
4059729445230	14	shufersal
4059729445414	14	shufersal
4059729487933	14	shufersal
4059729514974	14	shufersal
4059729515018	14	shufersal
4059729515216	14	shufersal
4059729515476	14	shufersal
4059729515490	14	shufersal
4059729515513	14	shufersal
4059729515537	14	shufersal
4061445096689	8	shufersal
4061445096702	8	shufersal
4061445096726	8	shufersal
4062400170307	8	shufersal
4063016	5	shufersal
4064099	5	shufersal
4064174	5	shufersal
4064181	5	shufersal
4064297	5	shufersal
4064303	5	shufersal
4064389	5	shufersal
4064666232379	11	shufersal
4064666232409	11	shufersal
4064666232416	11	shufersal
4064666518145	11	shufersal
4064941006985	14	shufersal
4064941007067	14	shufersal
4064941008347	14	shufersal
4064941009108	14	shufersal
4064941009559	14	shufersal
4064941009740	14	shufersal
4064941033578	14	shufersal
4064941048947	14	shufersal
4064941078081	14	shufersal
4064941088790	14	shufersal
4064941111719	13	shufersal
4064941112686	14	shufersal
4064941118923	14	shufersal
4064941130680	14	shufersal
4064941136712	14	shufersal
4064941153238	14	shufersal
4064941155904	14	shufersal
4064941156840	13	shufersal
4064941175339	14	shufersal
4064941615118	14	shufersal
4066600601920	8	shufersal
4066600999614	8	shufersal
4067700014849	8	shufersal
4068011	3	shufersal
4068028	17	shufersal
4068035	17	shufersal
4068172	3	shufersal
4068424	3	shufersal
4068585	3	shufersal
4078263	11	shufersal
4078270	19	shufersal
4078942	15	shufersal
408316	17	shufersal
408354	17	shufersal
4084500065598	11	shufersal
4084500088917	19	shufersal
4084500739253	15	shufersal
4084500853553	19	shufersal
4086900100084	12	shufersal
4086900100428	12	shufersal
4086900100466	12	shufersal
4086900100534	12	shufersal
4086900100572	12	shufersal
4086900100589	12	shufersal
4086900100640	12	shufersal
4086900100756	12	shufersal
4086900101432	12	shufersal
4086900102026	12	shufersal
4086900105683	12	shufersal
4086900105706	12	shufersal
4086900200074	12	shufersal
4086900200098	12	shufersal
4086900200111	12	shufersal
4086900200302	12	shufersal
4086900990012	12	shufersal
4086900990333	12	shufersal
40974	3	shufersal
4100130937163	8	shufersal
4103255	15	shufersal
4103972	11	shufersal
4104139	17	shufersal
4104306	16	shufersal
4104511	16	shufersal
4104719	16	shufersal
4105120062436	8	shufersal
4105120623941	8	shufersal
4105120624412	8	shufersal
4119133	3	shufersal
4120061	3	shufersal
4122119	3	shufersal
4122195	17	shufersal
4122270	17	shufersal
4122348	17	shufersal
41224700062	10	shufersal
41224700260	5	shufersal
41224700925	10	shufersal
4122676	3	shufersal
4122683	19	shufersal
412481	19	shufersal
4124847	3	shufersal
4125370	3	shufersal
4125400	16	shufersal
4125417	16	shufersal
4125455	16	shufersal
4125509	3	shufersal
4125578	3	shufersal
4125585	3	shufersal
4125721	3	shufersal
4125738	3	shufersal
4125776	17	shufersal
4126674	17	shufersal
4126872	3	shufersal
4127077	3	shufersal
4127329	17	shufersal
4127336	17	shufersal
4127800	17	shufersal
4127862	17	shufersal
4128432	3	shufersal
4129101	17	shufersal
4129118	17	shufersal
4129156	17	shufersal
4130794	3	shufersal
4131074	16	shufersal
4132552	3	shufersal
4132712	19	shufersal
4133511	17	shufersal
4135119	3	shufersal
4135225	17	shufersal
4136598	7	shufersal
4136857	3	shufersal
4137021	3	shufersal
4137311	17	shufersal
41390010309	5	shufersal
41445	17	shufersal
41452	17	shufersal
41501519455	19	shufersal
41554220186	14	shufersal
416021	5	shufersal
416045	5	shufersal
416618	5	shufersal
4170097	19	shufersal
4170103	19	shufersal
4170141	19	shufersal
4170479	17	shufersal
41858	3	shufersal
419107	8	shufersal
4193201	4	shufersal
4199203	15	shufersal
4199784	19	shufersal
4199791	19	shufersal
4199807	19	shufersal
42015	16	shufersal
42079125	16	shufersal
42079132	16	shufersal
42079149	16	shufersal
4210201045267	20	shufersal
4210201057093	20	shufersal
4210201186595	26	shufersal
4210201277361	15	shufersal
4210201320470	26	shufersal
4210201339564	20	shufersal
4210201388661	26	shufersal
4210201409199	15	shufersal
4210201413103	26	shufersal
4210201423386	11	shufersal
4210201427124	15	shufersal
4211125679156	17	shufersal
4211125795337	16	shufersal
4219079	5	shufersal
4219277	5	shufersal
4219505	5	shufersal
4225278	3	shufersal
4225285	3	shufersal
4225377	19	shufersal
42269915	11	shufersal
4228804	19	shufersal
4229740	3	shufersal
42299363	27	shufersal
4230333	19	shufersal
4230364	19	shufersal
4230371	19	shufersal
4230944	19	shufersal
42411	16	shufersal
4242005447282	20	shufersal
4242005521159	20	shufersal
42429401	19	shufersal
42435	16	shufersal
4248376	16	shufersal
4250032211103	26	shufersal
4250032211950	26	shufersal
4250032212506	26	shufersal
4250032212513	26	shufersal
4250032212582	26	shufersal
4250032222284	26	shufersal
4250032222413	26	shufersal
4250032223007	26	shufersal
4250032223045	26	shufersal
4250032223052	26	shufersal
4250032330026	26	shufersal
4250035228290	14	shufersal
4250035288188	14	shufersal
4250098504034	16	shufersal
4250338474363	14	shufersal
4250338474400	14	shufersal
4250587723588	14	shufersal
4250587723779	14	shufersal
4250587754278	14	shufersal
4250947562277	14	shufersal
4250947598283	14	shufersal
4250947598290	14	shufersal
4250947598368	14	shufersal
4251232217605	14	shufersal
4251232217766	14	shufersal
4251232227369	14	shufersal
4251232253689	14	shufersal
4251232282931	14	shufersal
4251232284348	14	shufersal
4260147890537	5	shufersal
4263652	19	shufersal
4267124	7	shufersal
4267209	7	shufersal
4267230	7	shufersal
4267513	7	shufersal
4267520	7	shufersal
4267704	7	shufersal
4270049	17	shufersal
4270964	16	shufersal
4270988	11	shufersal
42855	3	shufersal
431680	2	shufersal
4323882	2	shufersal
4324605	17	shufersal
4329969	2	shufersal
433103	8	shufersal
433110	8	shufersal
4339173	19	shufersal
4339401	19	shufersal
4339425	3	shufersal
4339432	2	shufersal
4339456	2	shufersal
4339463	2	shufersal
4339692	2	shufersal
4339784	19	shufersal
4351199	16	shufersal
4351212	16	shufersal
436203	7	shufersal
43814	16	shufersal
43890	17	shufersal
43917001005	26	shufersal
43917021461	26	shufersal
43917047904	26	shufersal
43917047997	26	shufersal
43917048895	26	shufersal
43944	3	shufersal
442044	15	shufersal
442266	11	shufersal
442280	16	shufersal
44248	17	shufersal
4464851	11	shufersal
446547	5	shufersal
446714	5	shufersal
4470890	26	shufersal
44712	3	shufersal
4480219	3	shufersal
4480363	3	shufersal
4480479	3	shufersal
44880	3	shufersal
4494384	8	shufersal
4504120	6	shufersal
4504632	6	shufersal
4504649	6	shufersal
4504656	6	shufersal
4504670	6	shufersal
4504687	6	shufersal
4511428200010	11	shufersal
453019	3	shufersal
453125	3	shufersal
4532130	7	shufersal
453231	5	shufersal
453248	5	shufersal
453255	5	shufersal
453309	5	shufersal
453316	5	shufersal
4533213040816	11	shufersal
4533213680814	11	shufersal
453408	19	shufersal
453415	19	shufersal
453422	19	shufersal
453439	2	shufersal
453446	5	shufersal
453453	5	shufersal
453538	5	shufersal
453859	3	shufersal
453866	3	shufersal
453880	3	shufersal
453897	3	shufersal
4543455522056	20	shufersal
4543455550004	20	shufersal
4548186	16	shufersal
4548346	16	shufersal
4548681	16	shufersal
4548736132580	26	shufersal
4548736132597	26	shufersal
4548736134294	26	shufersal
4548736142374	26	shufersal
4548736142428	26	shufersal
4548736142817	26	shufersal
4548736143012	26	shufersal
4548736143272	26	shufersal
4548736143487	26	shufersal
4548736143548	26	shufersal
4548736146129	26	shufersal
4548736146136	26	shufersal
4548736146143	26	shufersal
4548736147843	26	shufersal
4548736156432	26	shufersal
4548736157088	26	shufersal
4548736157095	26	shufersal
4548736157101	26	shufersal
4548736157118	26	shufersal
4548736157934	26	shufersal
4548736158337	26	shufersal
4548736158382	26	shufersal
4548736164161	26	shufersal
4548736164215	26	shufersal
4548736164260	26	shufersal
4548736164314	26	shufersal
4548736164574	26	shufersal
4548736164581	26	shufersal
4548736164598	26	shufersal
4548736164994	26	shufersal
4548736165007	26	shufersal
4548736166189	26	shufersal
4548736167506	26	shufersal
4548736167698	26	shufersal
4548736174924	26	shufersal
4548858	16	shufersal
4549350	7	shufersal
4549526241642	26	shufersal
4549526319228	26	shufersal
4554354	2	shufersal
4554903	2	shufersal
45580	17	shufersal
4559854	16	shufersal
4574871	26	shufersal
45771	3	shufersal
4584351	17	shufersal
4584528	17	shufersal
4585907	3	shufersal
4600659010854	8	shufersal
46020	16	shufersal
4603400000043	8	shufersal
4603514009277	8	shufersal
4603766426075	7	shufersal
4603766426105	7	shufersal
4605246003516	8	shufersal
4605246003523	8	shufersal
4605246003585	8	shufersal
4605246003738	8	shufersal
4605246004278	8	shufersal
4605246004322	8	shufersal
4605246004339	8	shufersal
4605246004353	8	shufersal
4605246009969	8	shufersal
4605246017537	8	shufersal
4605246017544	8	shufersal
4605246017551	8	shufersal
4605246017865	8	shufersal
4605246017896	8	shufersal
4605246017926	8	shufersal
4607001414445	5	shufersal
4607001414452	5	shufersal
4607002994328	5	shufersal
4607012351005	7	shufersal
4607012351999	7	shufersal
4610028130052	8	shufersal
4610274540018	7	shufersal
4610274540032	7	shufersal
46136	16	shufersal
461625	7	shufersal
461656	7	shufersal
461700	7	shufersal
461724	7	shufersal
46181	16	shufersal
462059	17	shufersal
46214731552	7	shufersal
46214930207	7	shufersal
462172	19	shufersal
462226	17	shufersal
46327	17	shufersal
4634001	25	shufersal
4634186	25	shufersal
4634896	26	shufersal
4639006	2	shufersal
4640018993398	19	shufersal
4645106	2	shufersal
4645137	2	shufersal
4645175	2	shufersal
4645267	2	shufersal
4645328	2	shufersal
4645533	2	shufersal
4645540	2	shufersal
4645632	2	shufersal
4645694	2	shufersal
4645748	2	shufersal
4645823	2	shufersal
4645830	2	shufersal
4645885	2	shufersal
46563	3	shufersal
4658953	8	shufersal
46688100502	11	shufersal
467153	4	shufersal
467320	4	shufersal
4685010	17	shufersal
4685027	17	shufersal
4685089	17	shufersal
4685126	17	shufersal
4685157	17	shufersal
4685195	17	shufersal
4685201	17	shufersal
4685225	6	shufersal
4685430	6	shufersal
4685447	17	shufersal
4685478	17	shufersal
4685492	6	shufersal
469638	19	shufersal
4710068001692	3	shufersal
4710068001715	3	shufersal
4710068001739	3	shufersal
4710068006239	3	shufersal
4711387795118	26	shufersal
4713106720128	16	shufersal
4713106720135	16	shufersal
4713106720159	16	shufersal
4715139000666	16	shufersal
4715139501279	16	shufersal
4715139501538	16	shufersal
4715896110165	25	shufersal
4715896200033	25	shufersal
4716873840167	26	shufersal
4716873840228	26	shufersal
4716873840273	26	shufersal
4719003401917	16	shufersal
4725426	16	shufersal
4725600	3	shufersal
4737443	5	shufersal
4737719	5	shufersal
4740098001683	19	shufersal
4740098098331	19	shufersal
4740098098355	19	shufersal
4740098098379	19	shufersal
4740098098393	19	shufersal
4744131011189	8	shufersal
4744131011196	8	shufersal
4744131011202	8	shufersal
4744131011684	8	shufersal
4744131014265	8	shufersal
4744131015309	8	shufersal
474502	17	shufersal
474540	3	shufersal
474830	3	shufersal
4750616000593	5	shufersal
4750616001651	5	shufersal
47546	3	shufersal
4760151	12	shufersal
4760175	12	shufersal
4760205	12	shufersal
4760281	12	shufersal
4760298	12	shufersal
4760304	12	shufersal
4760311	12	shufersal
4760335	12	shufersal
4760373	12	shufersal
4760427	12	shufersal
4760601	12	shufersal
4760700	12	shufersal
4760731	12	shufersal
4760953	12	shufersal
4770166223204	19	shufersal
4770166223242	19	shufersal
4770166224324	19	shufersal
4770237049443	2	shufersal
4770237049450	2	shufersal
4770237059404	3	tiv_taam
4770237060523	2	shufersal
4770237060561	2	shufersal
4770265214752	3	tiv_taam
4770301230821	8	shufersal
4770301232023	8	shufersal
4770301234935	8	shufersal
4770301234973	8	shufersal
4770301235338	8	shufersal
4770577229062	1	shufersal
4779045920371	3	shufersal
4779045920395	3	shufersal
4782375	26	shufersal
4782610	26	shufersal
4782726	26	shufersal
4782733	26	shufersal
4782856	26	shufersal
4790752	22	shufersal
4790875	22	shufersal
4790936	22	shufersal
4792032060454	10	shufersal
4793000637005	10	shufersal
4793000637012	10	shufersal
4800888209368	27	shufersal
4800888209382	15	shufersal
4800888209405	27	shufersal
4800888209429	27	shufersal
4800888219510	15	shufersal
4800888219527	15	shufersal
4800888219534	15	shufersal
4800888219541	15	shufersal
4810168000011	4	shufersal
4810168000998	4	shufersal
4810168001056	4	shufersal
4810168024512	4	shufersal
4810168038977	2	shufersal
4810168038984	2	shufersal
4810168039004	2	shufersal
4810168045432	2	shufersal
4810168057435	4	shufersal
4810168057510	4	shufersal
4810168058975	4	shufersal
4810168058982	4	shufersal
4810168058999	4	shufersal
4810168060121	4	shufersal
4810168060183	4	shufersal
4810168060190	19	shufersal
4810168060268	2	shufersal
4810168061487	4	shufersal
4810168061494	19	shufersal
4810168062170	2	tiv_taam
4810168062187	2	shufersal
4810168062194	2	shufersal
4810168062200	2	shufersal
4810168062217	2	shufersal
4810168062224	2	shufersal
4810168062231	2	shufersal
4810168062644	4	shufersal
4810168062651	4	shufersal
4810168064068	4	shufersal
4810168064075	4	shufersal
4810168064174	4	shufersal
4810168064181	4	shufersal
4810168064198	4	shufersal
4810168064204	4	shufersal
4810168064211	4	shufersal
4810168064228	4	shufersal
4810168065324	2	shufersal
4810168067489	4	shufersal
4810168067496	4	shufersal
4810168067915	4	shufersal
4810168069018	2	shufersal
481029	17	shufersal
481043	17	shufersal
481180	6	shufersal
481197	6	shufersal
481531	17	shufersal
48185	17	shufersal
481883	17	shufersal
4820000190985	8	shufersal
4820005192946	7	shufersal
4820005193059	7	shufersal
4820005193073	7	shufersal
4820005193097	7	shufersal
4820005194124	7	shufersal
4820005195848	7	shufersal
4820005198597	7	shufersal
4820026702001	5	shufersal
4820034600870	5	shufersal
4820075504694	7	tiv_taam
4820077161659	2	shufersal
4820077161666	2	shufersal
4820077161673	2	shufersal
4820077161680	2	shufersal
4820077161734	19	shufersal
4820077161741	19	shufersal
4820077161833	19	shufersal
4820077161918	2	shufersal
4820077161932	2	shufersal
4820077161956	2	tiv_taam
4820077162014	2	shufersal
4820077162199	2	tiv_taam
4820077162212	2	shufersal
4820077162243	2	shufersal
4820077162274	2	shufersal
4820077162298	19	shufersal
4820077162311	19	shufersal
4820077162335	19	shufersal
4820077162427	2	shufersal
4820077162441	2	shufersal
4820077162472	2	shufersal
4820077162496	2	shufersal
4820077162502	2	shufersal
4820154723428	2	shufersal
4820154723442	2	shufersal
4820154727938	2	shufersal
4820180816552	7	shufersal
4820180816576	7	shufersal
4820180816590	7	shufersal
4820193035759	8	shufersal
4820193037128	8	shufersal
4820217240114	3	shufersal
4820229031229	8	shufersal
4820229031281	8	shufersal
4820229031311	8	shufersal
4820249751275	2	shufersal
4820249751411	2	shufersal
4820249751435	2	shufersal
4820249751459	2	shufersal
4820249751473	2	shufersal
4820249751541	2	shufersal
4820249751565	2	shufersal
4823065726656	3	tiv_taam
4823077602863	7	shufersal
4823077604478	7	tiv_taam
4823077608513	7	shufersal
4823077612732	7	shufersal
4823077613630	7	shufersal
4823077614675	7	shufersal
4823077614699	7	shufersal
4823077617041	7	shufersal
4823077618161	7	shufersal
4823077623684	7	shufersal
4823077623714	7	shufersal
4823077624223	7	shufersal
4823077624247	7	shufersal
4823077624261	7	shufersal
4823077625589	7	shufersal
4823077625626	7	shufersal
4823077626203	7	shufersal
4823077626227	7	shufersal
4823077626364	7	shufersal
4823077630057	3	shufersal
4823077631856	7	shufersal
4823077632112	7	shufersal
4823077632259	7	shufersal
4823077633034	7	shufersal
4823077633317	7	shufersal
4823077633324	7	shufersal
4823077634222	19	shufersal
4823077634246	19	shufersal
4823077634277	19	shufersal
4823077635519	7	shufersal
4823077635557	7	shufersal
4823077636097	7	tiv_taam
4823077636172	7	shufersal
4823077636400	7	shufersal
4823077639852	7	shufersal
4823077640988	7	shufersal
4823077641312	7	shufersal
4823077641367	7	shufersal
4823077643064	3	shufersal
4823077646270	7	shufersal
4823077646294	7	shufersal
4823077648106	7	shufersal
4823077648113	7	shufersal
4823097809785	2	shufersal
4823097809808	2	shufersal
4823097809815	2	shufersal
4823097810019	2	shufersal
4823097811887	2	shufersal
4823097812273	2	shufersal
4823097813607	19	shufersal
4823097814062	2	shufersal
4823097815359	2	shufersal
4823097815878	2	shufersal
4823097816745	2	shufersal
4823097816752	2	shufersal
4823097818428	2	tiv_taam
4823097818442	2	shufersal
4823097908518	5	shufersal
483139	5	shufersal
483412	5	shufersal
4840008001199	7	shufersal
4840008001205	7	shufersal
4840008008624	7	shufersal
48413	3	shufersal
4846602	2	shufersal
4846695	2	shufersal
4846763	2	shufersal
4846909	2	shufersal
4846916	2	shufersal
4846923	2	shufersal
484747	8	shufersal
4860019001346	8	shufersal
4860019001414	8	shufersal
4861025	3	shufersal
4861056	3	shufersal
4861063	3	shufersal
4861070	19	shufersal
4861261	3	shufersal
4861285	3	shufersal
4861315	3	shufersal
4861360	3	shufersal
4891228304478	27	shufersal
4891228313920	27	shufersal
4893993300259	17	shufersal
4893993300310	17	shufersal
4893993300396	17	shufersal
4893993305322	17	shufersal
4893993305339	17	shufersal
4893993305353	17	shufersal
4893993312047	17	shufersal
4893998810005	17	shufersal
4893998812061	17	shufersal
4893998816007	17	shufersal
4893998818018	17	shufersal
4893998820004	17	shufersal
4893998823012	17	shufersal
4893998850070	17	shufersal
4893998853019	17	shufersal
4893998886055	17	shufersal
4893998886116	17	shufersal
4893998888011	17	shufersal
4893998888028	17	shufersal
4893998888066	17	shufersal
4893998890014	17	shufersal
4893998890021	17	shufersal
4893998890038	17	shufersal
4893998890144	17	shufersal
4893998890151	17	shufersal
4893998891004	17	shufersal
4893998910002	17	shufersal
4893998950015	17	shufersal
4895038542327	17	shufersal
4895038542365	17	shufersal
4895038547834	11	shufersal
4895038551435	17	shufersal
4895091300391	20	shufersal
4895091300407	20	shufersal
4895091300827	20	shufersal
4895091300834	8	shufersal
4895091303576	20	shufersal
4895091303583	19	shufersal
4895216279724	23	shufersal
4895216279755	23	shufersal
4895216279793	23	shufersal
4895218314546	20	shufersal
4895218314560	20	shufersal
4895218314577	20	shufersal
4895218314645	20	shufersal
4895218314669	20	shufersal
4895218314683	20	shufersal
4895218314706	20	shufersal
4895218314720	20	shufersal
4895218314751	20	shufersal
4895218314775	19	shufersal
4895218314799	19	shufersal
4895218314812	19	shufersal
4895218318117	19	shufersal
4895218318131	19	shufersal
4895218318179	19	shufersal
4895218318193	19	shufersal
4895218318216	19	shufersal
4895218318230	19	shufersal
4895218318254	20	shufersal
4895218318278	20	shufersal
4895218318315	20	shufersal
4895218321223	20	shufersal
4895218327997	19	shufersal
4897105241638	17	shufersal
4897105241706	17	shufersal
4897105243557	17	shufersal
4897105243908	17	shufersal
4897105244004	17	shufersal
4897105244240	17	shufersal
4897105244462	17	shufersal
4897105245568	17	shufersal
4901601464474	20	shufersal
4901601464481	20	shufersal
4901601464498	20	shufersal
4901601477719	20	shufersal
4903001904192	5	shufersal
4903001925784	5	shufersal
490601	2	shufersal
490762	2	shufersal
493176	5	shufersal
493183	5	shufersal
4933074	9	shufersal
4933227	9	shufersal
4935421733090	12	shufersal
4936968887734	11	shufersal
4939182	2	shufersal
4939601	2	shufersal
4939724	2	shufersal
4943691000521	20	shufersal
4943691001054	20	shufersal
4943691201294	20	shufersal
4943691222015	20	shufersal
4943691237293	20	shufersal
4943691402394	20	shufersal
4943691703484	20	shufersal
4943691705488	20	shufersal
4943691711489	20	shufersal
4943691714480	20	shufersal
4943691736017	20	shufersal
4943691746009	20	shufersal
4943691749000	20	shufersal
4943691750006	20	shufersal
4943691757005	20	shufersal
4943691758002	20	shufersal
4943691793003	20	shufersal
4943691802484	20	shufersal
4943691804488	20	shufersal
4943691805485	20	shufersal
4943691809483	20	shufersal
4943691821485	20	shufersal
4943691836014	20	shufersal
4943691846006	20	shufersal
4943691877000	20	shufersal
4943691878007	20	shufersal
4943691880000	20	shufersal
4943691884008	20	shufersal
4943691892003	20	shufersal
4943691920492	20	shufersal
494616	8	shufersal
494777	8	shufersal
4952136	5	shufersal
4952785	6	shufersal
4952792	6	shufersal
4960999617008	26	shufersal
4960999641522	26	shufersal
4960999641539	26	shufersal
4960999974491	26	shufersal
4960999974514	26	shufersal
4960999974521	26	shufersal
497044	6	shufersal
497112	17	shufersal
497136	6	shufersal
497204	17	shufersal
497228	17	shufersal
497358	6	shufersal
4974019576640	26	shufersal
497426	17	shufersal
497532	6	shufersal
497570	17	shufersal
4975769484001	26	shufersal
4976002	11	shufersal
4976654130331	20	shufersal
4976654951110	20	shufersal
497722824098	11	shufersal
498003	17	shufersal
498034	17	shufersal
4982355	3	shufersal
4982393	3	shufersal
498430	6	shufersal
4987176231543	15	shufersal
50000015474	18	shufersal
50000084500	18	shufersal
50000100347	18	shufersal
50000103867	18	shufersal
50000168583	18	shufersal
50000170180	18	shufersal
50000225224	18	shufersal
50000237951	18	shufersal
50000238910	18	shufersal
50000292592	18	shufersal
50000292615	18	shufersal
50000426447	18	shufersal
50000426942	18	shufersal
50000428946	18	shufersal
50000429042	18	shufersal
50000429240	18	shufersal
50000429448	18	shufersal
50000429646	18	shufersal
50000429844	18	shufersal
50000429943	18	shufersal
50000434640	18	shufersal
50000445691	18	shufersal
50000543519	18	shufersal
50000543533	18	shufersal
50000543557	18	shufersal
50000543571	18	shufersal
50000543595	18	shufersal
50000574414	18	shufersal
50000575800	18	shufersal
50000577965	18	shufersal
50000577972	18	shufersal
50000577989	18	shufersal
50000578238	18	shufersal
50000660728	18	shufersal
5000108478119	7	shufersal
5000146980322	11	shufersal
5000157143365	5	shufersal
5000159555692	7	shufersal
5000159557498	7	shufersal
5000159557689	7	shufersal
5000159558792	7	shufersal
5000159559461	7	shufersal
5000159559485	7	shufersal
5000159560498	7	shufersal
5000159560511	7	shufersal
5000159561228	7	shufersal
5000159561907	7	shufersal
5000159561921	7	shufersal
5000159561945	7	shufersal
5000159561976	7	shufersal
5000159567350	7	shufersal
5000159606240	7	shufersal
5000189363069	7	shufersal
5000204048742	19	shufersal
5000204133509	17	shufersal
5000204151022	19	tiv_taam
5000204366938	19	shufersal
5000204657913	19	shufersal
5000213000359	8	shufersal
5000213014905	8	shufersal
5000219009295	8	shufersal
5000219023772	8	shufersal
5000267014203	8	shufersal
5000267024202	8	shufersal
5000277001019	8	shufersal
5000289925440	8	shufersal
5000299223031	8	shufersal
5000299609347	8	shufersal
5000396021202	7	shufersal
5000488000566	9	shufersal
5000488003000	9	shufersal
5000488104400	9	shufersal
5000488107531	9	shufersal
5000488108422	9	shufersal
5000488109481	9	shufersal
5000488303865	9	shufersal
5000488304343	9	shufersal
5000488304350	9	shufersal
5000488304701	9	shufersal
5008481	27	shufersal
5010029000061	7	shufersal
5010029229394	7	shufersal
5010029229417	7	shufersal
5010038454831	8	shufersal
5010182997918	19	shufersal
5010182998861	19	shufersal
5010327000046	8	shufersal
5010327399614	8	shufersal
5010415471840	11	shufersal
5010415478269	11	shufersal
5010415478276	11	shufersal
5010415478283	11	shufersal
5010415478290	11	shufersal
5010415478313	11	shufersal
5010415510013	22	shufersal
5010415700087	11	shufersal
5010494990300	8	shufersal
5010494990393	8	shufersal
5010622005012	17	tiv_taam
5010677551281	8	shufersal
5010677551397	8	shufersal
5010677552387	8	shufersal
5010677554398	8	shufersal
5010677714006	8	shufersal
5010677850100	8	shufersal
5010677860208	8	shufersal
5010677870207	8	shufersal
5010724000328	11	shufersal
5010724000434	11	shufersal
5010724526798	15	shufersal
5010724527375	15	shufersal
5010724527481	15	shufersal
5010934001795	11	shufersal
5010934001849	11	shufersal
5010934001856	11	shufersal
5010934002174	11	shufersal
5011007003005	8	shufersal
5011026108033	8	shufersal
5011157630281	5	shufersal
5011402122400	26	shufersal
5011402155729	26	shufersal
5011408027976	11	shufersal
5011408027990	11	shufersal
5011408028034	11	shufersal
5011408040791	11	shufersal
5011417547885	19	shufersal
5011417567258	16	shufersal
5011417567623	16	shufersal
5011417567647	16	shufersal
5011417567685	16	shufersal
5011417571781	16	shufersal
5011417576885	16	shufersal
5011417576908	16	shufersal
5011423191324	20	shufersal
5011423204987	20	shufersal
5011666070707	17	shufersal
5011666731097	17	shufersal
5011666735354	17	shufersal
5011666737723	17	shufersal
5011832064745	20	shufersal
5012251008631	12	shufersal
5012251012256	12	shufersal
5012251013000	11	shufersal
5012251013536	11	shufersal
5012583201885	11	shufersal
5012583210900	11	shufersal
5012909006156	11	shufersal
5014271004266	5	shufersal
5014271004280	5	shufersal
5014271300429	5	shufersal
5014271310428	5	shufersal
5014271330426	5	shufersal
5014271350424	5	shufersal
5014271360423	9	tiv_taam
5014271370422	5	shufersal
5014271400426	5	shufersal
5014271560427	5	shufersal
5015259005121	16	shufersal
5015259007002	16	shufersal
5015259007552	16	shufersal
5015259007750	16	shufersal
5016221012437	15	shufersal
5016221012499	15	shufersal
5016351614433	26	shufersal
5018357006731	10	shufersal
5018357006755	10	shufersal
5020162	8	shufersal
5020346	8	shufersal
5020465202769	12	shufersal
5021791005499	17	shufersal
5024546366609	8	shufersal
5025155088081	26	shufersal
5025155094259	26	shufersal
5025155116630	26	shufersal
5025232885169	26	shufersal
5025232918959	26	shufersal
5025232918973	26	shufersal
5025970023342	27	shufersal
5028763004344	15	shufersal
5028965678077	26	shufersal
5028965678091	26	shufersal
5028965828076	26	shufersal
5028965836736	26	shufersal
5028965836750	26	shufersal
5028965847534	26	shufersal
5028965847916	20	shufersal
5028965862117	26	shufersal
5029053002408	19	shufersal
5029053510811	15	shufersal
5029053510828	15	shufersal
5029053523446	15	shufersal
5029053527598	17	tiv_taam
5029053527604	17	shufersal
5029053534589	15	shufersal
5029053534596	15	shufersal
5029053534602	15	shufersal
5029053535210	15	shufersal
5029053535227	15	shufersal
5029053535234	15	shufersal
5029053538426	11	shufersal
5029053574110	17	shufersal
5029053574158	17	shufersal
5029053579986	19	shufersal
5029736033699	17	shufersal
5029736033736	17	shufersal
5031720010036	16	shufersal
5032227721845	26	shufersal
5035048051962	26	shufersal
5035048103678	26	shufersal
5035048494042	26	shufersal
5035048494967	26	shufersal
5035048639801	26	shufersal
5035048639955	26	shufersal
5035048645444	26	shufersal
5035048677124	26	shufersal
5035048704219	26	shufersal
5035048706923	26	shufersal
5035048710043	26	shufersal
5035048730515	26	shufersal
5035048733844	26	shufersal
5035048737279	26	shufersal
5035048821787	26	shufersal
5035048832752	26	shufersal
5035766060253	8	shufersal
5037028232576	15	shufersal
5037028250778	15	shufersal
5037028258835	15	shufersal
5037028261255	15	shufersal
5037028264072	15	shufersal
5037028268964	12	shufersal
5037028271223	23	shufersal
5037028271964	12	shufersal
5037028272008	12	shufersal
5037028272589	15	shufersal
5037028273586	12	shufersal
5037028273623	15	shufersal
5037028273678	15	shufersal
5037028278260	15	shufersal
5037028278284	15	shufersal
5037028278291	15	shufersal
5037028278307	15	shufersal
5038061105964	26	shufersal
5038061134094	26	shufersal
5038061135688	26	shufersal
5038061144017	26	shufersal
5038061154795	26	shufersal
5038135533006	20	shufersal
5038135533808	20	shufersal
5038483683224	11	shufersal
5038483863336	11	shufersal
5038483957394	16	shufersal
504278	19	shufersal
5052197038002	16	shufersal
5052197038033	16	shufersal
5052197038125	16	shufersal
5054131052747	17	shufersal
5054131054505	17	shufersal
5054131054512	17	shufersal
5054131054543	17	shufersal
5054131056554	17	shufersal
5054131057087	17	shufersal
5054131058527	17	shufersal
5054131058602	17	shufersal
5054563204226	15	shufersal
5054563205667	15	shufersal
5055966800220	8	shufersal
5056002603911	13	shufersal
5056585802329	16	shufersal
5056663802289	27	shufersal
5056663802340	27	shufersal
5056784900970	8	shufersal
5060000001426	26	shufersal
5060000001464	26	shufersal
5060000003765	26	shufersal
5060000003772	26	shufersal
5060000004496	26	shufersal
5060000005127	26	shufersal
5060000005417	26	shufersal
5060000007480	26	shufersal
5060000008753	21	shufersal
5060000008760	26	shufersal
5060000017618	26	shufersal
5060000020076	20	shufersal
5060000020083	20	shufersal
5060000020717	26	shufersal
5060000022544	20	shufersal
5060000024586	26	shufersal
5060000042924	8	shufersal
5060000044553	26	shufersal
5060000045413	22	shufersal
5060000045468	20	shufersal
5060000046403	20	shufersal
5060000046410	20	shufersal
5060000047882	26	shufersal
5060000048162	26	shufersal
5060000049206	26	shufersal
5060000049213	26	shufersal
5060000049343	20	shufersal
5060000049374	26	shufersal
5060000049404	23	shufersal
5060000049497	22	shufersal
5060000049503	22	shufersal
5060000049510	22	shufersal
5060000049640	22	shufersal
5060000049657	22	shufersal
5060000049664	22	shufersal
5060000049671	22	shufersal
5060000049688	22	shufersal
5060000049695	22	shufersal
5060000050523	20	shufersal
5060000050554	26	shufersal
5060000050622	20	shufersal
5060000050677	20	shufersal
5060000051667	26	shufersal
5060000051674	26	shufersal
5060000052466	20	shufersal
5060000052626	20	shufersal
5060000052800	22	shufersal
5060000052961	26	shufersal
5060000053050	20	shufersal
5060000053548	22	shufersal
5060000073249	26	shufersal
5060000077681	26	shufersal
5060000082159	20	shufersal
5060000087208	26	shufersal
5060000119374	20	shufersal
5060001480008	22	shufersal
5060001480015	22	shufersal
5060001480022	22	shufersal
5060001480039	22	shufersal
5060001480046	22	shufersal
5060001480053	22	shufersal
5060001480060	22	shufersal
5060001480077	22	shufersal
5060001480084	22	shufersal
5060001480091	20	shufersal
5060001480114	20	shufersal
5060001480121	22	shufersal
5060001480138	22	shufersal
5060001480145	20	shufersal
5060001480152	20	shufersal
5060006581205	16	shufersal
5060062990003	11	shufersal
5060062992557	11	shufersal
5060062992588	11	shufersal
5060062999327	17	shufersal
5060062999693	11	shufersal
5060062999723	11	shufersal
5060062999754	11	shufersal
5060103310012	13	shufersal
5060103310029	13	shufersal
5060103310036	13	shufersal
5060103310043	13	shufersal
5060103310678	13	shufersal
5060103310685	13	shufersal
5060103310692	13	shufersal
5060103310807	13	shufersal
5060103310814	13	shufersal
5060103310821	13	shufersal
5060158592388	11	shufersal
5060158592807	11	shufersal
5060200000434	26	shufersal
5060200007259	23	shufersal
5060238284615	13	shufersal
5060238284653	13	shufersal
5060238286084	13	shufersal
5060238288552	13	shufersal
5060252161077	25	shufersal
5060252162173	25	shufersal
5060319120078	8	shufersal
5060319120115	8	shufersal
5060319120153	8	shufersal
5060370919239	13	shufersal
5060412110181	13	shufersal
5060412110198	13	shufersal
5060412110204	13	shufersal
5060412110235	27	shufersal
5060412110242	27	shufersal
5060412110259	27	shufersal
5060412110266	27	shufersal
5060412110273	13	shufersal
5060412110488	13	shufersal
5060412110525	13	shufersal
5060412110532	13	shufersal
5060412110549	27	shufersal
5060412110617	13	shufersal
5060412110686	13	shufersal
5060412110693	27	shufersal
5060412110709	27	shufersal
5060412110716	27	shufersal
5060412110808	27	shufersal
5060412110815	27	shufersal
5060412111003	27	shufersal
5060412111041	13	shufersal
5060412111058	13	shufersal
5060412111065	13	shufersal
5060412111157	13	shufersal
5060426150005	13	shufersal
5060451730036	11	shufersal
5060451730159	12	shufersal
5060451730166	15	shufersal
5060451730173	15	shufersal
5060451730180	15	shufersal
5060451730296	12	shufersal
5060451730487	12	shufersal
5060451730685	12	shufersal
5060451730982	12	shufersal
5060451731019	12	shufersal
5060451731231	11	shufersal
5060451731330	12	shufersal
5060477670002	3	shufersal
5060500000707	22	shufersal
5060500002367	26	shufersal
5060500002435	22	shufersal
5060500002459	22	shufersal
5060524510749	27	shufersal
5060524510909	27	shufersal
5060524511272	13	shufersal
5060524511296	13	shufersal
5060524511494	27	shufersal
5060569671337	8	shufersal
5060569671351	8	shufersal
5060639128051	8	shufersal
5060639129102	8	tiv_taam
5060671000124	8	tiv_taam
5060713139355	21	shufersal
5060713139416	21	shufersal
5060713139423	26	shufersal
5060713139584	22	shufersal
5060713139591	21	shufersal
5060713139904	22	shufersal
5060713140047	21	shufersal
5060713140061	21	shufersal
5060713140078	21	shufersal
5060713140085	21	shufersal
5060713140092	21	shufersal
5060713140108	21	shufersal
5060713140115	21	shufersal
5060713140139	21	shufersal
5060713140191	8	shufersal
5060713140207	26	shufersal
5060713140269	21	shufersal
5060713140276	26	shufersal
5060713140283	26	shufersal
5060713140306	26	shufersal
5060713140320	26	shufersal
5060713140337	26	shufersal
5060713140368	26	shufersal
5060713140412	20	shufersal
5060713140429	20	shufersal
5060713140443	26	shufersal
5060713140450	21	shufersal
5060713140771	21	shufersal
5060713140801	21	shufersal
5060713140818	20	shufersal
5060713140825	26	shufersal
5060713140832	8	shufersal
5060713140849	8	shufersal
5060713141129	26	shufersal
5060713141143	20	shufersal
5060713141174	24	shufersal
5060713141280	20	shufersal
5060713141303	20	shufersal
5060713141402	21	shufersal
5060713141433	26	shufersal
5060713141440	26	shufersal
5060713141457	26	shufersal
5060713141464	26	shufersal
5060713141471	26	shufersal
5060713141488	26	shufersal
5060713141495	26	shufersal
5060713141501	26	shufersal
5060713141518	26	shufersal
5060713141525	26	shufersal
5060713141532	26	shufersal
5060713141549	22	shufersal
5060713141556	25	shufersal
5060713141594	26	shufersal
5060713141662	21	shufersal
5060713141679	21	shufersal
5060713141686	21	shufersal
5060713141693	21	shufersal
5060713142010	22	shufersal
5060713142027	22	shufersal
5060713142034	22	shufersal
5060713142041	22	shufersal
5060713142058	22	shufersal
5060713142065	22	shufersal
5060713142072	22	shufersal
5060713142089	22	shufersal
5060713142119	26	shufersal
5060713142201	26	shufersal
5060713142218	26	shufersal
5060713142331	20	shufersal
5060713142348	21	shufersal
5060713142355	21	shufersal
5060751218173	8	shufersal
5060751219033	8	shufersal
5060896625249	8	shufersal
5061013942249	8	shufersal
5061013944991	8	shufersal
5061013948364	8	shufersal
506111	17	shufersal
50614653	9	shufersal
50614813	9	shufersal
5065000323868	25	shufersal
5065000323875	25	shufersal
5065000323882	25	shufersal
5065000323943	25	shufersal
5065000323950	25	shufersal
5065000323967	25	shufersal
5065000323974	25	shufersal
5065000323998	25	shufersal
5065000324001	25	shufersal
5065000324018	25	shufersal
5065000324025	25	shufersal
5065000324049	25	shufersal
5065000324056	25	shufersal
5065000324209	25	shufersal
5065000324216	25	shufersal
5065000324223	25	shufersal
5065000324230	25	shufersal
5065000324254	25	shufersal
5065000324285	25	shufersal
5065000324308	25	shufersal
5065000324469	25	shufersal
5065000324476	25	shufersal
5065000324520	25	shufersal
5065000324544	25	shufersal
5065000324605	25	shufersal
5065000324650	25	shufersal
5065000324674	25	shufersal
5065000324681	25	shufersal
5065000324773	25	shufersal
5065000326142	25	shufersal
5065000326159	25	shufersal
5065000326258	25	shufersal
5065000326272	25	shufersal
5065000326289	25	shufersal
5065000326296	27	shufersal
5065000326333	27	shufersal
5065000326340	27	shufersal
5065000326463	25	shufersal
5065000326470	25	shufersal
5065000326487	25	shufersal
5065000326494	25	shufersal
5065000326500	25	shufersal
5065000326555	25	shufersal
5065000326562	25	shufersal
5065000326623	25	shufersal
5065000326630	25	shufersal
5065000326647	25	shufersal
5065000326685	25	shufersal
5065000326692	25	shufersal
5065000326777	25	shufersal
5065000326814	25	shufersal
5065000327811	25	shufersal
50743173073	17	shufersal
50743640957	17	shufersal
50743643095	17	shufersal
5079290	3	shufersal
5079412	3	shufersal
5079658	3	shufersal
5079665	3	shufersal
5079672	3	shufersal
5082146	6	shufersal
5082979	6	shufersal
5095122	5	shufersal
5095245	19	shufersal
5095313	19	shufersal
5095405	19	shufersal
5095443	19	shufersal
5095467	19	shufersal
5095474	19	shufersal
5095481	19	shufersal
5095498	19	shufersal
5095573	8	shufersal
5095801	5	shufersal
5095931	19	shufersal
5095948	23	shufersal
5099864006377	11	shufersal
5099864006384	11	shufersal
5099864006391	11	shufersal
5099864015577	11	shufersal
5099864015614	11	shufersal
5099864015638	11	shufersal
5099873001370	8	shufersal
5099873006351	8	shufersal
5099873017623	8	shufersal
5099873038758	8	shufersal
5111761	18	shufersal
51131000162	16	shufersal
51131566606	16	shufersal
51131995253	16	shufersal
51131995260	16	shufersal
51131997172	16	shufersal
5113222	5	shufersal
51307	7	shufersal
51352	3	shufersal
515014	5	shufersal
515106	5	shufersal
5155655440048	21	shufersal
5155655440055	21	shufersal
5155655440062	21	shufersal
5155655470434	21	shufersal
5155655471004	22	shufersal
5155655471356	22	shufersal
5155655472308	26	shufersal
5155655472315	26	shufersal
5155655472322	22	shufersal
5155655472339	26	shufersal
5155655474166	22	shufersal
5155655474210	19	shufersal
5155655474920	19	shufersal
5155655475033	21	shufersal
5155655475040	21	shufersal
5155655475071	21	shufersal
5155655478911	22	shufersal
5155655479512	21	shufersal
518176	19	shufersal
518220	10	shufersal
518251	19	shufersal
518336	19	shufersal
5200133120926	7	tiv_taam
5200133120933	7	shufersal
5200133120971	7	shufersal
5200786	19	shufersal
5201003110702	8	shufersal
5201004022325	7	shufersal
5201004023360	7	shufersal
5201100872602	11	shufersal
5201100872640	11	shufersal
5201143757461	11	shufersal
5201178045373	12	shufersal
5201178801030	11	shufersal
5201178801047	11	shufersal
5201178801054	11	shufersal
5201261201532	19	shufersal
5201263087189	15	shufersal
5201263087196	15	shufersal
5201263838804	15	shufersal
5201263838811	15	shufersal
5201263868924	15	shufersal
5201263868931	15	shufersal
5201263868955	15	shufersal
5201263868962	15	shufersal
5201314180333	11	shufersal
5201314180340	11	shufersal
5201882	8	shufersal
5201940010110	19	shufersal
5202300042932	11	shufersal
5202300043007	11	shufersal
5202300043069	11	shufersal
5202300043151	11	shufersal
5202300043175	11	shufersal
5202300043182	11	shufersal
5202300043199	11	shufersal
5202300043274	11	shufersal
5202300043281	11	shufersal
5202300043298	11	shufersal
5202300043601	11	shufersal
5202300045834	11	shufersal
5202390020407	3	shufersal
5202390021121	3	shufersal
5202390021510	3	shufersal
5202413007019	8	shufersal
5202865006653	22	shufersal
5202865006899	26	shufersal
5202865006943	22	shufersal
5202865007063	22	shufersal
5202865007759	26	shufersal
5202865008015	22	shufersal
5202865008022	26	shufersal
5202865008039	22	shufersal
5202865008688	22	shufersal
5203819014205	8	shufersal
5208049015268	8	shufersal
5208049015329	8	shufersal
5208049015350	8	shufersal
5208106003047	4	shufersal
5208106003108	4	shufersal
5208106007762	4	shufersal
5208106007786	4	shufersal
521008	8	shufersal
521015	8	shufersal
521022	8	shufersal
5214002966119	27	shufersal
521404	8	shufersal
521411	8	shufersal
522319	16	shufersal
522326	3	shufersal
522340	3	shufersal
52311	17	shufersal
523125	5	shufersal
523224	5	shufersal
523514	5	shufersal
523804	5	shufersal
523811	5	shufersal
525969	8	shufersal
52600751219	17	shufersal
52600751233	5	shufersal
5287206	19	shufersal
5287251	5	shufersal
5287930	5	shufersal
529424	8	shufersal
5296260	19	shufersal
529783	8	shufersal
529790	8	shufersal
529851	8	shufersal
530024	17	shufersal
530048	17	shufersal
530062	17	shufersal
530086	17	shufersal
530116	17	shufersal
530178	17	shufersal
530260	17	shufersal
530291	17	shufersal
530369	17	shufersal
530444	17	shufersal
530468	4	shufersal
530598	4	shufersal
530703	17	shufersal
531410	17	shufersal
5317194	19	shufersal
5317200	19	shufersal
53219	3	shufersal
532400	17	shufersal
532585	17	shufersal
532721	17	shufersal
53279262	12	shufersal
534718	17	shufersal
534800	17	shufersal
5358067	2	shufersal
5358890	2	shufersal
536743	19	shufersal
5375033	26	shufersal
5375071	26	shufersal
5375194	26	shufersal
537566	19	shufersal
537603	4	shufersal
5380020	16	shufersal
5380358	16	shufersal
5380389	16	shufersal
5380440	16	shufersal
5380471	16	shufersal
5380488	16	shufersal
5380495	16	shufersal
5380501	16	shufersal
5380587	16	shufersal
5380594	16	shufersal
5380600	16	shufersal
5380617	16	shufersal
5380648	16	shufersal
5380693	16	shufersal
5380716	16	shufersal
5380723	16	shufersal
5380730	16	shufersal
5380747	16	shufersal
5380785	16	shufersal
5380969	16	shufersal
5380976	16	shufersal
538099	17	shufersal
5381010	16	shufersal
5381027	16	shufersal
5381041	16	shufersal
5381058	16	shufersal
5381157	16	shufersal
5381188	16	shufersal
5381201	16	shufersal
5381225	16	shufersal
5381232	16	shufersal
5381355	16	shufersal
5381607	16	shufersal
5381621	11	shufersal
5381720	16	shufersal
5381751	16	shufersal
5381850	16	shufersal
5381867	16	shufersal
5381898	16	shufersal
5381911	16	shufersal
5384356	3	shufersal
5384899	5	shufersal
5390946060660	17	shufersal
5391523057929	17	tiv_taam
5391523057936	17	tiv_taam
5391523057943	11	shufersal
5391535340163	25	shufersal
5391535340330	25	shufersal
5391535341016	25	shufersal
5397184660942	26	shufersal
540160	10	shufersal
54051140	10	shufersal
54051157	10	shufersal
5410091648176	15	shufersal
5410091678043	11	shufersal
5410091708955	11	shufersal
5410091728588	15	shufersal
5410091767334	11	shufersal
5410103161617	11	shufersal
5410126006049	7	shufersal
5410126116953	5	shufersal
5410126406061	7	shufersal
5410126726244	7	shufersal
5410126726947	5	shufersal
5410126806250	7	tiv_taam
5410228169604	8	shufersal
5410228217732	8	shufersal
5410228222941	8	shufersal
5410228267515	8	shufersal
5410233510545	7	shufersal
5410291021991	5	shufersal
5410316959810	8	tiv_taam
5410316994019	8	shufersal
5410769100081	8	shufersal
5410769800097	8	shufersal
5411081003654	8	shufersal
5411081008192	8	shufersal
5411081010508	8	shufersal
5411188081852	10	shufersal
5411188094159	10	shufersal
5411188096108	9	tiv_taam
5411188110835	10	shufersal
5411188112709	10	shufersal
5411188115434	10	shufersal
5411188115472	10	shufersal
5411188124689	3	shufersal
5411188127697	3	shufersal
5411188129899	10	shufersal
5411188134985	3	shufersal
5411188135005	3	shufersal
5411188140146	3	shufersal
5411188300328	10	shufersal
5411188513483	3	shufersal
5411188543398	10	shufersal
5411681038001	8	shufersal
5412533419702	19	tiv_taam
5413121356737	7	tiv_taam
5413149655522	19	shufersal
5413184105556	20	shufersal
5413184105624	20	shufersal
5413184120757	20	shufersal
5413184120764	20	shufersal
5413184909130	20	shufersal
5413184909147	20	shufersal
5413548040479	7	shufersal
5413548280189	7	shufersal
5416262	3	shufersal
5416279	3	shufersal
5416415	3	shufersal
5416491	3	shufersal
5418716	11	shufersal
5423369	12	shufersal
5423635	19	shufersal
5423734	19	shufersal
5423918	19	shufersal
5425012533264	12	shufersal
5425012533981	12	shufersal
5425646	19	shufersal
5426940	19	shufersal
5427619	11	shufersal
5430602	19	shufersal
5431883	3	shufersal
5431890	3	shufersal
5431906	3	shufersal
5431913	3	shufersal
5431920	3	shufersal
5431937	3	shufersal
5431968	3	shufersal
5481031	26	shufersal
5481048	26	shufersal
5481086	20	shufersal
5481123	20	shufersal
5481147	20	shufersal
5481154	20	shufersal
5481161	20	shufersal
5481208	20	shufersal
5481239	20	shufersal
5481246	20	shufersal
5481277	20	shufersal
54881003988	8	shufersal
54881006958	8	shufersal
54881017855	8	shufersal
5500688	11	shufersal
551159	2	shufersal
552569	19	shufersal
552927	2	shufersal
552934	2	shufersal
552989	2	shufersal
55329	17	shufersal
55336	17	shufersal
55343	17	shufersal
55350	16	shufersal
55369902564	10	shufersal
554402	3	shufersal
554457	3	shufersal
554471	3	shufersal
554532	3	shufersal
554600	19	shufersal
554624	3	shufersal
554655	3	shufersal
554686	3	shufersal
554754	3	shufersal
554792	3	shufersal
554815	19	shufersal
554822	3	shufersal
554839	3	shufersal
554921	3	shufersal
554952	19	shufersal
554969	3	shufersal
554976	3	shufersal
554983	3	shufersal
554990	3	shufersal
55500012046	19	tiv_taam
5559037	22	shufersal
5559044	22	shufersal
5559709	2	shufersal
5559990	19	shufersal
5579073	26	shufersal
5579103	26	shufersal
5579554	20	shufersal
5579691	26	shufersal
5579714	26	shufersal
5580093	26	shufersal
5580260	26	shufersal
5580376	20	shufersal
5580963	20	shufersal
5587825	12	shufersal
5600874372279	18	shufersal
5601036205534	11	shufersal
5601036205541	11	shufersal
5601036205558	11	shufersal
5601036205572	11	shufersal
5601036205589	11	shufersal
5601036205596	11	shufersal
5601036205602	11	shufersal
5601036205626	11	shufersal
5601036205657	11	shufersal
5601036205664	11	shufersal
5601036205688	11	shufersal
5601036205695	11	shufersal
5601036205725	11	shufersal
5601036206418	11	shufersal
5604449959100	18	shufersal
560533	27	shufersal
560540	27	shufersal
560557	27	shufersal
5608246625015	18	shufersal
5609039	4	shufersal
5609138	4	shufersal
5609145	4	shufersal
5609336	4	shufersal
5609343	4	shufersal
5609480	4	shufersal
5609510	4	shufersal
5610127	1	shufersal
5650024	21	shufersal
5650086	21	shufersal
5650093	21	shufersal
5650109	26	shufersal
5650123	26	shufersal
5650161	21	shufersal
5650178	21	shufersal
5650208	20	shufersal
5650239	26	shufersal
5650307	26	shufersal
5650376	26	shufersal
5650390	21	shufersal
5650406	21	shufersal
5650512	21	shufersal
5650550	23	shufersal
5650581	26	shufersal
5650680	26	shufersal
5650734	21	shufersal
5650901	21	shufersal
5650956	20	shufersal
5650994	21	shufersal
5651069	18	shufersal
5651427	18	shufersal
565362851139	11	shufersal
5678318	1	shufersal
5680052	15	shufersal
56845	16	shufersal
5686405	1	shufersal
5686436	1	shufersal
56951	3	shufersal
5700005048391	25	shufersal
5700006002293	19	shufersal
5701912006870	7	tiv_taam
5701912007730	7	tiv_taam
5701932026964	19	shufersal
5701932026971	7	shufersal
5701932026995	7	shufersal
5702016199055	17	shufersal
5702016364675	17	shufersal
5702016911114	17	shufersal
5702017184265	17	shufersal
5702017185217	17	shufersal
5702017416663	17	shufersal
5702017567570	17	shufersal
5702017583488	17	shufersal
5702017583495	17	shufersal
5702017583808	17	shufersal
5702017583976	17	shufersal
5702017584522	17	shufersal
5702017599113	17	shufersal
5702017719689	17	shufersal
5702017719696	17	shufersal
5702017783741	17	shufersal
5702017812489	17	shufersal
5702017812496	17	shufersal
5702017812533	17	shufersal
5702017812540	17	shufersal
5702017812649	17	shufersal
5702017812779	17	shufersal
5702017813967	17	shufersal
5702017814193	17	shufersal
5702017814643	17	shufersal
5702017814650	17	shufersal
5702017814667	17	shufersal
5702017814674	17	shufersal
5702017814681	17	shufersal
5702017814698	17	shufersal
5702017815275	17	shufersal
5702017815343	17	shufersal
5702017815404	17	shufersal
5702017815411	17	shufersal
5702017815428	17	shufersal
5702017815435	17	shufersal
5702017815442	17	shufersal
5702017815466	17	shufersal
5702017815473	17	shufersal
5702017815480	17	shufersal
5702017815510	17	shufersal
5702017815527	17	shufersal
5702017815534	17	shufersal
5702017815626	17	shufersal
5702017815633	17	shufersal
5702017815657	17	shufersal
5702017815664	17	shufersal
5702017815725	17	shufersal
5702017815862	17	shufersal
5702017815909	17	shufersal
5702017816043	17	shufersal
5702017816067	17	shufersal
5702017816074	17	shufersal
5702017816081	17	shufersal
5702017816098	17	shufersal
5702017816104	17	shufersal
5702017816111	17	shufersal
5702017816128	17	shufersal
5702017816135	17	shufersal
5702017816159	17	shufersal
5702017816166	17	shufersal
5702017816173	17	shufersal
5702017816180	17	shufersal
5702017816364	17	shufersal
5702017818757	17	shufersal
5702017822211	17	shufersal
5702017822228	17	shufersal
5702017822389	17	shufersal
5702017824291	17	shufersal
5702017824307	17	shufersal
5702017829241	17	shufersal
5702017849966	17	shufersal
5702017864457	17	shufersal
5702017901213	17	shufersal
5702018031759	17	shufersal
5702018031858	17	shufersal
5702018031865	17	shufersal
5702018031896	17	shufersal
5702018031902	17	shufersal
5702018031919	17	shufersal
5702018031926	17	shufersal
5702018031933	17	shufersal
5702018031971	17	shufersal
5702018031988	17	shufersal
5702018032022	17	shufersal
5702018033982	17	shufersal
5702018033999	17	shufersal
5702018034071	17	shufersal
5702018054734	17	shufersal
5702018054741	17	shufersal
5702018054758	17	shufersal
5702018054772	17	shufersal
5702018054826	17	shufersal
5702018054833	17	shufersal
5702018054840	17	shufersal
5702018054895	17	shufersal
5702018055236	17	shufersal
5702018055267	17	shufersal
5702018055670	17	shufersal
5702018055700	17	shufersal
5702018055748	17	shufersal
5702018055755	17	shufersal
5702018055786	17	shufersal
5702018055809	17	shufersal
5702018055823	17	shufersal
5702018055847	17	shufersal
5702018055854	17	shufersal
5702018055861	17	shufersal
5702018055892	17	shufersal
5702018055977	17	shufersal
5702018055984	17	shufersal
5702018055991	17	shufersal
5702018056011	17	shufersal
5702018056028	17	shufersal
5702018056035	17	shufersal
5702018056042	17	shufersal
5702018056059	17	shufersal
5702018056066	17	shufersal
5702018056592	17	shufersal
5702018056608	17	shufersal
5702018056813	17	shufersal
5702018056820	17	shufersal
5702018056837	17	shufersal
5702018056844	17	shufersal
5702018056899	17	shufersal
5702018056905	17	shufersal
5702018056950	17	shufersal
5702018056967	17	shufersal
5702018060391	17	shufersal
5702018060414	17	shufersal
5702018061770	17	shufersal
5702018061794	17	shufersal
5702018061800	17	shufersal
5702018061817	17	shufersal
5702018061831	17	shufersal
5702018061848	17	shufersal
5702018061855	17	shufersal
5702018062760	17	shufersal
5702018062982	17	shufersal
5702018063071	17	shufersal
5702018063149	17	shufersal
5702018063194	17	shufersal
5702018063262	17	shufersal
5702018063392	17	shufersal
5702018063576	17	shufersal
5702018063583	17	shufersal
5702018063590	17	shufersal
5702018063866	17	shufersal
5702018063880	17	shufersal
5702018063897	17	shufersal
5702018066782	17	shufersal
5702018067048	17	shufersal
5702018067499	17	shufersal
5702018067949	17	shufersal
5702018068182	17	shufersal
5702018068205	17	shufersal
5702018068212	17	shufersal
5702018068229	17	shufersal
5702018068243	17	shufersal
5702018068267	17	shufersal
5702018068373	17	shufersal
5702018068397	17	shufersal
5702018068403	17	shufersal
5702018068410	17	shufersal
5702018069356	17	shufersal
5702018069516	17	shufersal
5702018069530	17	shufersal
5702018069547	17	shufersal
5702018069561	17	shufersal
5702018069592	17	shufersal
5702018069615	17	shufersal
5702018069622	17	shufersal
5702018069660	17	shufersal
5702018091593	17	shufersal
5702018213780	17	shufersal
5706860525275	15	shufersal
5708614903568	25	shufersal
5708614904329	25	shufersal
5708614908891	25	shufersal
57088	17	shufersal
5709455920042	11	shufersal
5709903009312	11	shufersal
5710840210013	8	shufersal
571119	3	shufersal
571126	3	shufersal
57118	17	shufersal
571188	3	shufersal
5711953106583	17	shufersal
5711953106590	17	shufersal
5711953106606	17	shufersal
5711953160363	3	shufersal
5711953160370	3	shufersal
5711953160387	3	shufersal
5712590000487	13	shufersal
5712590000500	13	shufersal
5712590000630	13	shufersal
5712590000920	13	shufersal
5712590001071	13	shufersal
5712590001088	13	shufersal
5712590001095	27	shufersal
5712598000014	13	shufersal
5712598000045	13	shufersal
5712598000052	13	shufersal
5712598000328	13	shufersal
571294	3	shufersal
5712980000097	27	shufersal
5712980000165	13	shufersal
5712980000196	13	shufersal
5712980000226	27	shufersal
5712980000295	13	shufersal
5712980000332	27	shufersal
57132	17	shufersal
5713795020072	11	shufersal
5713795110162	11	shufersal
5713795110209	11	shufersal
5713795110216	11	shufersal
5713795110247	11	shufersal
5713795110285	11	shufersal
5713795110490	11	shufersal
5713795198764	11	shufersal
5713795198795	11	shufersal
5713795198856	11	shufersal
5713795198948	11	shufersal
5713795200610	11	shufersal
5713795200665	11	shufersal
5713795200757	11	shufersal
5713795200771	11	shufersal
5713795200962	11	shufersal
5713795201013	11	shufersal
5713795204663	11	shufersal
5713795210015	11	shufersal
5713795214839	11	shufersal
5713795221264	11	shufersal
5713795221271	11	shufersal
5713795221585	11	shufersal
5713795221592	11	shufersal
5713795229161	11	shufersal
5713795229222	11	shufersal
5713795229246	11	shufersal
5713795229260	11	shufersal
5713795230167	11	shufersal
5713795231072	11	shufersal
5713795231669	11	shufersal
5713795231706	11	shufersal
5713795250875	11	shufersal
5713795259687	11	shufersal
5713795259724	11	shufersal
5713795265220	11	shufersal
5713795265237	11	shufersal
5713795265244	11	shufersal
5713795265268	11	shufersal
5713795265275	11	shufersal
5713795265282	11	shufersal
5713795265299	11	shufersal
5713795265305	11	shufersal
5713795265312	11	shufersal
5713795265329	11	shufersal
5713795265336	11	shufersal
5713795265343	11	shufersal
5713795265428	11	shufersal
5713795265435	11	shufersal
5713795265442	11	shufersal
5713795265466	11	shufersal
5713795265473	11	shufersal
5713795265480	11	shufersal
5713795276479	11	shufersal
5713795276493	11	shufersal
5713795276516	11	shufersal
5713795276578	11	shufersal
571386	3	shufersal
571478	3	shufersal
57149	17	shufersal
5717048	16	shufersal
5717161	12	shufersal
5717376	12	shufersal
5717413	9	shufersal
5717451	12	shufersal
5717543	9	shufersal
5717567	9	shufersal
5717635	9	shufersal
5717703	9	shufersal
5717727	9	shufersal
5718021	6	shufersal
5718038	6	shufersal
572	1	shufersal
572628	10	shufersal
574035	17	shufersal
5740900403215	3	shufersal
5740900403222	3	shufersal
5740900403239	3	shufersal
5740900403246	3	shufersal
5740900403253	3	shufersal
5740900403260	3	shufersal
574141	17	shufersal
574172	17	shufersal
574370	17	shufersal
574455	17	shufersal
574615	6	shufersal
574622	6	shufersal
574646	6	shufersal
5756795	4	shufersal
5776007	11	shufersal
5776014	11	shufersal
5776021	11	shufersal
5776038	11	shufersal
5776045	11	shufersal
5776052	15	shufersal
5776090	11	shufersal
5776137	15	shufersal
5776151	11	shufersal
5776175	15	shufersal
5776182	11	shufersal
5776250	15	shufersal
5776465	11	shufersal
5776472	11	shufersal
58030	19	shufersal
58047	16	shufersal
5838002	19	shufersal
5838613	17	shufersal
5838972	17	shufersal
5839078	17	shufersal
5839108	17	shufersal
5839313	3	shufersal
58449450030	7	shufersal
58449450047	7	shufersal
58449779032	5	shufersal
58449860020	5	shufersal
58449860037	5	shufersal
58449870241	5	shufersal
5896439	8	shufersal
5896453	8	shufersal
5900020012814	7	shufersal
5900020015174	7	shufersal
5900020020710	7	shufersal
5900020020741	7	shufersal
5900020022325	7	shufersal
5900020029669	7	shufersal
5900020031877	7	shufersal
5900020033314	7	shufersal
5900020034021	7	shufersal
5900020034991	7	shufersal
5900020036407	7	shufersal
5900020039590	7	shufersal
5900020047915	7	shufersal
5900352002576	7	tiv_taam
5900627027020	11	shufersal
5900717161092	11	shufersal
5900717169104	11	shufersal
5900717169135	11	shufersal
5900717169142	11	shufersal
5900717729612	12	shufersal
5900717729735	12	shufersal
5900717767829	12	shufersal
5900717767867	12	shufersal
5900717767874	12	shufersal
5900717972841	11	shufersal
5900951140303	19	shufersal
5900951307249	19	shufersal
5900951310379	7	shufersal
5900951316227	7	shufersal
5900951316272	7	shufersal
5900951321016	7	tiv_taam
5901041003003	8	shufersal
5901234123457	14	shufersal
5901350423691	14	shufersal
5901414200411	7	shufersal
5901576058585	4	shufersal
5901576058608	4	shufersal
5901576059483	4	shufersal
5901576059490	4	shufersal
5901691817319	11	shufersal
5901691817326	11	shufersal
5901691835108	11	shufersal
5901691835115	11	shufersal
5901691853706	11	shufersal
5901691853713	11	shufersal
5901691853805	11	shufersal
5901691853829	11	shufersal
5901691853843	11	shufersal
5901691876866	11	shufersal
5901691876873	11	shufersal
5901691876880	11	shufersal
5901691876897	11	shufersal
5901691880221	11	shufersal
5901691880238	11	shufersal
5901691884281	11	shufersal
5901691884298	11	shufersal
5901691884304	11	shufersal
5901691884311	11	shufersal
5901691884328	11	shufersal
5901691888371	11	shufersal
5901691888388	11	shufersal
5901691888395	11	shufersal
5901691888401	11	shufersal
5901691890312	11	shufersal
5901691890367	11	shufersal
5901691890435	11	shufersal
5901691890459	11	shufersal
5901691890480	11	shufersal
5901691890497	11	shufersal
5901691890510	11	shufersal
5901691890527	11	shufersal
5901691890534	11	shufersal
5901761962581	11	shufersal
5901761962598	11	shufersal
5901761962604	11	shufersal
5901761962611	11	shufersal
5901761981056	11	shufersal
5901761985443	11	shufersal
5901867816641	8	shufersal
5901887049258	11	shufersal
5901905000247	14	shufersal
5901905006515	14	shufersal
5901905007468	14	shufersal
5901905013155	14	shufersal
5901905013315	14	shufersal
5901905013346	14	shufersal
5901905014275	14	shufersal
5901905014701	14	shufersal
5901905015067	14	shufersal
5901905015098	14	shufersal
5901905015401	14	shufersal
5901905015418	14	shufersal
5901905015425	14	shufersal
5901905015432	14	shufersal
5901905015449	14	shufersal
5901905015456	14	shufersal
5901905015463	14	shufersal
5901905015470	14	shufersal
5901905015586	14	shufersal
5901905016491	14	shufersal
5901905016736	14	shufersal
5901905017993	14	shufersal
5901905018433	14	shufersal
5901905018952	14	shufersal
5901905021624	14	shufersal
5901905021761	14	shufersal
5901905021945	14	shufersal
5901905022058	14	shufersal
5901905022102	14	shufersal
5901905022126	14	shufersal
5901905022959	14	shufersal
5901905023468	14	shufersal
5901905023963	14	shufersal
5901905024137	14	shufersal
5901905025035	14	shufersal
5901905025134	14	shufersal
5901905025196	14	shufersal
5901905025219	14	shufersal
5901905025264	14	shufersal
5901905025523	14	shufersal
5901905025851	14	shufersal
5901905026254	14	shufersal
5901905026261	14	shufersal
5901905027015	14	shufersal
5901905030343	14	shufersal
5901905030800	14	shufersal
5901905030824	12	shufersal
5901905030930	14	shufersal
5901905031067	14	shufersal
5901905031166	14	shufersal
5901905031173	14	shufersal
5901905031333	14	shufersal
5901905031395	14	shufersal
5901905031418	14	shufersal
5901905031517	14	shufersal
5901905032293	14	shufersal
5901905032309	14	shufersal
5901905032316	14	shufersal
5901905032323	14	shufersal
5901905032606	14	shufersal
5901905032705	14	shufersal
5901905032804	14	shufersal
5901905032873	14	shufersal
5901905032910	12	shufersal
5901905032927	12	shufersal
5901905032934	14	shufersal
5901905033023	14	shufersal
5901905033054	14	shufersal
5901905033092	14	shufersal
5901905033474	14	shufersal
5901905034082	14	shufersal
5901905034167	14	shufersal
5901905034242	14	shufersal
5901905034426	14	shufersal
5901905035065	14	shufersal
5901905035959	11	shufersal
5901905035966	12	shufersal
5901905035973	11	shufersal
5901905035980	11	shufersal
5901905035997	12	shufersal
5901905036000	12	shufersal
5901905036017	12	shufersal
5901905036024	14	shufersal
5901905036192	14	shufersal
5901905036208	14	shufersal
5901905036215	14	shufersal
5901905036222	14	shufersal
5901905036239	14	shufersal
5901905036567	14	shufersal
5901905037410	14	shufersal
5901905037427	14	shufersal
5901905037977	14	shufersal
5901905038141	11	shufersal
5901905090019	14	shufersal
5901905230019	14	shufersal
5901905310155	14	shufersal
5901905820319	14	shufersal
5902198160403	8	shufersal
5902658105562	16	shufersal
5902658105593	16	shufersal
5903141006694	8	shufersal
5903141082766	8	shufersal
5903141082780	8	shufersal
5903407187501	11	shufersal
5903407187518	11	shufersal
5903407187525	11	shufersal
5903407187549	11	shufersal
5903407215853	11	shufersal
5903407228624	11	shufersal
5903407228648	11	shufersal
5903407228693	11	shufersal
5903407228709	11	shufersal
5903407228716	11	shufersal
5903407228778	11	shufersal
5903407228822	11	shufersal
5903407228839	11	shufersal
5903407993539	11	shufersal
5903407993560	11	shufersal
5903416018674	11	shufersal
5903416018698	11	shufersal
5903416048930	14	shufersal
5903416058557	11	shufersal
5903416058564	11	shufersal
5903416058588	11	shufersal
5903416059745	11	shufersal
5903416062516	14	shufersal
5903416063544	14	shufersal
5903416063575	14	shufersal
5903416066811	11	shufersal
5903416068068	14	shufersal
5903416068075	14	shufersal
5903416068082	14	shufersal
5903416068099	14	shufersal
5903416068143	11	shufersal
5903416068150	11	shufersal
5903416068204	11	shufersal
5904941750312	8	shufersal
5904941751302	19	shufersal
5904941751920	8	shufersal
5904941753115	8	shufersal
5906485301012	19	shufersal
5906750815923	14	shufersal
5906750815930	14	shufersal
5906881881057	11	shufersal
5907587103078	14	shufersal
5907587103092	14	shufersal
5907587103252	14	shufersal
5907587103269	14	shufersal
5907587114463	14	shufersal
5907587117389	14	shufersal
5907587145061	14	shufersal
5907587149656	14	shufersal
5907587169562	14	shufersal
5907587172104	14	shufersal
5907587182103	14	shufersal
5907587190467	14	shufersal
5907699482252	12	shufersal
5908252014064	19	shufersal
59095538	15	shufersal
59096900	15	shufersal
5930829	12	shufersal
5930850	12	shufersal
5930997	12	shufersal
5938061	1	shufersal
5938078	1	shufersal
5938085	1	shufersal
5938245	17	shufersal
5941021001247	7	shufersal
5941021001261	7	shufersal
5941021001674	7	shufersal
5941021007577	7	shufersal
5941021017811	7	shufersal
5941021025564	7	shufersal
5941021025571	7	shufersal
5941021025588	7	shufersal
5941021026790	7	shufersal
5942105011268	8	shufersal
5948530002130	8	shufersal
5948530002147	8	shufersal
5966088	8	shufersal
5992018	3	shufersal
5992575	3	shufersal
5992667	3	shufersal
5992735	3	shufersal
5992858	3	shufersal
5992872	3	shufersal
5992889	3	shufersal
5992902	3	shufersal
5992964	3	shufersal
5996009	17	shufersal
5996092	17	shufersal
5996191	4	shufersal
5996214	4	shufersal
5996238	4	shufersal
5996283	4	shufersal
5996290	4	shufersal
5996415034493	26	shufersal
5996415037272	26	shufersal
5996740	17	shufersal
5997321770307	11	shufersal
5998623526739	8	shufersal
6001051004195	11	shufersal
6001067018049	15	shufersal
6001087363815	27	shufersal
6001135009450	15	shufersal
6001135009498	15	shufersal
60017505	15	shufersal
60017512	15	shufersal
6001889065580	26	shufersal
6001889065597	26	shufersal
6001889065610	26	shufersal
6001889065627	26	shufersal
60024664	27	shufersal
60071	7	shufersal
60088	7	shufersal
6009684861000	7	shufersal
60098740	15	shufersal
60098764	15	shufersal
60163	5	shufersal
60200	19	shufersal
602004034670	14	shufersal
602004039200	14	shufersal
602004070432	14	shufersal
602004071248	14	shufersal
602004071255	14	shufersal
602004071262	14	shufersal
602004071279	14	shufersal
602004071330	14	shufersal
602004071347	14	shufersal
602004085566	14	shufersal
602004087867	14	shufersal
602004088529	14	shufersal
602004089588	14	shufersal
602004095039	14	shufersal
602004095046	14	shufersal
602004095060	14	shufersal
602004095350	14	shufersal
602004095367	14	shufersal
602004095374	14	shufersal
602004103130	14	shufersal
602004105455	14	shufersal
602004106643	14	shufersal
602004106667	14	shufersal
602004106681	14	shufersal
602004111807	14	shufersal
602004112750	14	shufersal
602004114082	14	shufersal
602004114143	14	shufersal
602004123909	14	shufersal
602004125118	14	shufersal
602004126573	14	shufersal
602004127303	14	shufersal
602004129512	14	shufersal
602004132208	14	shufersal
602004138200	14	shufersal
602004138729	14	shufersal
602004138781	14	shufersal
602004140128	14	shufersal
602004146151	14	shufersal
602004153005	14	shufersal
602004153029	14	shufersal
602004153043	14	shufersal
602004155962	14	shufersal
60217	5	shufersal
60248	5	shufersal
602573868706	25	shufersal
6040619	3	shufersal
60408	5	shufersal
6041043	3	shufersal
60576	5	shufersal
60781	5	shufersal
608011189860	26	shufersal
608275442756	22	shufersal
60828	5	shufersal
60842	5	shufersal
6085010044712	27	shufersal
6085010094151	13	shufersal
6085010094977	13	shufersal
60859	5	shufersal
608614250349	9	shufersal
608614250356	9	shufersal
608614315529	1	shufersal
60880	19	shufersal
608940550144	13	shufersal
608940565056	13	shufersal
608940566947	27	shufersal
608940570951	27	shufersal
608940575307	13	shufersal
608940580295	13	shufersal
608940580554	13	shufersal
608940580929	27	shufersal
608940581391	13	shufersal
608940582206	13	shufersal
608940583555	13	shufersal
608940583562	13	shufersal
608940583753	13	shufersal
608940584750	27	shufersal
608940585054	13	shufersal
608940585818	13	shufersal
60903	5	shufersal
60965	5	shufersal
60972	5	shufersal
6102019100468	7	shufersal
6102023001478	25	shufersal
61085	5	shufersal
61108	5	shufersal
611108802696	7	shufersal
611108802849	7	shufersal
611108803075	7	shufersal
611108803082	7	shufersal
611108803259	7	shufersal
611108803266	7	shufersal
611108803273	7	shufersal
611108803280	19	shufersal
611108803297	7	shufersal
611108803310	7	shufersal
611108803327	7	shufersal
611108803334	7	shufersal
611108803426	7	shufersal
611108803433	7	shufersal
611108803440	7	shufersal
611108803457	19	shufersal
611108803464	7	shufersal
611108803471	7	shufersal
611108803488	7	shufersal
611108803495	19	shufersal
611108803716	7	shufersal
611108803723	7	shufersal
611108803730	7	shufersal
611108803747	7	shufersal
611108803778	19	shufersal
611108803785	19	shufersal
611108803792	19	shufersal
611108803808	19	shufersal
611108803815	19	shufersal
611108803822	19	shufersal
611108803839	19	shufersal
611108803846	19	shufersal
611108803853	19	shufersal
611108803860	19	shufersal
611108803877	7	shufersal
611108803884	7	shufersal
611108803891	7	shufersal
611108803907	7	shufersal
611108803914	7	shufersal
611108803921	7	shufersal
6111251460230	5	shufersal
611745282820	18	shufersal
611745284497	26	shufersal
611745284527	26	shufersal
611761	2	shufersal
6118000061090	5	shufersal
612386	4	shufersal
61245	7	shufersal
614514402047	13	shufersal
6153393806644	26	shufersal
6153393806958	26	shufersal
615764660607	25	shufersal
61764	8	shufersal
617669337578	26	shufersal
617669337585	26	shufersal
617669337592	26	shufersal
617669337608	26	shufersal
617669337615	26	shufersal
617669337622	26	shufersal
617669337929	26	shufersal
617669337936	26	shufersal
617669337943	26	shufersal
619	19	shufersal
6199027	2	shufersal
6199218	2	shufersal
6199942	2	shufersal
6222497	1	shufersal
622356226288	26	shufersal
622356233002	19	shufersal
622356236003	19	shufersal
622356239837	19	shufersal
622356241649	19	shufersal
622356242530	26	shufersal
622356251266	19	shufersal
622356253130	19	shufersal
622356253147	19	shufersal
622356253161	19	shufersal
622356253178	19	shufersal
622356256834	19	shufersal
622356258234	20	shufersal
622356262064	19	shufersal
622356266321	26	shufersal
622356268332	19	shufersal
622356268356	19	shufersal
622356268639	19	shufersal
622356269544	26	shufersal
622356273343	26	shufersal
622356273381	26	shufersal
622356282543	25	shufersal
622356284837	26	shufersal
622356285964	25	shufersal
622356295857	20	shufersal
622356300858	20	shufersal
622356300865	20	shufersal
622356300872	20	shufersal
622356302555	20	shufersal
622356305563	20	shufersal
622356305686	19	shufersal
622356305693	19	shufersal
622356305709	20	shufersal
622356310246	20	shufersal
622356313643	26	shufersal
622356315715	26	shufersal
622356315722	26	shufersal
622356318235	20	shufersal
622356350242	8	shufersal
622356376938	20	shufersal
622356387101	20	shufersal
622356391863	20	shufersal
622356399722	20	shufersal
6224008208426	20	shufersal
6224008208884	20	shufersal
6224008208921	20	shufersal
62242	7	shufersal
6229427	8	shufersal
6235600984502	17	shufersal
6235640	11	shufersal
6235657	11	shufersal
6241504	8	shufersal
6241511	8	shufersal
6241689	8	shufersal
6246717622218	13	shufersal
6246717622225	13	shufersal
6246717622232	13	shufersal
6246717622287	13	shufersal
6246717622300	13	shufersal
6251107	8	shufersal
6251275	8	shufersal
6251343	8	shufersal
6251374	8	shufersal
6251589	8	shufersal
6256089	8	shufersal
6256775	8	shufersal
6271174	2	shufersal
6271181	2	shufersal
6271648	19	shufersal
6271655	19	shufersal
6281031260937	11	shufersal
6287106	11	shufersal
6290020205422	13	shufersal
6290021555441	13	shufersal
6290064558416	13	shufersal
6290102017554	13	shufersal
6290102017561	13	shufersal
6290102017585	13	shufersal
6290171002338	27	shufersal
6290171072836	27	shufersal
6290360370491	27	shufersal
6290360370668	13	shufersal
6290360370699	27	shufersal
6290360370736	13	shufersal
6290360370835	13	shufersal
6290360371436	13	shufersal
6290360371443	13	shufersal
6290360371450	27	shufersal
6290360371467	13	shufersal
6290360371511	13	shufersal
6290360371894	13	shufersal
6290360373317	27	shufersal
6290360373386	13	shufersal
6290360373393	13	shufersal
6290360374024	13	shufersal
6290360374031	13	shufersal
6290360374055	13	shufersal
6290360374093	13	shufersal
6290360375335	27	shufersal
6290360375823	27	shufersal
6290360375861	13	shufersal
6290360375878	13	shufersal
6290360376103	13	shufersal
6290360376738	27	shufersal
6290360377117	13	shufersal
6290360378091	13	shufersal
6290360378435	13	shufersal
6290360378602	13	shufersal
6290360378817	13	shufersal
6290360378824	13	shufersal
6290360379043	13	shufersal
6290360379050	13	shufersal
6290360379067	13	shufersal
6290360379074	13	shufersal
6290360379081	13	shufersal
6290360379098	13	shufersal
6290360379128	13	shufersal
6290360379135	13	shufersal
6290360379340	13	shufersal
6290360379609	13	shufersal
6290360379623	13	shufersal
6290360379685	13	shufersal
6290360594552	13	shufersal
6290360598666	27	shufersal
6290361790021	20	shufersal
6290361790380	20	shufersal
6290361790588	20	shufersal
6290361790663	20	shufersal
6290361791882	20	shufersal
6290361792094	20	shufersal
6290361910436	13	shufersal
6291061136058	20	shufersal
6291100130092	13	shufersal
6291100130115	13	shufersal
6291100130122	13	shufersal
6291100130153	27	shufersal
6291100130177	27	shufersal
6291100130450	13	shufersal
6291100130467	27	shufersal
6291100131617	13	shufersal
6291100131747	13	shufersal
6291100132652	27	shufersal
6291100137565	13	shufersal
6291100139668	27	shufersal
6291100174065	13	shufersal
6291100176168	13	shufersal
6291100177745	13	shufersal
6291100608171	9	tiv_taam
6291103652416	16	shufersal
6291104445116	12	shufersal
6291106065053	13	shufersal
6291106065114	27	shufersal
6291106066319	13	shufersal
6291106068146	27	shufersal
6291106068153	13	shufersal
6291106068184	13	shufersal
6291106069525	13	shufersal
6291106480375	13	shufersal
6291106480467	27	shufersal
6291106481280	13	shufersal
6291106482737	13	shufersal
6291106486728	13	shufersal
6291106487053	13	shufersal
6291106487602	13	shufersal
6291106488104	13	shufersal
6291106488203	13	shufersal
6291106812282	13	shufersal
6291106813036	27	shufersal
6291106813050	13	shufersal
6291106813067	13	shufersal
6291106813074	13	shufersal
6291107160788	27	shufersal
6291107160801	27	shufersal
6291107160818	13	shufersal
6291107160825	13	shufersal
6291107162171	13	shufersal
6291107162188	13	shufersal
6291107220260	12	shufersal
6291107450193	27	shufersal
6291107454412	13	shufersal
6291107454429	13	shufersal
6291107455365	27	shufersal
6291107456041	13	shufersal
6291107456058	27	shufersal
6291107456065	13	shufersal
6291107456072	13	shufersal
6291108321508	13	shufersal
6291108321591	13	shufersal
6291108322635	13	shufersal
6291108322888	13	shufersal
6291108323625	27	shufersal
6291108323939	13	shufersal
6291108324400	13	shufersal
6291108324899	13	shufersal
6291108324905	13	shufersal
6291108324981	13	shufersal
6291108325490	27	shufersal
6291108325506	13	shufersal
6291108326169	27	shufersal
6291108326305	27	shufersal
6291108326411	27	shufersal
6291108326428	13	shufersal
6291108326442	27	shufersal
6291108326657	27	shufersal
6291108326763	13	shufersal
6291108327241	13	shufersal
6291108327630	27	shufersal
6291108328736	13	shufersal
6291108328750	13	shufersal
6291108329115	13	shufersal
6291108329160	13	shufersal
6291108329238	13	shufersal
6291108730515	13	shufersal
6291108733691	13	shufersal
6291108738214	13	shufersal
6291108738306	13	shufersal
6291108738658	13	shufersal
6291419205559	13	shufersal
629162126337	25	shufersal
629162127693	25	shufersal
629162146991	25	shufersal
629162147028	25	shufersal
629162155634	25	shufersal
629162155702	25	shufersal
629162157782	25	shufersal
629162157959	25	shufersal
629162160911	25	shufersal
6292745287417	13	shufersal
6292864825576	13	shufersal
6294015102642	27	shufersal
6294015131024	27	shufersal
6294015136470	27	shufersal
6294015138320	13	shufersal
6294015149388	27	shufersal
6294015151084	13	shufersal
6294015151596	27	shufersal
6294015155624	13	shufersal
6294015155648	27	shufersal
6294015155655	27	shufersal
6294015155686	27	shufersal
6294015155693	13	shufersal
6294015161519	27	shufersal
6294015161526	13	shufersal
6294015163513	27	shufersal
6294015164176	27	shufersal
6294015164992	27	shufersal
6294015165005	27	shufersal
6294015165012	27	shufersal
6294015165029	27	shufersal
6294015180251	27	shufersal
6294015180985	13	shufersal
6294015181166	13	shufersal
6294015181173	27	shufersal
6294015181913	27	shufersal
6294015181944	13	shufersal
6294015182903	13	shufersal
6294015196412	27	shufersal
6294015196429	13	shufersal
6294015196443	13	shufersal
6294015196467	13	shufersal
6294659957257	27	shufersal
6294790437212	13	shufersal
6294790437311	13	shufersal
6294790437519	13	shufersal
6295124042560	27	shufersal
6295124042577	27	shufersal
6295124042584	13	shufersal
6295124042591	13	shufersal
6295199801116	13	shufersal
62952	5	shufersal
6295433644462	13	shufersal
6295433666686	13	shufersal
6295586523256	27	shufersal
6297001111093	27	shufersal
6297001187548	20	shufersal
6297001187555	20	shufersal
6297001187784	20	shufersal
6297001187791	20	shufersal
6297001187975	20	shufersal
6298770845455	13	shufersal
6299388932742	13	shufersal
6300020182477	13	shufersal
630175475879	16	shufersal
630175475886	16	shufersal
630175475893	16	shufersal
630175475909	16	shufersal
630175475916	16	shufersal
630175475930	16	shufersal
630175475947	16	shufersal
630175475954	16	shufersal
630175475961	16	shufersal
630175475978	16	shufersal
630175475985	16	shufersal
630175475992	16	shufersal
630175476012	16	shufersal
630175476029	16	shufersal
630175476036	16	shufersal
630175476043	16	shufersal
630175476050	16	shufersal
630175476081	16	shufersal
630175476487	16	shufersal
630175476517	16	shufersal
630175476548	16	shufersal
630175507662	16	shufersal
630175507709	16	shufersal
630175507716	16	shufersal
630175507730	16	shufersal
630175507754	16	shufersal
630175507778	16	shufersal
630175507792	16	shufersal
630175507808	16	shufersal
630175507815	16	shufersal
630175507822	16	shufersal
630175507839	16	shufersal
630175507846	16	shufersal
630996176603	17	shufersal
630996176696	17	shufersal
630996176733	17	shufersal
631295	4	shufersal
631390543282	26	shufersal
63140	5	shufersal
6322104	17	shufersal
6322111	17	shufersal
6322197	17	shufersal
6322838	17	shufersal
632556079140	26	shufersal
632556079256	21	shufersal
632556079270	20	shufersal
632556079287	20	shufersal
632556079294	20	shufersal
632556079300	20	shufersal
632556079379	20	shufersal
632556079386	20	shufersal
632556079393	20	shufersal
632556079430	20	shufersal
633	1	shufersal
633800	19	shufersal
633824102201	8	shufersal
633824111838	8	shufersal
633824913432	8	shufersal
6342065	7	shufersal
6342072	7	shufersal
6342447	1	shufersal
6342515	1	shufersal
6342553	1	shufersal
6342560	7	shufersal
6342645	6	shufersal
6366856	4	shufersal
6366863	4	shufersal
6366870	4	shufersal
6366887	4	shufersal
6374684	5	shufersal
6374738	5	shufersal
6390752	6	shufersal
6411334	9	shufersal
6411648	9	shufersal
6411693	9	shufersal
6411716	9	shufersal
64144090020	5	shufersal
64144090051	5	shufersal
6423080725955	13	shufersal
6423080731475	13	shufersal
642461858136	11	shufersal
642461879285	11	shufersal
6437044	9	shufersal
6437198	9	shufersal
6437273	9	shufersal
6437303	9	shufersal
6437341	9	shufersal
6437372	9	shufersal
6437495	9	shufersal
6437501	9	shufersal
6437563	9	shufersal
6437914	9	shufersal
6437945	9	shufersal
6440003100095	8	shufersal
644209307494	5	shufersal
644209307579	5	shufersal
6451309	6	shufersal
6451385	6	shufersal
6451392	6	shufersal
6451477	17	shufersal
6451484	17	shufersal
6451491	17	shufersal
6451507	19	shufersal
6451514	19	shufersal
6451521	19	shufersal
6451699	17	shufersal
6451729	6	shufersal
645173911038	5	shufersal
6451934	19	shufersal
6459008	5	shufersal
6459046	5	shufersal
6459077	5	shufersal
6459480	5	shufersal
6461049	4	shufersal
6461117	4	shufersal
6461650	4	shufersal
6461919	4	shufersal
64758	5	shufersal
6479211627964	13	shufersal
64871	5	shufersal
6488336	9	shufersal
6488572	9	shufersal
6492432	19	shufersal
6492616	3	shufersal
6492630	3	shufersal
6492685	3	shufersal
6492852	3	shufersal
6492913	3	shufersal
649660013281	3	shufersal
649660432020	1	shufersal
649696137357	26	shufersal
649696160423	26	shufersal
649696181015	26	shufersal
649696210456	26	shufersal
649696232281	26	shufersal
649696234780	26	shufersal
649696247759	26	shufersal
649696304674	26	shufersal
649696325846	26	shufersal
649696454393	26	shufersal
649696457615	26	shufersal
649696483218	26	shufersal
6497758	12	shufersal
649870166081	18	shufersal
649870166135	18	shufersal
649870166142	18	shufersal
649870166159	18	shufersal
649870166166	18	shufersal
649870166173	18	shufersal
649870166180	18	shufersal
649870168252	18	shufersal
649870168276	18	shufersal
649870168283	18	shufersal
64992523206	18	shufersal
65090	5	shufersal
651080647519	15	shufersal
6511157	5	shufersal
6511904	3	shufersal
652638004631	27	shufersal
652638010205	13	shufersal
652638010212	27	shufersal
652638010298	13	shufersal
652638012810	27	shufersal
65335	5	shufersal
653748597907	26	shufersal
654749350010	12	shufersal
654749350027	12	shufersal
654749350041	12	shufersal
654749350058	12	shufersal
654749350096	11	shufersal
654749361023	11	shufersal
654749361047	11	shufersal
65540	5	shufersal
6554819	7	shufersal
6554833	7	shufersal
65557	5	shufersal
6567048	5	shufersal
6582539	1	shufersal
6582669	1	shufersal
6582751	7	shufersal
6585042	27	shufersal
6585059	11	shufersal
6600001258321	27	shufersal
661176010011	11	shufersal
661176010028	11	shufersal
661176010035	11	shufersal
661176010042	11	shufersal
661176010059	11	shufersal
661176010066	11	shufersal
661176010073	11	shufersal
661176010080	11	shufersal
661176010097	11	shufersal
661176010103	11	shufersal
661176010110	11	shufersal
661176010134	11	shufersal
661176010141	11	shufersal
661176010172	11	shufersal
661176010189	11	shufersal
661176010196	11	shufersal
661176010905	11	shufersal
661176010912	11	shufersal
661176011148	11	shufersal
661176011186	11	shufersal
661176011889	11	shufersal
661176011896	11	shufersal
661176012114	11	shufersal
661176012121	11	shufersal
661176012138	11	shufersal
661176012145	11	shufersal
661176012930	11	shufersal
661176013586	15	shufersal
661176014194	11	shufersal
661176014200	11	shufersal
661176016150	11	shufersal
661176016723	11	shufersal
661176016730	11	shufersal
661176016747	11	shufersal
661176016754	11	shufersal
661176016761	11	shufersal
661176016778	11	shufersal
661176016808	11	shufersal
661176016815	11	shufersal
661176016822	11	shufersal
661176016839	11	shufersal
66134	7	shufersal
66141	19	shufersal
66172	7	shufersal
6618078	19	shufersal
6618085	19	shufersal
6618146	25	shufersal
66189	7	shufersal
66196	7	shufersal
66226	7	shufersal
66264	19	shufersal
662834502817	16	shufersal
662834507812	16	shufersal
662834509670	16	shufersal
66295	19	shufersal
66318	19	shufersal
66332	7	shufersal
66349	19	shufersal
66431	19	shufersal
6644480	8	shufersal
6644510	8	shufersal
6651204	11	shufersal
6651211	16	shufersal
6651570	11	shufersal
6652027	7	shufersal
6653819	5	shufersal
6660596	10	shufersal
6660602	10	shufersal
6660640	10	shufersal
6664532	17	shufersal
6664655	17	shufersal
6664693	17	shufersal
6664990	17	shufersal
6666307	19	shufersal
6666314	19	shufersal
6666338	17	shufersal
6666345	17	shufersal
6666352	17	shufersal
6666406	17	shufersal
6666413	17	shufersal
6666437	17	shufersal
6666444	19	shufersal
6666451	19	shufersal
6666468	17	shufersal
6666529	17	shufersal
6666628	17	shufersal
6666826	19	shufersal
667553848918	13	shufersal
667553849168	13	shufersal
667555168441	13	shufersal
667555541800	13	shufersal
667556002829	13	shufersal
667557894683	13	shufersal
6681003	2	shufersal
6681553	7	shufersal
6683052	9	shufersal
6683144	9	shufersal
6683731	9	shufersal
6683748	9	shufersal
6693020	16	shufersal
6712981	15	shufersal
671741300843	14	shufersal
671741391018	14	shufersal
671741393258	14	shufersal
6724779	3	shufersal
6724786	3	shufersal
673879000930	7	tiv_taam
6739247	17	shufersal
6739407	2	shufersal
6739421	17	shufersal
6739445	2	shufersal
6739544	17	shufersal
6742278	4	shufersal
6742292	4	shufersal
6748249	1	shufersal
6748430	1	shufersal
6748539	1	shufersal
6748638	1	shufersal
6748669	1	shufersal
6748706	1	shufersal
6748911	1	shufersal
6748928	1	shufersal
6748942	1	shufersal
6748959	1	shufersal
6748966	1	shufersal
6754158	21	shufersal
6754165	21	shufersal
6754172	21	shufersal
6754189	21	shufersal
6754196	21	shufersal
6754202	21	shufersal
6754219	21	shufersal
67544	5	shufersal
6758643110047	26	shufersal
6758643160028	26	shufersal
6758643160035	26	shufersal
67599	19	shufersal
6764065	8	shufersal
6764072	8	shufersal
6764096	8	shufersal
6764485	8	shufersal
6765000	6	shufersal
6765871	1	shufersal
6784865	19	shufersal
6788269	11	shufersal
6788399	15	shufersal
6788429	15	shufersal
6788436	15	shufersal
6788443	15	shufersal
6789921	11	shufersal
679044	16	shufersal
6791498	11	shufersal
679457	11	shufersal
679602004916	27	shufersal
679602481106	13	shufersal
679602481120	13	shufersal
679602481182	13	shufersal
679602481335	13	shufersal
679602481502	27	shufersal
679602481915	13	shufersal
679602491099	27	shufersal
679602491150	27	shufersal
679602710817	27	shufersal
680079034764	26	shufersal
680196962599	14	shufersal
6805850	19	shufersal
68138	5	shufersal
68190	5	shufersal
6822192	8	shufersal
68343	7	shufersal
6856742657040	26	shufersal
6865335	16	shufersal
6866363	8	shufersal
68701	5	shufersal
68770	7	shufersal
68787	7	shufersal
688374	8	shufersal
688381	8	shufersal
688503	8	shufersal
688575201932	11	shufersal
6899217	8	shufersal
6899255	8	shufersal
6899262	8	shufersal
6901022100935	1	shufersal
6902023070524	1	shufersal
6902734982307	26	shufersal
6903148091654	20	shufersal
6903435461047	26	shufersal
6905744320343	26	shufersal
6908236023524	26	shufersal
6910021100013	15	shufersal
6910264	9	shufersal
6910271	9	shufersal
691057009957	16	shufersal
691057009964	16	shufersal
691057009971	16	shufersal
691057009988	16	shufersal
691057009995	16	shufersal
691057010007	16	shufersal
691057010014	16	shufersal
691057010021	16	shufersal
691057010038	16	shufersal
691057010045	16	shufersal
691057010052	16	shufersal
691057010069	16	shufersal
691057010076	16	shufersal
691057010083	16	shufersal
691057010090	16	shufersal
691057010106	16	shufersal
691057010113	16	shufersal
691057010120	16	shufersal
691057010137	16	shufersal
691057010144	16	shufersal
691057010151	16	shufersal
691057010168	16	shufersal
691057010175	16	shufersal
691057010182	16	shufersal
691057010199	16	shufersal
691057010205	16	shufersal
691057010212	16	shufersal
691057010229	16	shufersal
691057010236	16	shufersal
691057010243	16	shufersal
691057010250	16	shufersal
691057010267	16	shufersal
691057010274	16	shufersal
691057010281	16	shufersal
691057010298	16	shufersal
691057010304	16	shufersal
691057010311	16	shufersal
691057010328	16	shufersal
691057010335	16	shufersal
691057010342	16	shufersal
691057010359	16	shufersal
691057010366	16	shufersal
691057010373	16	shufersal
691057010380	16	shufersal
691057010397	16	shufersal
691057010403	16	shufersal
691057010427	16	shufersal
691057010434	16	shufersal
691057010441	16	shufersal
691057010458	16	shufersal
691057010465	16	shufersal
691057010472	16	shufersal
691057010489	16	shufersal
691057010496	16	shufersal
691057010502	16	shufersal
691057010519	16	shufersal
691057010526	16	shufersal
691057010533	16	shufersal
691057010540	16	shufersal
691057010557	16	shufersal
691057010564	16	shufersal
691057010571	16	shufersal
691057010588	16	shufersal
691057010595	16	shufersal
691057010601	16	shufersal
691057010618	16	shufersal
691057010625	16	shufersal
691057010632	16	shufersal
691057010649	16	shufersal
691057010656	16	shufersal
691057010663	16	shufersal
691057010670	16	shufersal
691057010687	16	shufersal
691057010694	16	shufersal
691057010700	16	shufersal
691057010717	16	shufersal
691057010724	16	shufersal
691057010731	16	shufersal
691057010748	16	shufersal
691057010755	16	shufersal
691057010762	16	shufersal
691057010779	16	shufersal
691057010786	16	shufersal
691057010793	16	shufersal
691057010809	16	shufersal
691057010816	16	shufersal
691057010823	16	shufersal
691057010830	16	shufersal
691057010847	16	shufersal
691057010854	16	shufersal
691057010861	16	shufersal
691057010946	16	shufersal
691057010953	16	shufersal
691057011202	16	shufersal
691057011219	16	shufersal
691057011233	16	shufersal
691057011240	16	shufersal
691057011257	16	shufersal
691057011264	16	shufersal
691057011271	16	shufersal
691057011288	16	shufersal
691057011295	16	shufersal
691057011301	16	shufersal
691057011318	16	shufersal
691057011325	16	shufersal
691057011332	16	shufersal
691057011349	16	shufersal
691057011356	16	shufersal
691057011363	16	shufersal
691057011370	16	shufersal
691057011387	16	shufersal
691057011394	16	shufersal
691057011400	16	shufersal
691057011417	16	shufersal
691057011424	16	shufersal
691057011431	16	shufersal
691057011448	16	shufersal
691057011455	16	shufersal
691057011479	16	shufersal
691057011486	16	shufersal
691057011578	16	shufersal
691057011776	16	shufersal
691057011790	16	shufersal
691057011806	16	shufersal
691057011837	16	shufersal
691057011844	16	shufersal
691057011851	16	shufersal
691057011882	16	shufersal
691057011899	16	shufersal
691057011943	16	shufersal
691057011998	16	shufersal
6911316730014	20	shufersal
6911400356748	17	shufersal
6911400434453	17	shufersal
6911400434477	17	shufersal
6917878002446	20	shufersal
6920180219334	20	shufersal
6920354811852	15	shufersal
6920354812521	15	shufersal
6920354815157	15	shufersal
6920354824265	15	shufersal
6920354826191	15	shufersal
6920388619059	25	shufersal
6920388662734	25	shufersal
6920606579219	20	shufersal
6920829	3	shufersal
6920836	3	shufersal
6920843	3	shufersal
6920911	3	shufersal
6920935	3	shufersal
6921201042016	20	shufersal
6921201278002	20	shufersal
6921204415008	20	shufersal
6921206125004	20	shufersal
6921207384295	20	shufersal
6921745200255	16	shufersal
6921802099006	26	shufersal
6921850653007	26	shufersal
692203	19	shufersal
692210	19	shufersal
692227	19	shufersal
6923306033005	26	shufersal
6923306035009	20	shufersal
6923306036006	20	shufersal
6923306046005	20	shufersal
6923306052006	20	shufersal
6923306057001	20	shufersal
6923306085035	26	shufersal
6923450601822	20	shufersal
6923644242930	20	shufersal
6924053470099	11	shufersal
6924053470143	11	shufersal
6924053470174	11	shufersal
6924053471607	11	shufersal
6924281100607	25	shufersal
692456	19	shufersal
6924922220275	26	shufersal
6925019900490	20	shufersal
6925281987632	26	shufersal
6925621678558	19	shufersal
6926105100039	20	shufersal
6927749853190	18	shufersal
6927749853213	18	shufersal
6927749853237	18	shufersal
6927749853244	18	shufersal
6927749870203	18	shufersal
6928026700428	25	shufersal
6928649102418	20	shufersal
692962376134	23	shufersal
692962376158	23	shufersal
692962376165	23	shufersal
6930048633318	20	shufersal
6930471104072	11	shufersal
6930471104133	11	shufersal
6930642389000	18	shufersal
693102130289	14	shufersal
693102210004	14	shufersal
693102300040	14	shufersal
6931940745277	26	shufersal
6931970207110	20	shufersal
6932391909089	26	shufersal
6932391917640	26	shufersal
6932391922354	26	shufersal
6932391922446	26	shufersal
6932391922965	26	shufersal
6932391939420	26	shufersal
6932554403850	8	shufersal
6932554411961	25	shufersal
6932554430757	26	shufersal
6932554432416	26	shufersal
6932554439897	26	shufersal
6932554440596	26	shufersal
6932554445300	26	shufersal
6932554456580	26	shufersal
6932554457549	26	shufersal
6932554459666	26	shufersal
6932554459710	26	shufersal
6932554459727	26	shufersal
6932554464318	26	shufersal
6932554465742	26	shufersal
6932554466466	26	shufersal
6932554467630	26	shufersal
6932554468002	26	shufersal
6932554469139	20	shufersal
6932554469740	26	shufersal
6932554470364	26	shufersal
6932554470432	26	shufersal
6932554471132	26	shufersal
6932554471149	26	shufersal
6932554471491	26	shufersal
6932554473723	26	shufersal
6932554473747	26	shufersal
6932554473853	26	shufersal
6932554473884	26	shufersal
6932554477998	26	shufersal
6932554478001	26	shufersal
6932554478100	26	shufersal
6932554480288	26	shufersal
6932554480301	26	shufersal
6932554480394	26	shufersal
6932554480400	26	shufersal
6932554481704	26	shufersal
6932554481834	26	shufersal
6932554483036	26	shufersal
6932554487546	26	shufersal
6932554487591	26	shufersal
6932554494001	26	shufersal
6932554496173	26	shufersal
6932554497989	26	shufersal
6932554498009	26	shufersal
6932554498023	26	shufersal
6932835327738	19	shufersal
6934177715846	25	shufersal
6934177716836	26	shufersal
6934177727719	26	shufersal
6934177732362	25	shufersal
6934177732379	25	shufersal
6934177743665	26	shufersal
6934177746611	26	shufersal
6934177794056	26	shufersal
6934177794292	26	shufersal
6934510503062	11	shufersal
6934510506926	17	shufersal
6934510516109	17	shufersal
6934510561826	17	shufersal
6934510563042	11	shufersal
6934510585006	17	shufersal
6934510596101	17	shufersal
693493008174	9	shufersal
693493008198	9	shufersal
693493008211	9	shufersal
693493008228	9	shufersal
693493008235	9	shufersal
693493008242	9	shufersal
693493092708	25	shufersal
693493092715	25	shufersal
693493092722	25	shufersal
693493124294	23	shufersal
6934931267246	20	shufersal
693493147675	20	shufersal
693493154574	11	shufersal
693493154673	11	shufersal
693493239219	20	shufersal
693493239226	20	shufersal
6934932540690	12	shufersal
693493254076	12	shufersal
693493257312	23	shufersal
693493257329	23	shufersal
693493257404	20	shufersal
693493259330	9	shufersal
693493263665	12	shufersal
6935071386965	20	shufersal
6935117844022	26	shufersal
6936718331522	20	shufersal
6936718331683	20	shufersal
6936718339498	20	shufersal
6937266700785	11	shufersal
6938104016723	18	shufersal
6938104016730	18	shufersal
6939924805900	26	shufersal
6939924816050	26	shufersal
6939924817705	26	shufersal
6939924818719	26	shufersal
6939924819938	26	shufersal
6939924820033	26	shufersal
6939924821504	26	shufersal
6939924822280	26	shufersal
6939924823881	26	shufersal
6939924828145	26	shufersal
6939924831220	26	shufersal
6939924831428	26	shufersal
6939924831725	26	shufersal
6939924852041	26	shufersal
6939924852058	26	shufersal
6939924852065	26	shufersal
6939924856940	26	shufersal
6939924857299	26	shufersal
6939924858159	26	shufersal
6939924862859	26	shufersal
6939924862866	26	shufersal
6939924862873	26	shufersal
6939924862903	26	shufersal
6939924862927	26	shufersal
6939924862958	26	shufersal
6939962575742	20	shufersal
6939962611471	20	shufersal
6939962611488	20	shufersal
6939962614274	20	shufersal
6939962618296	20	shufersal
6939962618302	20	shufersal
6939962620381	20	shufersal
6939962620398	20	shufersal
6939962622224	20	shufersal
6939962622248	20	shufersal
6939962622255	20	shufersal
6939962622262	20	shufersal
6939962622590	20	shufersal
6939962622705	20	shufersal
6939962622712	20	shufersal
6939962623092	20	shufersal
6939962623542	20	shufersal
6939962623566	20	shufersal
6939962623573	20	shufersal
6939962623597	20	shufersal
6939962623603	20	shufersal
6939962624044	20	shufersal
6939962627519	20	shufersal
6939962627700	20	shufersal
6939962630397	20	shufersal
6939962798950	20	shufersal
6940056185327	26	shufersal
6940176030415	14	shufersal
6940176030422	14	shufersal
6940176030439	14	shufersal
6940176030446	14	shufersal
6940461936088	20	shufersal
6940461936095	20	shufersal
6940461943925	20	shufersal
6940461944267	20	shufersal
6940461945431	20	shufersal
6941057402499	24	shufersal
6941057404752	19	shufersal
6941057417202	24	shufersal
6941057422596	24	shufersal
6941565988362	26	shufersal
6941812701614	26	shufersal
6941812701867	26	shufersal
6941812702871	26	shufersal
6941812706282	26	shufersal
6941812706312	26	shufersal
6941812712993	26	shufersal
6941812713402	26	shufersal
6941812717998	26	shufersal
6941812720974	26	shufersal
6941812728208	26	shufersal
6941812743577	26	shufersal
6941812765302	26	shufersal
6941812777756	26	shufersal
6941812787212	26	shufersal
6941812788387	26	shufersal
6941812790861	26	shufersal
6941812791646	26	shufersal
6941812791837	26	shufersal
6941812791844	26	shufersal
6941812791929	26	shufersal
6941812791967	26	shufersal
6941812795910	26	shufersal
6941948701199	26	shufersal
6941948702349	26	shufersal
6941948703179	26	shufersal
6941948703193	26	shufersal
6941948704169	26	shufersal
6941948704794	26	shufersal
6941948705029	26	shufersal
6941948705425	26	shufersal
6941948705685	26	shufersal
6941948706743	26	shufersal
6941948707610	26	shufersal
6941948707702	26	shufersal
6941948707795	26	shufersal
6941948707979	26	shufersal
6941948708013	26	shufersal
6942005	16	shufersal
6942029	16	shufersal
6942043	16	shufersal
6942050	16	shufersal
6942138915662	25	shufersal
6942138920529	24	shufersal
6942227	16	shufersal
6942234	16	shufersal
6942241	16	shufersal
6942377609414	25	shufersal
6942401	16	shufersal
6942418	16	shufersal
6942432	16	shufersal
6942449	16	shufersal
6942463	16	shufersal
6942494	16	shufersal
6942609	16	shufersal
6942692	16	shufersal
6943572700050	25	shufersal
6944271639924	20	shufersal
6944271644584	20	shufersal
6944271645468	20	shufersal
6944271645994	20	shufersal
6944271651360	20	shufersal
6944271651377	20	shufersal
6944271651384	20	shufersal
6944271651971	20	shufersal
6944271656983	20	shufersal
6944271657119	20	shufersal
6944271658390	20	shufersal
6944271661291	20	shufersal
6944271661376	20	shufersal
6944271661758	20	shufersal
6944271665336	20	shufersal
6944271666364	20	shufersal
6944271668771	20	shufersal
6944271673331	20	shufersal
6944271673348	20	shufersal
6944271675397	20	shufersal
6944271676844	20	shufersal
6944271678282	20	shufersal
6944271678442	20	shufersal
6944271678459	20	shufersal
6944271681619	20	shufersal
6944271681664	20	shufersal
6944271681909	20	shufersal
6944271685013	20	shufersal
6944271685440	20	shufersal
6944721200223	20	shufersal
6944903802313	20	shufersal
6945878339897	26	shufersal
6945878339903	26	shufersal
6945878354326	26	shufersal
6946499311385	26	shufersal
6946499312177	26	shufersal
6946499313709	26	shufersal
6946499313754	26	shufersal
6946499315727	26	shufersal
6946499315734	26	shufersal
6946499316229	26	shufersal
6946692401418	17	shufersal
6946692401456	17	shufersal
6946692401487	17	shufersal
6946692401494	17	shufersal
6946692404136	17	shufersal
6948797200033	20	shufersal
6949312322407	25	shufersal
6951800617230	20	shufersal
6951800622920	20	shufersal
6951800623972	20	shufersal
6951800661240	20	shufersal
6951800676329	20	shufersal
6951800677883	20	shufersal
6952136845236	25	shufersal
6954521600352	25	shufersal
6954521603773	25	shufersal
6954521607788	25	shufersal
6954521607801	25	shufersal
6954521608266	25	shufersal
6954521608464	25	shufersal
6954521608754	25	shufersal
6954521608761	25	shufersal
6954521608884	25	shufersal
6954521608891	25	shufersal
6954521624945	24	shufersal
6954521627472	24	shufersal
6954521627588	24	shufersal
6954521630434	24	shufersal
6954521630595	24	shufersal
6954521630786	25	shufersal
6954903816074	20	shufersal
6954903816128	20	shufersal
6954903817538	20	shufersal
6954903819105	20	shufersal
6954903821009	20	shufersal
6954903821016	20	shufersal
6956079705152	26	shufersal
6956079705169	26	shufersal
6956282730927	26	shufersal
6956282738190	26	shufersal
6958657300063	26	shufersal
6959449102001	20	shufersal
6959449102049	20	shufersal
6959449102117	20	shufersal
6960191	2	shufersal
6960740	2	shufersal
6960771	2	shufersal
6960788	2	shufersal
6960979	19	shufersal
6960986	19	shufersal
6960993	19	shufersal
6970135031344	26	shufersal
6970135032419	26	shufersal
6970135033935	26	shufersal
6970135035595	26	shufersal
6970135037728	26	shufersal
6970271234586	26	shufersal
6970335175046	17	shufersal
6970335175060	17	shufersal
6970335175077	17	shufersal
6970335175091	17	shufersal
6970335175312	17	shufersal
6970335175466	17	shufersal
6970335175473	17	shufersal
6970335175480	17	shufersal
6971546341640	20	shufersal
6971608442162	17	shufersal
6971608442179	17	shufersal
6971608442315	17	shufersal
6971608442353	17	shufersal
6971608442360	17	shufersal
6971608442391	17	shufersal
6971608442636	11	shufersal
6971608442650	11	shufersal
6971608445439	17	shufersal
6971669780906	26	shufersal
6971669780913	26	shufersal
6971669780951	26	shufersal
6971669782764	26	shufersal
6971669782771	26	shufersal
6972075734767	26	shufersal
6972075735092	26	shufersal
6972075736235	26	shufersal
6972075736914	26	shufersal
6972075736952	26	shufersal
6972075738536	26	shufersal
6972476162299	26	shufersal
6972476162398	26	shufersal
6972476162800	26	shufersal
6972476163401	26	shufersal
6972476164606	26	shufersal
6973078470003	11	shufersal
6973350160004	11	shufersal
6973436042958	26	shufersal
6974334553041	26	shufersal
6974667821190	12	shufersal
6974667821503	11	shufersal
6974667821619	11	shufersal
6974950105358	26	shufersal
6974951170645	26	shufersal
6974951170713	26	shufersal
6975293674846	25	shufersal
6975293677618	25	shufersal
6975293679827	25	shufersal
6975439400629	18	shufersal
6977328063168	26	shufersal
6977806881703	25	shufersal
6978258900622	25	shufersal
6978515257278	26	shufersal
6979314800016	5	shufersal
6979314800030	5	shufersal
6983152	5	shufersal
6983176	7	shufersal
6983206	19	shufersal
6983763	7	shufersal
6983770	7	shufersal
6983787	7	shufersal
6983794	7	shufersal
6984215854396	11	shufersal
6992161	11	shufersal
6992208	11	shufersal
6992390	11	shufersal
6992864	18	shufersal
701	1	shufersal
701666410287	27	shufersal
701666410379	13	shufersal
701666410423	13	shufersal
701666410515	13	shufersal
701666410522	13	shufersal
701666410553	13	shufersal
701666410584	13	shufersal
701666411000	13	shufersal
70177173166	8	shufersal
70308	5	shufersal
70322	5	shufersal
70353	5	shufersal
70384	5	shufersal
7038513906505	15	shufersal
7038513909018	15	shufersal
704335518765	14	shufersal
7046110030608	15	shufersal
7046110035689	15	shufersal
7046110036464	15	shufersal
7046110054093	15	shufersal
7046110055533	15	shufersal
7046110055564	15	shufersal
7046110057643	15	shufersal
7046110058268	15	shufersal
7046110058299	15	shufersal
7046110058336	15	shufersal
7046110058367	15	shufersal
7046110063408	15	shufersal
7046110064535	15	shufersal
7046110066577	15	shufersal
7053700044662	20	shufersal
7053700212962	20	shufersal
70970475337	7	shufersal
70970475344	7	shufersal
70970475351	7	shufersal
70970475368	7	shufersal
70970475375	7	shufersal
70970475399	7	shufersal
70970475405	7	shufersal
710069006867	19	shufersal
71008	7	shufersal
710497091534	1	shufersal
710497389808	14	shufersal
710497631488	2	shufersal
710579689314	26	shufersal
7108321494201	27	shufersal
7108328367799	27	shufersal
7108328437744	27	shufersal
714324102202	13	shufersal
714324102233	13	shufersal
714324102332	13	shufersal
714324103339	13	shufersal
714324104107	13	shufersal
714324204104	27	shufersal
714324204128	27	shufersal
714324205361	13	shufersal
714324206108	13	shufersal
714324600203	13	shufersal
714324600210	27	shufersal
714324600227	13	shufersal
714324600234	27	shufersal
714324901010	11	shufersal
714324901027	11	shufersal
714324901041	11	shufersal
714324901072	12	shufersal
714324901089	12	shufersal
714324901096	11	shufersal
714324901102	12	shufersal
714324901119	12	shufersal
714324901225	13	shufersal
714324901232	27	shufersal
714324901249	13	shufersal
714324901287	27	shufersal
714324901294	13	shufersal
714324901300	13	shufersal
714324901324	13	shufersal
714324901331	13	shufersal
714324901379	13	shufersal
714324901386	13	shufersal
714324901393	13	shufersal
714324901416	13	shufersal
714324901430	13	shufersal
714324901447	27	shufersal
714324901454	13	shufersal
714324901461	27	shufersal
714324901478	13	shufersal
714324901485	27	shufersal
714324901522	13	shufersal
714324901539	13	shufersal
714324901546	13	shufersal
714324901553	13	shufersal
714324901614	27	shufersal
714324901621	13	shufersal
714324901638	27	shufersal
714324901645	27	shufersal
714324901652	27	shufersal
714324901669	27	shufersal
714324901676	27	shufersal
714324901683	27	shufersal
714324901690	27	shufersal
714324901737	13	shufersal
714324901751	13	shufersal
714324901805	27	shufersal
714324901812	13	shufersal
7144729	17	shufersal
7160589856238	11	shufersal
716165177111	8	shufersal
71702001985	23	shufersal
71702002524	23	shufersal
717334070219	12	shufersal
717334162488	11	shufersal
717334168800	12	shufersal
717334169333	12	shufersal
717334194014	12	shufersal
717334196902	12	shufersal
717334200104	12	shufersal
717334203600	11	shufersal
717334203624	11	shufersal
717334207011	12	shufersal
717334215092	11	shufersal
717334218383	11	shufersal
717334235434	11	shufersal
717334235472	11	shufersal
717334237339	11	shufersal
717334238688	11	shufersal
717334239456	11	shufersal
717334242258	12	shufersal
717334242265	12	shufersal
717334242319	12	shufersal
717334250444	12	shufersal
717334250475	12	shufersal
717334253124	12	shufersal
717334257771	12	shufersal
717334257801	12	shufersal
717334257818	12	shufersal
717334257856	12	shufersal
717334257894	12	shufersal
717334261211	11	shufersal
717334261259	11	shufersal
717334262126	12	shufersal
717334264670	11	shufersal
717334264700	12	shufersal
717334265875	11	shufersal
717334265882	12	shufersal
717334265936	12	shufersal
717334266285	12	shufersal
717334266315	11	shufersal
717334266674	11	shufersal
717334267251	12	shufersal
717334267305	12	shufersal
717334267336	12	shufersal
717334267374	12	shufersal
717334267381	12	shufersal
717334267459	14	shufersal
717334267619	12	shufersal
717334267961	11	shufersal
717334269712	12	shufersal
717334269729	11	shufersal
717334270909	11	shufersal
717334270916	11	shufersal
717334271593	12	shufersal
717334271609	11	shufersal
717334273054	11	shufersal
717334273078	11	shufersal
717334275577	12	shufersal
717334279025	12	shufersal
717334279063	11	shufersal
717334279193	12	shufersal
717334280588	11	shufersal
717334280595	11	shufersal
718	1	shufersal
7180589856540	11	shufersal
718603378142	12	shufersal
718603378159	12	shufersal
718603378166	12	shufersal
718603378173	12	shufersal
718603378227	11	shufersal
718603378234	11	shufersal
718603378241	11	shufersal
718603378296	11	shufersal
718603378302	11	shufersal
718603378319	11	shufersal
718603378326	11	shufersal
718603378388	12	shufersal
718603378463	12	shufersal
718603378470	12	shufersal
718603378494	12	shufersal
718603378609	11	shufersal
718603378616	11	shufersal
718603378630	11	shufersal
718603378647	11	shufersal
718603378654	11	shufersal
718603378661	11	shufersal
718603378999	11	shufersal
718603379002	15	shufersal
718603379019	15	shufersal
718603379026	11	shufersal
718603379033	11	shufersal
718603379040	11	shufersal
718603379057	11	shufersal
718603379071	11	shufersal
718603379118	11	shufersal
718603379125	11	shufersal
718603379149	11	shufersal
718603379156	12	shufersal
718603379170	11	shufersal
718603379248	11	shufersal
718603379255	11	shufersal
718603379262	11	shufersal
718603379279	11	shufersal
718603379286	11	shufersal
718603379293	11	shufersal
718603379309	11	shufersal
718603379316	11	shufersal
718603379323	11	shufersal
718603379330	11	shufersal
718603379347	11	shufersal
718603379354	11	shufersal
718603379361	11	shufersal
718603379378	11	shufersal
718603379385	11	shufersal
718603379392	11	shufersal
718603379408	11	shufersal
718603379415	11	shufersal
718603379422	11	shufersal
718603379439	11	shufersal
718603379446	11	shufersal
718603379453	11	shufersal
718603379460	11	shufersal
718603379477	11	shufersal
718603379484	11	shufersal
718603379491	11	shufersal
718603379507	11	shufersal
718603379514	11	shufersal
718603379521	11	shufersal
718603379538	11	shufersal
718603379545	11	shufersal
718603379606	11	shufersal
718603379613	12	shufersal
718603379620	12	shufersal
718603379637	15	shufersal
718603379644	15	shufersal
718603379651	15	shufersal
718603379668	15	shufersal
718603379675	15	shufersal
718603379682	15	shufersal
718603379699	11	shufersal
718603379705	11	shufersal
718603379712	11	shufersal
718603379729	11	shufersal
718603379743	11	shufersal
718603379750	11	shufersal
718603379774	11	shufersal
718603379798	15	shufersal
718603379804	11	shufersal
718603379811	11	shufersal
718603379828	11	shufersal
718603379835	11	shufersal
718603379842	11	shufersal
718603379859	11	shufersal
718603379866	11	shufersal
718603379873	15	shufersal
718603379880	15	shufersal
718603379897	15	shufersal
718603379903	15	shufersal
718603379910	11	shufersal
718603379927	11	shufersal
718603379934	15	shufersal
718603379941	15	shufersal
718603379958	15	shufersal
718603379965	15	shufersal
718603379989	11	shufersal
718603379996	11	shufersal
718603380008	15	shufersal
718603380015	11	shufersal
718603380022	11	shufersal
718603380039	11	shufersal
718603380046	11	shufersal
718603380053	11	shufersal
718603380060	15	shufersal
718603380077	15	shufersal
718603380084	11	shufersal
718603380091	15	shufersal
718603380107	15	shufersal
718603380114	12	shufersal
718603380121	12	shufersal
718603380138	11	shufersal
718603380145	11	shufersal
718603380152	11	shufersal
718603380169	11	shufersal
718603380176	15	shufersal
718603380183	15	shufersal
718603380190	15	shufersal
718603380206	11	shufersal
718603380213	11	shufersal
718603380220	11	shufersal
718603380237	11	shufersal
718603380244	15	shufersal
718603380251	11	shufersal
718603380268	11	shufersal
718603380275	11	shufersal
718603380282	11	shufersal
718603380299	11	shufersal
718603380305	11	shufersal
718603380312	11	shufersal
718603380329	11	shufersal
718603380336	15	shufersal
718603380343	15	shufersal
718603380350	15	shufersal
718603380367	15	shufersal
718603380374	15	shufersal
718603380381	15	shufersal
718603380398	11	shufersal
718603380404	11	shufersal
718603380411	11	shufersal
718603380428	11	shufersal
718603380435	11	shufersal
718603380442	15	shufersal
718603380459	15	shufersal
718603380466	11	shufersal
718603380473	11	shufersal
718603380480	11	shufersal
718603380497	11	shufersal
718603380503	12	shufersal
718603380510	12	shufersal
718603380527	12	shufersal
718603380534	11	shufersal
718603380541	11	shufersal
718603380558	11	shufersal
718603380565	12	shufersal
718603380572	11	shufersal
718603380589	15	shufersal
718603380596	11	shufersal
718603380602	11	shufersal
718603380633	11	shufersal
718603380640	11	shufersal
718603380657	11	shufersal
718603380664	15	shufersal
718603380671	15	shufersal
718603380688	15	shufersal
718603380695	15	shufersal
718603380701	11	shufersal
718603380718	11	shufersal
718603380725	12	shufersal
718603380732	15	shufersal
718603380749	11	shufersal
718603380756	11	shufersal
718603380763	11	shufersal
718603381111	11	shufersal
718603382118	11	shufersal
718603382125	11	shufersal
718603382132	11	shufersal
718603616879	26	shufersal
718603617371	26	shufersal
719346022705	13	shufersal
719346065405	13	shufersal
719346094665	13	shufersal
719346186551	13	shufersal
719346243636	13	shufersal
719346262200	27	shufersal
719346295970	13	shufersal
719346656863	13	shufersal
719565387562	14	shufersal
719565459825	14	shufersal
719565461347	14	shufersal
719565462405	14	shufersal
719565465345	14	shufersal
719565465406	14	shufersal
719565475344	14	shufersal
719565478659	14	shufersal
719565481437	14	shufersal
719565482267	14	shufersal
719565488429	14	shufersal
719565489877	14	shufersal
719565490323	14	shufersal
719565495601	14	shufersal
719565496271	14	shufersal
719565500435	14	shufersal
719565500640	14	shufersal
719565500695	14	shufersal
719565500770	14	shufersal
719565500794	14	shufersal
719565500930	14	shufersal
719565500947	14	shufersal
719565501081	14	shufersal
719565501159	14	shufersal
719565501166	14	shufersal
719565501180	14	shufersal
719565501777	14	shufersal
719565502217	14	shufersal
719565502231	14	shufersal
719565502255	14	shufersal
719565502286	14	shufersal
719565502293	14	shufersal
719565502309	14	shufersal
719565503856	14	shufersal
719812002651	19	shufersal
719812040752	19	shufersal
719812210810	19	shufersal
719812684963	19	shufersal
719812684987	19	shufersal
719812684994	19	shufersal
719812685021	19	shufersal
719812685038	19	shufersal
719812685236	19	shufersal
719812688862	19	shufersal
721688103059	20	shufersal
721688103066	20	shufersal
721688121756	14	shufersal
721688121763	14	shufersal
721688121770	14	shufersal
721733000739	8	shufersal
72241	19	shufersal
724049694685	13	shufersal
724049694722	13	shufersal
724049694739	13	shufersal
724049696832	13	shufersal
724049696849	13	shufersal
724049696870	13	shufersal
724049696900	27	shufersal
724049696917	13	shufersal
724049696931	27	shufersal
724049696979	27	shufersal
724049697051	13	shufersal
724049697167	27	shufersal
724049697655	13	shufersal
724049704292	13	shufersal
724742008024	12	shufersal
724742008123	12	shufersal
724742009519	12	shufersal
725272750100	9	shufersal
725272760208	9	shufersal
725272770306	9	shufersal
725272780404	9	shufersal
725272790700	9	shufersal
7252729909017	9	shufersal
725305500856	26	shufersal
725330687379	18	shufersal
725330687386	18	shufersal
7253340034898	9	shufersal
725882060446	26	shufersal
725882060477	26	shufersal
725882060484	26	shufersal
725882060491	26	shufersal
725882062488	26	shufersal
725882064321	26	shufersal
725882064437	26	shufersal
725882064925	26	shufersal
725882065144	26	shufersal
725882066745	26	shufersal
725882066752	26	shufersal
725882069647	26	shufersal
725882069654	26	shufersal
725882069661	26	shufersal
72623	19	shufersal
7262626010228	19	shufersal
7262626088197	27	shufersal
7262626088319	27	shufersal
7262626088845	25	shufersal
7262626088883	27	shufersal
7262626088890	27	shufersal
7262626800645	24	shufersal
7262626800867	24	shufersal
7262626800874	24	shufersal
7262626801079	27	shufersal
7262626801239	24	shufersal
7262626801246	24	shufersal
72630	5	shufersal
726529122763	7	shufersal
726529122770	7	shufersal
726529122787	7	shufersal
726529122794	7	shufersal
726529122800	7	shufersal
726529285741	8	shufersal
726529401424	14	shufersal
726529401486	14	shufersal
726529401493	14	shufersal
7271730901261	19	shufersal
72753	8	shufersal
72777	8	shufersal
72784	8	shufersal
7280546872122	18	shufersal
728229123590	7	shufersal
728229123811	7	shufersal
728229130154	7	shufersal
7290000045917	3	tiv_taam
7290000047621	3	tiv_taam
7290000051376	3	tiv_taam
7290000056845	3	tiv_taam
7290000056906	3	tiv_taam
7290000057477	3	tiv_taam
7290000103365	2	tiv_taam
7290000103457	2	tiv_taam
7290000103778	2	tiv_taam
7290000103839	2	tiv_taam
7290000103846	2	tiv_taam
7290000176079	8	tiv_taam
7290000197951	19	tiv_taam
7290000263359	17	tiv_taam
7290000289380	19	tiv_taam
7290000292014	17	tiv_taam
7290000293943	19	tiv_taam
7290000295565	19	tiv_taam
7290000339566	19	tiv_taam
7290000408354	3	tiv_taam
7290000453439	3	tiv_taam
7290000490779	7	tiv_taam
7290000522326	3	tiv_taam
7290000663067	9	tiv_taam
7290000688503	8	tiv_taam
7290000804484	17	tiv_taam
7290001427347	8	tiv_taam
7290001713150	19	tiv_taam
7290001713921	19	tiv_taam
7290002008507	19	tiv_taam
7290002133612	3	tiv_taam
7290002253181	2	tiv_taam
7290002331421	8	tiv_taam
7290002512035	2	tiv_taam
7290002814894	19	tiv_taam
7290002814986	19	tiv_taam
7290002824466	3	tiv_taam
7290002929512	2	tiv_taam
7290002929536	2	tiv_taam
7290003009596	8	tiv_taam
7290003029792	3	tiv_taam
7290003141159	7	tiv_taam
7290003359318	2	tiv_taam
7290003726592	9	tiv_taam
7290003726615	9	tiv_taam
7290004053291	2	tiv_taam
7290004120108	3	tiv_taam
7290004124205	3	tiv_taam
7290004129767	3	tiv_taam
7290004131227	3	tiv_taam
7290004137021	3	tiv_taam
7290004199777	17	tiv_taam
7290004584528	3	tiv_taam
7290004585907	3	tiv_taam
7290004952778	9	tiv_taam
7290005008184	17	tiv_taam
7290005296260	19	tiv_taam
7290005423369	17	tiv_taam
7290005424762	19	tiv_taam
7290005838613	3	tiv_taam
7290005839108	3	tiv_taam
7290006241511	2	tiv_taam
7290006559180	3	tiv_taam
7290006618085	19	tiv_taam
7290006664402	3	tiv_taam
7290006724175	9	tiv_taam
7290006764270	8	tiv_taam
7290006788429	17	tiv_taam
7290006960191	2	tiv_taam
7290008104050	17	tiv_taam
7290008335553	2	tiv_taam
7290008909853	8	tiv_taam
7290008940191	3	tiv_taam
7290010002023	5	shufersal
7290010002078	5	shufersal
7290010002092	5	shufersal
7290010002108	5	shufersal
7290010002122	5	shufersal
7290010002139	5	shufersal
7290010002146	5	shufersal
7290010002153	5	shufersal
7290010002214	5	shufersal
7290010002283	5	shufersal
7290010002320	5	shufersal
7290010002368	5	shufersal
7290010003693	5	shufersal
7290010003709	5	shufersal
7290010003754	5	shufersal
7290010023141	8	shufersal
7290010030163	9	shufersal
7290010030170	9	shufersal
7290010030569	9	shufersal
7290010032303	5	shufersal
7290010032310	5	shufersal
7290010032419	10	shufersal
7290010032426	10	shufersal
7290010035182	9	shufersal
7290010035342	9	shufersal
7290010035564	9	shufersal
7290010035588	9	shufersal
7290010035694	9	shufersal
7290010035984	9	shufersal
7290010035991	9	shufersal
7290010038619	9	shufersal
7290010038664	11	shufersal
7290010065059	11	shufersal
7290010065295	11	shufersal
7290010065318	11	shufersal
7290010065332	11	shufersal
7290010065349	11	shufersal
7290010065721	11	shufersal
7290010065745	11	shufersal
7290010066513	5	shufersal
7290010066575	5	shufersal
7290010066582	5	shufersal
7290010081110	9	shufersal
7290010081134	9	shufersal
7290010081288	19	shufersal
7290010081684	9	shufersal
7290010116348	19	shufersal
7290010116355	19	shufersal
7290010116980	8	shufersal
7290010117864	19	shufersal
7290010124503	2	shufersal
7290010132027	20	shufersal
7290010132041	20	shufersal
7290010132058	20	shufersal
7290010132089	20	shufersal
7290010132096	20	shufersal
7290010132102	20	shufersal
7290010132119	20	shufersal
7290010132126	20	shufersal
7290010132164	20	shufersal
7290010132249	20	shufersal
7290010132263	20	shufersal
7290010132287	20	shufersal
7290010132317	20	shufersal
7290010132324	19	shufersal
7290010132331	20	shufersal
7290010132362	20	shufersal
7290010132508	20	shufersal
7290010132515	20	shufersal
7290010132560	20	shufersal
7290010132737	20	shufersal
7290010132744	20	shufersal
7290010132775	20	shufersal
7290010132867	20	shufersal
7290010132935	20	shufersal
7290010132942	20	shufersal
7290010133017	20	shufersal
7290010133024	20	shufersal
7290010133031	20	shufersal
7290010133048	20	shufersal
7290010133055	20	shufersal
7290010133130	20	shufersal
7290010133185	20	shufersal
7290010133192	20	shufersal
7290010133215	20	shufersal
7290010133314	20	shufersal
7290010133345	20	shufersal
7290010133352	20	shufersal
7290010133369	20	shufersal
7290010133444	20	shufersal
7290010133451	20	shufersal
7290010133468	20	shufersal
7290010133529	20	shufersal
7290010133536	20	shufersal
7290010133543	20	shufersal
7290010133550	20	shufersal
7290010133574	20	shufersal
7290010133611	20	shufersal
7290010133802	20	shufersal
7290010133918	20	shufersal
7290010134069	20	shufersal
7290010134083	20	shufersal
7290010134090	20	shufersal
7290010134106	20	shufersal
7290010134199	20	shufersal
7290010134205	20	shufersal
7290010134212	20	shufersal
7290010134229	20	shufersal
7290010134236	20	shufersal
7290010134243	20	shufersal
7290010134267	20	shufersal
7290010134311	20	shufersal
7290010134526	20	shufersal
7290010153503	5	shufersal
7290010153534	5	shufersal
7290010154005	19	shufersal
7290010154012	17	shufersal
7290010154050	19	shufersal
7290010154241	17	shufersal
7290010154265	17	shufersal
7290010154678	17	shufersal
7290010154685	17	shufersal
7290010193288	4	shufersal
7290010193806	2	shufersal
7290010207206	9	shufersal
7290010207282	9	shufersal
7290010207558	9	shufersal
7290010207640	9	shufersal
7290010207886	9	shufersal
7290010222131	9	shufersal
7290010222759	11	shufersal
7290010222766	12	shufersal
7290010237531	8	shufersal
7290010237548	8	shufersal
7290010237586	8	shufersal
7290010237784	8	shufersal
7290010237890	8	shufersal
7290010259359	19	shufersal
7290010259366	19	shufersal
7290010259823	19	shufersal
7290010259830	19	shufersal
7290010259847	19	shufersal
7290010259854	19	shufersal
7290010259861	19	shufersal
7290010294114	9	shufersal
7290010294152	16	shufersal
7290010294183	11	shufersal
7290010294190	17	shufersal
7290010294282	16	shufersal
7290010294428	16	shufersal
7290010294435	16	shufersal
7290010294503	16	shufersal
7290010294572	16	shufersal
7290010294688	16	shufersal
7290010294695	16	shufersal
7290010294787	11	shufersal
7290010294831	16	shufersal
7290010294916	16	shufersal
7290010294923	16	shufersal
7290010294954	12	shufersal
7290010318087	9	shufersal
7290010318230	9	shufersal
7290010318636	9	shufersal
7290010318810	9	shufersal
7290010318827	9	shufersal
7290010328505	10	shufersal
7290010328819	10	shufersal
7290010362691	9	shufersal
7290010380756	14	shufersal
7290010380763	14	shufersal
7290010381388	14	shufersal
7290010381449	14	shufersal
7290010381548	14	shufersal
7290010381661	14	shufersal
7290010382842	11	shufersal
7290010472307	17	shufersal
7290010548019	2	shufersal
7290010548514	2	shufersal
7290010587964	8	shufersal
7290010587988	8	shufersal
7290010609079	19	shufersal
7290010632534	11	shufersal
7290010632558	11	shufersal
7290010632572	11	shufersal
7290010650002	1	shufersal
7290010650040	1	shufersal
7290010650293	1	shufersal
7290010650576	1	shufersal
7290010650767	1	shufersal
7290010650828	1	shufersal
7290010650958	1	shufersal
7290010650996	1	shufersal
7290010700561	9	shufersal
7290010700875	9	shufersal
7290010701568	19	shufersal
7290010701575	2	shufersal
7290010701728	2	shufersal
7290010721337	15	shufersal
7290010721528	11	shufersal
7290010721580	11	shufersal
7290010721726	11	shufersal
7290010721733	15	shufersal
7290010748693	11	shufersal
7290010748860	11	shufersal
7290010748891	11	shufersal
7290010777099	19	shufersal
7290010777297	17	shufersal
7290010777358	17	shufersal
7290010777488	17	shufersal
7290010777525	19	shufersal
7290010791552	18	shufersal
7290010815005	11	shufersal
7290010815036	12	shufersal
7290010815111	12	shufersal
7290010815159	9	shufersal
7290010815180	12	shufersal
7290010822430	8	shufersal
7290010838219	10	shufersal
7290010839865	5	shufersal
7290010868186	1	shufersal
7290010945481	17	shufersal
7290010970018	5	shufersal
7290010970100	5	shufersal
7290010970254	5	shufersal
7290010970261	5	shufersal
7290010970759	5	shufersal
7290010970766	5	shufersal
7290011015862	8	shufersal
7290011015985	8	shufersal
7290011017866	8	shufersal
7290011017873	8	shufersal
7290011017880	8	shufersal
7290011018184	8	shufersal
7290011018214	8	tiv_taam
7290011018368	8	shufersal
7290011018443	8	shufersal
7290011018467	8	shufersal
7290011018474	8	shufersal
7290011018832	19	shufersal
7290011018917	19	shufersal
7290011026530	11	shufersal
7290011051358	8	shufersal
7290011051433	8	shufersal
7290011051440	8	shufersal
7290011064075	3	shufersal
7290011064099	3	shufersal
7290011081492	2	shufersal
7290011081690	2	shufersal
7290011105273	26	shufersal
7290011105280	26	shufersal
7290011105303	26	shufersal
7290011105358	26	shufersal
7290011105624	20	shufersal
7290011105631	20	shufersal
7290011105792	22	shufersal
7290011112073	11	shufersal
7290011113889	14	shufersal
7290011114305	14	shufersal
7290011116392	14	shufersal
7290011116446	14	shufersal
7290011116514	14	shufersal
7290011126209	8	shufersal
7290011126452	8	shufersal
7290011126469	8	shufersal
7290011126957	8	shufersal
7290011128050	1	shufersal
7290011131050	7	shufersal
7290011131371	7	shufersal
7290011131388	7	shufersal
7290011131395	7	shufersal
7290011131609	7	shufersal
7290011131968	7	shufersal
7290011131975	7	shufersal
7290011132552	8	shufersal
7290011132583	8	shufersal
7290011133375	8	shufersal
7290011133634	19	shufersal
7290011136369	11	shufersal
7290011137007	26	shufersal
7290011154035	8	shufersal
7290011154080	8	shufersal
7290011186814	11	shufersal
7290011194215	19	shufersal
7290011194246	17	shufersal
7290011195489	20	shufersal
7290011204051	26	shufersal
7290011223038	5	shufersal
7290011223243	19	shufersal
7290011223960	11	shufersal
7290011230883	20	shufersal
7290011235048	1	shufersal
7290011239213	1	shufersal
7290011239237	1	shufersal
7290011239596	6	shufersal
7290011239657	1	shufersal
7290011254032	5	shufersal
7290011254346	5	shufersal
7290011254759	5	shufersal
7290011278168	11	shufersal
7290011278458	12	shufersal
7290011278519	12	shufersal
7290011278687	12	shufersal
7290011278786	12	shufersal
7290011291068	9	shufersal
7290011291075	9	shufersal
7290011291280	9	shufersal
7290011296056	20	shufersal
7290011296452	26	shufersal
7290011296582	20	shufersal
7290011296643	20	shufersal
7290011296650	20	shufersal
7290011297015	26	shufersal
7290011297022	26	shufersal
7290011297459	26	shufersal
7290011297527	26	shufersal
7290011297572	20	shufersal
7290011297916	20	shufersal
7290011297923	20	shufersal
7290011332020	15	shufersal
7290011332839	11	shufersal
7290011363109	9	shufersal
7290011363598	16	shufersal
7290011363819	9	shufersal
7290011372002	15	shufersal
7290011374075	20	shufersal
7290011378028	10	shufersal
7290011378257	10	shufersal
7290011378769	5	shufersal
7290011378776	5	shufersal
7290011387112	9	shufersal
7290011387129	9	shufersal
7290011387181	9	shufersal
7290011387945	9	shufersal
7290011402266	2	tiv_taam
7290011426033	3	shufersal
7290011426071	3	shufersal
7290011426248	3	shufersal
7290011426293	3	shufersal
7290011426507	3	shufersal
7290011426521	3	shufersal
7290011426576	5	shufersal
7290011431983	19	shufersal
7290011438142	3	shufersal
7290011447267	11	shufersal
7290011447281	11	shufersal
7290011447304	11	shufersal
7290011447359	11	shufersal
7290011447373	11	shufersal
7290011447748	18	shufersal
7290011447908	18	shufersal
7290011489595	19	shufersal
7290011489625	19	shufersal
7290011498092	10	shufersal
7290011498108	10	shufersal
7290011498177	17	shufersal
7290011498511	5	shufersal
7290011498740	5	shufersal
7290011498870	10	shufersal
7290011498887	10	shufersal
7290011498894	10	shufersal
7290011498900	10	shufersal
7290011498917	10	shufersal
7290011498948	10	shufersal
7290011498955	17	shufersal
7290011498962	5	shufersal
7290011498979	17	shufersal
7290011498986	17	shufersal
7290011498993	17	shufersal
7290011499051	3	shufersal
7290011499105	3	shufersal
7290011499112	3	shufersal
7290011499129	3	shufersal
7290011499303	3	shufersal
7290011499327	3	shufersal
7290011499341	3	shufersal
7290011499358	3	shufersal
7290011499365	19	shufersal
7290011499419	17	shufersal
7290011499525	3	shufersal
7290011499624	19	shufersal
7290011499846	3	shufersal
7290011501556	1	shufersal
7290011501570	8	shufersal
7290011501594	7	shufersal
7290011501617	1	shufersal
7290011505424	11	shufersal
7290011505561	11	shufersal
7290011505714	11	shufersal
7290011505806	17	tiv_taam
7290011515683	2	shufersal
7290011515911	2	shufersal
7290011525316	11	shufersal
7290011525323	11	shufersal
7290011525613	16	shufersal
7290011525712	11	shufersal
7290011525729	11	shufersal
7290011552398	11	shufersal
7290011552466	11	shufersal
7290011552503	11	shufersal
7290011552510	11	shufersal
7290011552541	11	shufersal
7290011552572	11	shufersal
7290011570507	5	shufersal
7290011570644	5	shufersal
7290011570781	5	shufersal
7290011570798	5	shufersal
7290011570934	5	shufersal
7290011575007	19	shufersal
7290011575281	19	shufersal
7290011587581	5	shufersal
7290011587598	5	shufersal
7290011587710	5	shufersal
7290011598211	19	shufersal
7290011618025	11	shufersal
7290011618131	11	shufersal
7290011618216	11	shufersal
7290011622428	11	shufersal
7290011648480	19	shufersal
7290011668143	11	shufersal
7290011668570	7	shufersal
7290011668587	7	shufersal
7290011668594	7	shufersal
7290011704162	15	shufersal
7290011714895	12	shufersal
7290011746001	16	shufersal
7290011765620	19	tiv_taam
7290011771133	12	shufersal
7290011771201	12	shufersal
7290011771225	12	shufersal
7290011771294	12	shufersal
7290011771515	12	shufersal
7290011771539	12	shufersal
7290011771553	12	shufersal
7290011800840	17	shufersal
7290011830144	10	shufersal
7290011830168	10	shufersal
7290011830236	6	shufersal
7290011847104	9	shufersal
7290011847500	9	shufersal
7290011860271	19	shufersal
7290011876388	19	shufersal
7290011876494	2	shufersal
7290011876722	5	shufersal
7290011876739	5	shufersal
7290011877859	19	shufersal
7290011878825	3	shufersal
7290011878832	9	tiv_taam
7290011879105	26	shufersal
7290011899127	9	shufersal
7290011899141	9	shufersal
7290011899202	9	shufersal
7290011899288	9	shufersal
7290011899295	9	shufersal
7290011899479	9	shufersal
7290011899615	9	shufersal
7290011899622	9	shufersal
7290011899646	9	shufersal
7290011899684	9	shufersal
7290011899967	9	shufersal
7290011912642	17	tiv_taam
7290011931162	19	shufersal
7290011947316	5	shufersal
7290011947798	5	shufersal
7290011964344	19	shufersal
7290011964542	19	shufersal
7290011964658	19	shufersal
7290011964689	19	shufersal
7290011964702	19	shufersal
7290011971694	10	shufersal
7290011988005	11	shufersal
7290011988081	27	shufersal
7290011988159	11	shufersal
7290011988173	11	shufersal
7290011988203	11	shufersal
7290011988296	11	shufersal
7290011988487	15	shufersal
7290011988555	11	shufersal
7290011988586	11	shufersal
7290011988654	11	shufersal
7290011996031	19	shufersal
7290011996062	19	shufersal
7290011996109	19	shufersal
7290011996123	19	shufersal
7290011996178	19	shufersal
7290011996222	19	shufersal
7290011996277	19	shufersal
7290011996482	19	shufersal
7290011996499	19	shufersal
7290011996529	19	shufersal
7290011996581	19	shufersal
7290011996604	19	shufersal
7290011996642	19	shufersal
7290011996703	19	shufersal
7290011996741	19	shufersal
7290011996758	19	shufersal
7290011996765	19	shufersal
7290011996789	19	shufersal
7290011996819	5	shufersal
7290011996888	19	shufersal
7290012001994	5	shufersal
7290012008634	9	shufersal
7290012008658	9	shufersal
7290012015199	9	shufersal
7290012019036	5	shufersal
7290012019258	5	shufersal
7290012019265	5	shufersal
7290012019272	5	shufersal
7290012022005	10	shufersal
7290012022050	10	shufersal
7290012022067	10	shufersal
7290012024597	16	shufersal
7290012024603	16	shufersal
7290012045004	16	shufersal
7290012045592	12	shufersal
7290012045752	11	shufersal
7290012045967	16	shufersal
7290012045974	9	shufersal
7290012066375	15	shufersal
7290012066542	11	shufersal
7290012066832	15	shufersal
7290012066849	15	shufersal
7290012066962	11	shufersal
7290012086113	1	shufersal
7290012116537	19	shufersal
7290012117091	19	shufersal
7290012117534	19	tiv_taam
7290012132926	11	shufersal
7290012132933	17	shufersal
7290012132940	12	shufersal
7290012193071	15	shufersal
7290012197277	22	shufersal
7290012208614	19	shufersal
7290012208768	19	shufersal
7290012208805	19	shufersal
7290012208904	10	shufersal
7290012208959	5	shufersal
7290012212246	5	shufersal
7290012226120	4	shufersal
7290012226922	4	shufersal
7290012227912	4	shufersal
7290012227974	4	shufersal
7290012227981	4	shufersal
7290012227998	4	shufersal
7290012228261	4	shufersal
7290012228278	4	shufersal
7290012244018	2	shufersal
7290012244032	2	shufersal
7290012244278	2	shufersal
7290012244643	17	shufersal
7290012251887	2	tiv_taam
7290012309366	5	shufersal
7290012309892	5	shufersal
7290012309939	5	shufersal
7290012350269	11	shufersal
7290012350276	11	shufersal
7290012367014	11	shufersal
7290012367700	11	shufersal
7290012367717	11	shufersal
7290012368288	9	shufersal
7290012368813	9	shufersal
7290012392726	22	shufersal
7290012392733	22	shufersal
7290012392757	22	shufersal
7290012392771	22	shufersal
7290012392818	22	shufersal
7290012392832	22	shufersal
7290012404955	8	shufersal
7290012413636	8	shufersal
7290012413643	8	shufersal
7290012430473	9	shufersal
7290012480928	25	shufersal
7290012485138	9	shufersal
7290012485398	9	shufersal
7290012485411	9	shufersal
7290012485817	9	shufersal
7290012485893	9	shufersal
7290012491047	11	shufersal
7290012491078	11	shufersal
7290012491115	11	shufersal
7290012491122	11	shufersal
7290012491405	11	shufersal
7290012497032	9	shufersal
7290012497063	9	shufersal
7290012497131	9	shufersal
7290012497315	9	shufersal
7290012497322	9	shufersal
7290012497629	9	shufersal
7290012497643	9	shufersal
7290012497650	9	shufersal
7290012497889	9	shufersal
7290012499005	11	shufersal
7290012499692	11	shufersal
7290012522581	5	shufersal
7290012561337	2	shufersal
7290012561405	2	shufersal
7290012561658	2	shufersal
7290012565373	9	shufersal
7290012565380	9	shufersal
7290012565984	9	shufersal
7290012576591	8	shufersal
7290012576607	8	shufersal
7290012576614	8	shufersal
7290012588501	8	shufersal
7290012588518	8	shufersal
7290012588907	8	shufersal
7290012624155	11	shufersal
7290012624865	11	shufersal
7290012637230	8	shufersal
7290012637254	8	shufersal
7290012637261	8	shufersal
7290012637278	8	shufersal
7290012637315	5	shufersal
7290012637322	8	shufersal
7290012637339	8	shufersal
7290012637353	8	shufersal
7290012637469	8	shufersal
7290012637476	8	shufersal
7290012637483	8	shufersal
7290012637582	8	shufersal
7290012637599	8	shufersal
7290012642678	5	shufersal
7290012642685	5	shufersal
7290012642692	5	shufersal
7290012645112	19	shufersal
7290012645129	19	shufersal
7290012645297	19	shufersal
7290012645389	19	shufersal
7290012668296	9	tiv_taam
7290012701832	12	shufersal
7290012701849	12	shufersal
7290012701887	12	shufersal
7290012702082	9	shufersal
7290012702150	16	shufersal
7290012702167	11	shufersal
7290012702266	15	shufersal
7290012702273	11	shufersal
7290012702358	17	shufersal
7290012702365	12	shufersal
7290012702372	11	shufersal
7290012702389	17	shufersal
7290012702396	17	shufersal
7290012702631	12	shufersal
7290012702693	11	shufersal
7290012702709	11	shufersal
7290012702747	11	shufersal
7290012702822	12	shufersal
7290012702839	12	shufersal
7290012702884	11	shufersal
7290012760006	9	shufersal
7290012760037	9	shufersal
7290012760174	9	shufersal
7290012760211	9	shufersal
7290012760228	9	shufersal
7290012760266	9	shufersal
7290012760761	9	shufersal
7290012760792	9	shufersal
7290012760808	9	shufersal
7290012760815	9	shufersal
7290012760853	9	shufersal
7290012760891	9	shufersal
7290012760907	9	shufersal
7290012803055	10	shufersal
7290012803222	9	tiv_taam
7290012850592	12	shufersal
7290012854392	12	shufersal
7290012854675	12	shufersal
7290012854835	12	shufersal
7290012884986	19	shufersal
7290012901355	19	shufersal
7290012901959	19	shufersal
7290012901973	5	shufersal
7290012911095	5	shufersal
7290012911262	19	shufersal
7290012911293	19	shufersal
7290012911415	19	shufersal
7290012911422	19	shufersal
7290012911477	19	shufersal
7290012911644	5	shufersal
7290012911675	19	shufersal
7290012911729	19	shufersal
7290012911804	19	shufersal
7290012911866	5	shufersal
7290012911934	5	shufersal
7290012911941	19	shufersal
7290012921025	8	shufersal
7290012921032	8	shufersal
7290012921056	8	shufersal
7290012938405	19	shufersal
7290012938597	15	shufersal
7290012938740	15	shufersal
7290012962165	19	tiv_taam
7290012962448	25	shufersal
7290012962578	11	shufersal
7290012979064	12	shufersal
7290012979156	12	shufersal
7290012979217	15	shufersal
7290012996320	19	shufersal
7290012996337	19	shufersal
7290012996351	19	shufersal
7290013014887	12	shufersal
7290013014986	12	shufersal
7290013015044	12	shufersal
7290013015082	12	shufersal
7290013015129	12	shufersal
7290013027399	17	shufersal
7290013073365	25	shufersal
7290013073389	25	shufersal
7290013073396	25	shufersal
7290013073495	25	shufersal
7290013073556	25	shufersal
7290013073624	25	shufersal
7290013073648	25	shufersal
7290013073655	25	shufersal
7290013073686	25	shufersal
7290013073723	25	shufersal
7290013073747	25	shufersal
7290013073778	25	shufersal
7290013073815	25	shufersal
7290013073839	25	shufersal
7290013073884	25	shufersal
7290013073945	25	shufersal
7290013073969	25	shufersal
7290013073976	25	shufersal
7290013073990	25	shufersal
7290013083661	11	shufersal
7290013083678	11	shufersal
7290013083685	11	shufersal
7290013090010	1	shufersal
7290013090157	1	shufersal
7290013090171	1	shufersal
7290013090225	1	shufersal
7290013090355	1	shufersal
7290013090362	1	shufersal
7290013090379	1	shufersal
7290013090386	1	shufersal
7290013090409	1	shufersal
7290013090430	1	shufersal
7290013090454	1	shufersal
7290013090461	1	shufersal
7290013090485	1	shufersal
7290013090492	1	shufersal
7290013090515	1	shufersal
7290013090522	1	shufersal
7290013090546	1	shufersal
7290013090553	1	shufersal
7290013090577	1	shufersal
7290013090683	1	shufersal
7290013090812	1	shufersal
7290013092557	12	shufersal
7290013092564	12	shufersal
7290013092717	16	shufersal
7290013092779	16	shufersal
7290013092878	12	shufersal
7290013093004	11	shufersal
7290013093028	15	shufersal
7290013093059	11	shufersal
7290013093202	11	shufersal
7290013093219	15	shufersal
7290013093226	11	shufersal
7290013093257	11	shufersal
7290013093295	11	shufersal
7290013117212	19	shufersal
7290013117229	19	shufersal
7290013117410	2	shufersal
7290013117427	2	shufersal
7290013117526	2	shufersal
7290013121028	5	shufersal
7290013121035	5	shufersal
7290013121103	5	shufersal
7290013121110	5	shufersal
7290013121127	5	shufersal
7290013121158	5	shufersal
7290013121165	5	shufersal
7290013121752	5	shufersal
7290013121776	5	shufersal
7290013128393	2	shufersal
7290013142115	9	shufersal
7290013142146	9	shufersal
7290013142450	9	shufersal
7290013142535	9	shufersal
7290013142894	9	shufersal
7290013142917	9	shufersal
7290013144201	5	shufersal
7290013144218	19	shufersal
7290013144317	5	shufersal
7290013144393	5	shufersal
7290013144751	5	shufersal
7290013144768	5	shufersal
7290013145192	19	shufersal
7290013145277	5	shufersal
7290013145949	5	shufersal
7290013146298	5	shufersal
7290013150523	9	shufersal
7290013153418	8	shufersal
7290013186782	2	tiv_taam
7290013195272	2	shufersal
7290013195289	2	shufersal
7290013200198	5	shufersal
7290013200297	5	shufersal
7290013200389	5	shufersal
7290013202413	11	shufersal
7290013202420	11	shufersal
7290013202499	11	shufersal
7290013202550	11	shufersal
7290013202574	11	shufersal
7290013202628	11	shufersal
7290013202987	11	shufersal
7290013202994	11	shufersal
7290013234377	9	shufersal
7290013259684	11	shufersal
7290013267665	2	shufersal
7290013268020	19	shufersal
7290013268204	19	tiv_taam
7290013268242	19	shufersal
7290013268891	19	shufersal
7290013268990	19	shufersal
7290013269003	19	shufersal
7290013269263	19	tiv_taam
7290013269621	19	tiv_taam
7290013269706	19	tiv_taam
7290013269911	19	shufersal
7290013275189	11	shufersal
7290013275196	11	shufersal
7290013275202	11	shufersal
7290013276124	8	shufersal
7290013284136	5	shufersal
7290013284143	5	shufersal
7290013284150	5	shufersal
7290013284167	5	shufersal
7290013284310	5	shufersal
7290013284662	5	shufersal
7290013310101	25	shufersal
7290013310163	25	shufersal
7290013310200	11	shufersal
7290013310279	11	shufersal
7290013310323	11	shufersal
7290013310477	25	shufersal
7290013355003	9	shufersal
7290013355973	12	shufersal
7290013355980	11	shufersal
7290013355997	11	shufersal
7290013358356	5	shufersal
7290013358417	5	shufersal
7290013358493	19	shufersal
7290013358530	5	shufersal
7290013358547	19	shufersal
7290013366665	1	shufersal
7290013366689	19	shufersal
7290013381972	5	shufersal
7290013381989	5	shufersal
7290013412294	15	shufersal
7290013412317	15	shufersal
7290013430083	8	shufersal
7290013430250	8	shufersal
7290013430304	8	shufersal
7290013433077	7	shufersal
7290013433084	7	shufersal
7290013433091	10	shufersal
7290013433107	7	shufersal
7290013433244	10	shufersal
7290013433336	10	shufersal
7290013440648	2	shufersal
7290013453044	10	shufersal
7290013453068	7	shufersal
7290013453075	7	shufersal
7290013453082	7	shufersal
7290013453136	7	shufersal
7290013453150	7	shufersal
7290013453266	6	shufersal
7290013453280	6	shufersal
7290013453488	10	shufersal
7290013453501	10	shufersal
7290013453587	7	tiv_taam
7290013453624	5	shufersal
7290013453631	5	shufersal
7290013453679	10	shufersal
7290013453686	10	shufersal
7290013453693	10	shufersal
7290013462039	11	shufersal
7290013464156	9	shufersal
7290013464217	9	shufersal
7290013464248	9	shufersal
7290013464309	9	shufersal
7290013464316	9	shufersal
7290013464415	9	shufersal
7290013464422	9	shufersal
7290013464477	9	shufersal
7290013464484	9	shufersal
7290013464491	9	shufersal
7290013464644	9	shufersal
7290013464651	9	shufersal
7290013464729	9	shufersal
7290013464859	9	shufersal
7290013464873	9	shufersal
7290013464897	9	shufersal
7290013464958	9	shufersal
7290013464972	9	shufersal
7290013465009	9	shufersal
7290013465030	9	shufersal
7290013465054	9	shufersal
7290013465115	9	shufersal
7290013465160	9	shufersal
7290013465184	9	shufersal
7290013465436	9	shufersal
7290013465702	9	shufersal
7290013465795	9	shufersal
7290013465801	9	shufersal
7290013465900	9	shufersal
7290013465924	9	shufersal
7290013465962	9	shufersal
7290013472199	1	shufersal
7290013473004	15	shufersal
7290013473011	15	shufersal
7290013473035	15	shufersal
7290013473042	15	shufersal
7290013473073	11	shufersal
7290013473080	27	shufersal
7290013473363	11	shufersal
7290013473387	11	shufersal
7290013473400	11	shufersal
7290013473462	15	shufersal
7290013473493	11	shufersal
7290013473516	11	shufersal
7290013473523	11	shufersal
7290013473530	11	shufersal
7290013473547	11	shufersal
7290013473738	27	shufersal
7290013473752	11	shufersal
7290013473790	15	shufersal
7290013473806	15	shufersal
7290013473813	15	shufersal
7290013473820	15	shufersal
7290013473998	11	shufersal
7290013474094	11	shufersal
7290013474223	11	shufersal
7290013475398	15	shufersal
7290013475404	15	shufersal
7290013475565	15	shufersal
7290013476449	15	shufersal
7290013476678	15	shufersal
7290013492005	1	shufersal
7290013496003	12	shufersal
7290013496010	11	shufersal
7290013496027	11	shufersal
7290013496270	16	shufersal
7290013496348	9	shufersal
7290013521408	5	shufersal
7290013531117	5	shufersal
7290013531346	8	shufersal
7290013531759	5	shufersal
7290013540874	5	shufersal
7290013556011	9	shufersal
7290013556202	9	shufersal
7290013571113	9	shufersal
7290013571205	9	shufersal
7290013571229	9	shufersal
7290013571519	9	shufersal
7290013571649	9	shufersal
7290013571977	9	shufersal
7290013575012	11	shufersal
7290013575050	16	shufersal
7290013575074	16	shufersal
7290013575098	16	shufersal
7290013575111	17	shufersal
7290013575128	17	shufersal
7290013575159	12	shufersal
7290013575166	16	shufersal
7290013575173	16	shufersal
7290013575180	16	shufersal
7290013575197	16	shufersal
7290013575203	16	shufersal
7290013575210	16	shufersal
7290013575258	16	shufersal
7290013575265	16	shufersal
7290013575272	16	shufersal
7290013575319	16	shufersal
7290013575326	16	shufersal
7290013575364	16	shufersal
7290013575395	16	shufersal
7290013575425	16	shufersal
7290013575432	16	shufersal
7290013575449	16	shufersal
7290013575456	16	shufersal
7290013575463	16	shufersal
7290013575487	16	shufersal
7290013575500	16	shufersal
7290013575517	16	shufersal
7290013575531	16	shufersal
7290013575548	16	shufersal
7290013575555	16	shufersal
7290013575562	12	shufersal
7290013575586	16	shufersal
7290013575593	16	shufersal
7290013575609	16	shufersal
7290013575616	16	shufersal
7290013575623	16	shufersal
7290013575777	16	shufersal
7290013575784	16	shufersal
7290013575791	16	shufersal
7290013575807	16	shufersal
7290013575814	16	shufersal
7290013579157	2	tiv_taam
7290013579713	2	shufersal
7290013585233	8	shufersal
7290013585257	8	shufersal
7290013585387	8	shufersal
7290013585394	8	shufersal
7290013585967	19	shufersal
7290013602022	26	shufersal
7290013602046	21	shufersal
7290013602060	21	shufersal
7290013602107	21	shufersal
7290013602114	21	shufersal
7290013602152	22	shufersal
7290013602169	23	shufersal
7290013602176	26	shufersal
7290013602183	21	shufersal
7290013602190	21	shufersal
7290013602237	21	shufersal
7290013602268	26	shufersal
7290013602435	26	shufersal
7290013602572	21	shufersal
7290013602664	21	shufersal
7290013602688	21	shufersal
7290013602725	26	shufersal
7290013602732	23	shufersal
7290013602756	26	shufersal
7290013608260	8	shufersal
7290013608864	8	shufersal
7290013621207	9	shufersal
7290013621221	9	shufersal
7290013621344	9	shufersal
7290013645050	5	shufersal
7290013652157	12	shufersal
7290013652164	12	shufersal
7290013652171	12	shufersal
7290013652799	11	shufersal
7290013663160	11	shufersal
7290013663832	11	shufersal
7290013677822	5	shufersal
7290013677846	5	shufersal
7290013683595	2	shufersal
7290013683618	19	shufersal
7290013683625	2	shufersal
7290013683632	2	shufersal
7290013688279	11	shufersal
7290013688286	9	shufersal
7290013688293	9	shufersal
7290013688309	11	shufersal
7290013688705	11	shufersal
7290013716705	26	shufersal
7290013716712	26	shufersal
7290013724809	7	shufersal
7290013725639	19	shufersal
7290013725646	5	shufersal
7290013725653	5	shufersal
7290013725677	5	shufersal
7290013725684	5	shufersal
7290013725691	5	shufersal
7290013725707	19	shufersal
7290013725714	5	shufersal
7290013725738	5	shufersal
7290013725752	5	shufersal
7290013725769	5	shufersal
7290013740014	7	shufersal
7290013740021	7	shufersal
7290013740052	7	shufersal
7290013740069	7	shufersal
7290013740076	7	shufersal
7290013740083	7	shufersal
7290013740113	7	shufersal
7290013740137	7	shufersal
7290013740182	7	shufersal
7290013740229	7	shufersal
7290013740250	7	shufersal
7290013740328	7	shufersal
7290013740342	7	shufersal
7290013740441	7	shufersal
7290013740458	7	shufersal
7290013740465	7	shufersal
7290013740533	7	shufersal
7290013740540	7	shufersal
7290013740557	7	shufersal
7290013740564	7	shufersal
7290013740601	7	shufersal
7290013740625	7	shufersal
7290013740632	7	shufersal
7290013740656	7	shufersal
7290013740663	7	shufersal
7290013740694	19	shufersal
7290013740809	7	shufersal
7290013740816	7	shufersal
7290013740823	7	shufersal
7290013756343	17	shufersal
7290013756442	9	shufersal
7290013756534	9	shufersal
7290013756541	9	shufersal
7290013756817	9	shufersal
7290013756916	9	shufersal
7290013766120	9	shufersal
7290013771216	3	shufersal
7290013771384	3	tiv_taam
7290013787392	2	shufersal
7290013787408	19	shufersal
7290013787415	19	shufersal
7290013787422	2	shufersal
7290013788955	15	shufersal
7290013788962	15	shufersal
7290013826282	16	shufersal
7290013847454	5	shufersal
7290013847645	5	shufersal
7290013848758	19	shufersal
7290013859334	14	shufersal
7290013859341	14	shufersal
7290013859419	12	shufersal
7290013859518	14	shufersal
7290013859600	12	shufersal
7290013859648	11	shufersal
7290013859815	12	shufersal
7290013859952	12	shufersal
7290013859983	12	shufersal
7290013861412	1	shufersal
7290013861429	1	shufersal
7290013861443	1	shufersal
7290013861740	5	shufersal
7290013882042	11	shufersal
7290013882080	11	shufersal
7290013902139	11	shufersal
7290013902894	11	shufersal
7290013903594	5	shufersal
7290013927101	10	shufersal
7290013927156	10	shufersal
7290013971203	26	shufersal
7290013994295	10	shufersal
7290013994301	10	shufersal
7290013994318	10	shufersal
7290013994417	10	shufersal
7290013994554	10	shufersal
7290013994578	10	shufersal
7290013994653	10	shufersal
7290013994684	10	shufersal
7290013994752	7	tiv_taam
7290013994776	2	tiv_taam
7290013994783	2	shufersal
7290013994790	2	tiv_taam
7290013994806	2	tiv_taam
7290013994813	10	shufersal
7290013994820	10	shufersal
7290013994912	10	shufersal
7290014002197	8	shufersal
7290014002203	8	shufersal
7290014002944	8	shufersal
7290014002982	8	shufersal
7290014010130	16	shufersal
7290014010147	17	shufersal
7290014010192	16	shufersal
7290014010307	16	shufersal
7290014010437	16	shufersal
7290014010871	16	shufersal
7290014017504	10	shufersal
7290014021518	1	shufersal
7290014021549	1	shufersal
7290014021716	1	shufersal
7290014021815	8	tiv_taam
7290014021860	7	tiv_taam
7290014046016	4	shufersal
7290014046474	4	shufersal
7290014046757	19	shufersal
7290014054004	9	shufersal
7290014054011	9	shufersal
7290014054028	9	shufersal
7290014054035	9	shufersal
7290014054042	11	shufersal
7290014054059	9	shufersal
7290014054066	9	shufersal
7290014054073	9	shufersal
7290014054080	12	shufersal
7290014054097	9	shufersal
7290014054103	9	shufersal
7290014054110	9	shufersal
7290014056008	8	shufersal
7290014056053	8	shufersal
7290014059085	15	shufersal
7290014059436	15	shufersal
7290014065017	9	shufersal
7290014065024	9	shufersal
7290014065055	11	shufersal
7290014065079	9	shufersal
7290014065482	9	shufersal
7290014065499	9	shufersal
7290014065505	9	shufersal
7290014065512	9	shufersal
7290014065727	9	shufersal
7290014065734	9	shufersal
7290014065833	9	shufersal
7290014065925	9	shufersal
7290014066441	8	tiv_taam
7290014094307	5	shufersal
7290014094543	5	shufersal
7290014094833	1	shufersal
7290014094857	1	shufersal
7290014094864	7	shufersal
7290014094895	1	shufersal
7290014094901	1	shufersal
7290014095496	7	shufersal
7290014095861	7	shufersal
7290014095960	7	shufersal
7290014126428	10	shufersal
7290014126473	11	shufersal
7290014173149	26	shufersal
7290014173194	8	shufersal
7290014173262	19	shufersal
7290014173507	19	shufersal
7290014173675	19	shufersal
7290014180062	17	shufersal
7290014204478	11	shufersal
7290014204713	11	shufersal
7290014217003	19	shufersal
7290014217010	19	shufersal
7290014217027	19	shufersal
7290014217065	19	shufersal
7290014217119	19	shufersal
7290014217140	19	shufersal
7290014217157	19	shufersal
7290014217164	19	shufersal
7290014217171	19	shufersal
7290014217225	19	shufersal
7290014217263	19	shufersal
7290014217348	19	shufersal
7290014217355	19	shufersal
7290014217362	19	shufersal
7290014217478	19	shufersal
7290014217485	19	shufersal
7290014217492	19	shufersal
7290014217522	19	shufersal
7290014218321	19	shufersal
7290014218338	19	shufersal
7290014218932	19	shufersal
7290014233003	9	shufersal
7290014233058	9	shufersal
7290014233089	9	shufersal
7290014233263	12	shufersal
7290014233317	16	shufersal
7290014233393	9	shufersal
7290014233447	9	shufersal
7290014233454	9	shufersal
7290014233485	9	shufersal
7290014233546	9	shufersal
7290014233560	9	shufersal
7290014233645	9	shufersal
7290014233669	9	shufersal
7290014233805	9	shufersal
7290014233843	9	shufersal
7290014233850	9	shufersal
7290014233928	9	shufersal
7290014241589	1	shufersal
7290014256637	8	shufersal
7290014258716	11	shufersal
7290014258723	11	shufersal
7290014258730	11	shufersal
7290014298996	24	shufersal
7290014302006	11	shufersal
7290014302013	11	shufersal
7290014302020	11	shufersal
7290014302037	11	shufersal
7290014302044	11	shufersal
7290014302068	11	shufersal
7290014302075	11	shufersal
7290014302167	11	shufersal
7290014302204	11	shufersal
7290014302334	11	shufersal
7290014302341	11	shufersal
7290014302358	11	shufersal
7290014302372	11	shufersal
7290014321168	6	shufersal
7290014321182	6	shufersal
7290014321199	6	shufersal
7290014321205	6	shufersal
7290014321212	6	shufersal
7290014321472	10	shufersal
7290014325036	7	shufersal
7290014386006	7	shufersal
7290014386068	7	shufersal
7290014386396	7	shufersal
7290014386426	7	shufersal
7290014424012	11	shufersal
7290014424029	11	shufersal
7290014424081	11	shufersal
7290014424098	11	shufersal
7290014424111	11	shufersal
7290014424234	11	shufersal
7290014424364	11	shufersal
7290014424371	11	shufersal
7290014426061	15	shufersal
7290014455245	3	shufersal
7290014455252	3	shufersal
7290014455320	19	shufersal
7290014455467	3	shufersal
7290014465008	9	shufersal
7290014465046	9	shufersal
7290014465220	9	shufersal
7290014465244	9	shufersal
7290014465268	9	shufersal
7290014465367	9	shufersal
7290014465558	9	shufersal
7290014465565	9	shufersal
7290014465855	9	shufersal
7290014471412	7	shufersal
7290014471429	7	shufersal
7290014471436	7	shufersal
7290014471443	7	shufersal
7290014472136	7	shufersal
7290014472426	5	shufersal
7290014472433	5	shufersal
7290014472440	5	shufersal
7290014472464	5	shufersal
7290014472990	1	shufersal
7290014478503	19	shufersal
7290014482005	20	shufersal
7290014482128	20	shufersal
7290014482142	12	shufersal
7290014482159	20	shufersal
7290014482234	20	shufersal
7290014482333	26	shufersal
7290014482418	19	shufersal
7290014482425	20	shufersal
7290014482449	26	shufersal
7290014482517	20	shufersal
7290014482548	20	shufersal
7290014482555	12	shufersal
7290014482586	20	shufersal
7290014482593	12	shufersal
7290014482630	26	shufersal
7290014482647	8	shufersal
7290014482654	8	shufersal
7290014482692	20	shufersal
7290014482708	26	shufersal
7290014482715	12	shufersal
7290014482722	12	shufersal
7290014482739	26	shufersal
7290014482746	20	shufersal
7290014482753	12	shufersal
7290014482777	20	shufersal
7290014482791	20	shufersal
7290014482821	20	shufersal
7290014482845	8	shufersal
7290014482852	20	shufersal
7290014482883	26	shufersal
7290014482890	26	shufersal
7290014482913	12	shufersal
7290014482920	12	shufersal
7290014482937	12	shufersal
7290014482951	8	shufersal
7290014482968	20	shufersal
7290014482975	20	shufersal
7290014503137	8	shufersal
7290014503144	8	shufersal
7290014503625	8	shufersal
7290014503632	8	shufersal
7290014503830	8	shufersal
7290014525290	7	shufersal
7290014525313	7	shufersal
7290014528796	20	shufersal
7290014545694	9	shufersal
7290014545861	9	shufersal
7290014546400	9	shufersal
7290014546417	9	shufersal
7290014546424	9	shufersal
7290014546462	9	shufersal
7290014546516	9	shufersal
7290014546530	9	shufersal
7290014546547	9	shufersal
7290014546554	9	shufersal
7290014546677	9	shufersal
7290014547438	9	shufersal
7290014562462	10	shufersal
7290014587106	9	tiv_taam
7290014587113	10	shufersal
7290014589865	26	shufersal
7290014608009	9	shufersal
7290014608016	9	shufersal
7290014608030	9	shufersal
7290014608047	9	shufersal
7290014608092	9	shufersal
7290014608269	9	shufersal
7290014608320	9	shufersal
7290014626058	11	shufersal
7290014648098	11	shufersal
7290014649293	12	shufersal
7290014651920	7	shufersal
7290014692299	3	shufersal
7290014692305	3	shufersal
7290014692565	5	shufersal
7290014692817	3	shufersal
7290014704718	8	shufersal
7290014704725	8	shufersal
7290014714694	17	shufersal
7290014714717	16	shufersal
7290014714724	16	shufersal
7290014714731	16	shufersal
7290014714748	16	shufersal
7290014720008	11	shufersal
7290014720015	11	shufersal
7290014720022	11	shufersal
7290014720039	11	shufersal
7290014720046	11	shufersal
7290014720084	12	shufersal
7290014720107	11	shufersal
7290014720114	11	shufersal
7290014720121	11	shufersal
7290014720152	12	shufersal
7290014720176	11	shufersal
7290014720183	11	shufersal
7290014720244	12	shufersal
7290014720275	12	shufersal
7290014720558	11	shufersal
7290014720589	12	shufersal
7290014720596	12	shufersal
7290014720602	12	shufersal
7290014720619	11	shufersal
7290014720718	12	shufersal
7290014720725	12	shufersal
7290014720800	11	shufersal
7290014720831	12	shufersal
7290014720848	11	shufersal
7290014720855	11	shufersal
7290014720862	11	shufersal
7290014720879	11	shufersal
7290014720886	11	shufersal
7290014720893	11	shufersal
7290014720923	15	shufersal
7290014720930	11	shufersal
7290014720947	12	shufersal
7290014720978	11	shufersal
7290014731264	19	shufersal
7290014749245	19	shufersal
7290014749726	2	shufersal
7290014749764	2	shufersal
7290014749849	2	shufersal
7290014749887	2	shufersal
7290014758100	17	shufersal
7290014758117	17	shufersal
7290014758162	3	shufersal
7290014758544	3	shufersal
7290014759084	17	shufersal
7290014759978	19	shufersal
7290014759985	19	shufersal
7290014759992	19	shufersal
7290014760134	3	shufersal
7290014760141	3	shufersal
7290014760448	17	shufersal
7290014760912	17	shufersal
7290014761056	17	shufersal
7290014761063	17	shufersal
7290014761070	17	shufersal
7290014761414	17	shufersal
7290014761612	17	shufersal
7290014762220	3	shufersal
7290014762800	3	shufersal
7290014762831	17	shufersal
7290014763395	17	shufersal
7290014775039	9	shufersal
7290014775053	9	shufersal
7290014775466	11	shufersal
7290014775510	9	shufersal
7290014775770	9	shufersal
7290014775794	9	shufersal
7290014775992	9	shufersal
7290014785007	19	shufersal
7290014785052	19	shufersal
7290014785564	19	shufersal
7290014785571	19	shufersal
7290014785588	19	shufersal
7290014785991	5	shufersal
7290014791091	8	shufersal
7290014791336	8	shufersal
7290014803671	5	shufersal
7290014855403	15	shufersal
7290014890145	17	shufersal
7290014890152	17	shufersal
7290014890169	17	shufersal
7290014890176	3	shufersal
7290014890206	3	shufersal
7290014890572	3	shufersal
7290014890589	19	shufersal
7290014901247	15	shufersal
7290014901254	15	shufersal
7290014901261	11	shufersal
7290014901896	15	shufersal
7290014907195	2	shufersal
7290014928527	20	shufersal
7290014940901	17	shufersal
7290014950757	12	shufersal
7290014950764	12	shufersal
7290014950771	12	shufersal
7290014950788	12	shufersal
7290014950795	12	shufersal
7290014950801	12	shufersal
7290014950818	12	shufersal
7290014950825	12	shufersal
7290014950849	12	shufersal
7290014950856	12	shufersal
7290014950863	11	shufersal
7290014950870	11	shufersal
7290014950887	12	shufersal
7290014950894	12	shufersal
7290014950917	12	shufersal
7290014950931	12	shufersal
7290014952584	11	shufersal
7290014962866	12	shufersal
7290014967762	8	shufersal
7290014967830	8	shufersal
7290014967922	8	shufersal
7290014975392	16	shufersal
7290014975620	16	shufersal
7290014981706	9	shufersal
7290014981713	9	shufersal
7290014981782	9	shufersal
7290014986053	11	shufersal
7290014986077	11	shufersal
7290014986091	11	shufersal
7290014986107	11	shufersal
7290014986626	11	shufersal
7290014986633	11	shufersal
7290014986749	17	shufersal
7290014986848	11	shufersal
7290014986954	17	shufersal
7290014986961	11	shufersal
7290014986978	11	shufersal
7290014986992	17	shufersal
7290015008570	19	shufersal
7290015008587	19	shufersal
7290015009355	5	shufersal
7290015009362	5	shufersal
7290015009386	5	shufersal
7290015009454	5	shufersal
7290015009461	5	shufersal
7290015009478	5	shufersal
7290015009485	5	shufersal
7290015009553	19	shufersal
7290015009560	19	shufersal
7290015009577	19	shufersal
7290015009584	19	shufersal
7290015009591	19	shufersal
7290015009621	5	shufersal
7290015009638	5	shufersal
7290015009645	5	shufersal
7290015014021	1	shufersal
7290015014274	1	shufersal
7290015039130	3	shufersal
7290015039246	5	shufersal
7290015039338	5	shufersal
7290015039635	3	shufersal
7290015039901	2	tiv_taam
7290015058018	12	shufersal
7290015058063	9	shufersal
7290015058391	11	shufersal
7290015058780	12	shufersal
7290015127561	3	shufersal
7290015129121	5	shufersal
7290015129145	5	shufersal
7290015129220	5	shufersal
7290015129251	5	shufersal
7290015129312	5	shufersal
7290015129329	5	shufersal
7290015129350	5	shufersal
7290015129619	5	shufersal
7290015129749	5	shufersal
7290015129756	5	shufersal
7290015130035	7	shufersal
7290015150590	19	shufersal
7290015155823	11	shufersal
7290015155830	11	shufersal
7290015155847	11	shufersal
7290015156769	11	shufersal
7290015156776	11	shufersal
7290015156790	11	shufersal
7290015156813	11	shufersal
7290015161176	5	shufersal
7290015161190	5	shufersal
7290015161244	10	shufersal
7290015161930	5	shufersal
7290015161978	5	shufersal
7290015176361	15	shufersal
7290015176378	15	shufersal
7290015176385	15	shufersal
7290015176392	15	shufersal
7290015176781	26	shufersal
7290015181013	26	shufersal
7290015181211	22	shufersal
7290015181389	22	shufersal
7290015181419	26	shufersal
7290015181426	26	shufersal
7290015181433	21	shufersal
7290015181440	21	shufersal
7290015181693	20	shufersal
7290015181709	20	shufersal
7290015181761	26	shufersal
7290015190329	11	shufersal
7290015190343	11	shufersal
7290015190350	11	shufersal
7290015190367	14	shufersal
7290015190374	14	shufersal
7290015198769	16	shufersal
7290015198967	16	shufersal
7290015246071	9	shufersal
7290015246118	9	shufersal
7290015246880	9	shufersal
7290015246972	9	shufersal
7290015284004	15	shufersal
7290015284011	15	shufersal
7290015284028	11	shufersal
7290015284042	11	shufersal
7290015284059	11	shufersal
7290015284066	11	shufersal
7290015284080	15	shufersal
7290015284097	11	shufersal
7290015284103	11	shufersal
7290015284127	11	shufersal
7290015284141	11	shufersal
7290015284158	11	shufersal
7290015284165	11	shufersal
7290015284172	11	shufersal
7290015284189	11	shufersal
7290015284196	11	shufersal
7290015284202	15	shufersal
7290015284219	15	shufersal
7290015284226	11	shufersal
7290015284240	15	shufersal
7290015284257	11	shufersal
7290015284264	11	shufersal
7290015284271	11	shufersal
7290015284288	11	shufersal
7290015284400	11	shufersal
7290015284417	11	shufersal
7290015284431	11	shufersal
7290015284448	11	shufersal
7290015284646	11	shufersal
7290015284660	11	shufersal
7290015284677	11	shufersal
7290015284684	11	shufersal
7290015284745	12	shufersal
7290015284752	12	shufersal
7290015284851	11	shufersal
7290015284868	11	shufersal
7290015284875	11	shufersal
7290015284882	11	shufersal
7290015284899	11	shufersal
7290015284905	11	shufersal
7290015284912	11	shufersal
7290015284936	11	shufersal
7290015284943	11	shufersal
7290015284967	11	shufersal
7290015284974	11	shufersal
7290015294591	9	shufersal
7290015294997	9	shufersal
7290015324007	19	shufersal
7290015324014	19	shufersal
7290015324038	19	shufersal
7290015324045	19	shufersal
7290015324052	19	shufersal
7290015324069	19	shufersal
7290015324076	19	shufersal
7290015324083	19	shufersal
7290015324090	19	shufersal
7290015324106	19	shufersal
7290015324120	19	shufersal
7290015324168	19	shufersal
7290015324175	19	shufersal
7290015324519	5	shufersal
7290015324526	5	shufersal
7290015324533	19	shufersal
7290015324540	19	shufersal
7290015324557	19	shufersal
7290015324564	19	shufersal
7290015324663	19	shufersal
7290015350150	8	shufersal
7290015366342	19	shufersal
7290015366366	19	shufersal
7290015366663	15	shufersal
7290015366670	15	shufersal
7290015384131	9	shufersal
7290015384193	9	shufersal
7290015384339	9	shufersal
7290015384438	16	shufersal
7290015384728	15	shufersal
7290015384841	9	shufersal
7290015384940	16	shufersal
7290015384988	16	shufersal
7290015395045	5	shufersal
7290015395939	1	shufersal
7290015395960	1	shufersal
7290015412124	11	shufersal
7290015412131	11	shufersal
7290015412148	11	shufersal
7290015412308	11	shufersal
7290015412315	11	shufersal
7290015412322	11	shufersal
7290015414463	12	shufersal
7290015424738	16	shufersal
7290015424943	12	shufersal
7290015429146	9	shufersal
7290015429245	9	shufersal
7290015435031	17	shufersal
7290015435062	16	shufersal
7290015435116	17	shufersal
7290015435123	17	shufersal
7290015435383	16	shufersal
7290015435390	17	shufersal
7290015435482	17	shufersal
7290015435635	16	shufersal
7290015435765	16	shufersal
7290015435772	16	shufersal
7290015435789	16	shufersal
7290015435864	17	shufersal
7290015435888	12	shufersal
7290015435925	16	shufersal
7290015435956	16	shufersal
7290015435963	16	shufersal
7290015435970	16	shufersal
7290015446495	9	tiv_taam
7290015446556	7	shufersal
7290015446570	7	shufersal
7290015458511	12	shufersal
7290015458689	11	shufersal
7290015458696	11	shufersal
7290015458702	11	shufersal
7290015458719	11	shufersal
7290015458726	15	shufersal
7290015458764	11	shufersal
7290015458863	12	shufersal
7290015458887	12	shufersal
7290015458894	12	shufersal
7290015458900	12	shufersal
7290015458924	12	shufersal
7290015458931	12	shufersal
7290015458948	11	shufersal
7290015458955	11	shufersal
7290015458962	12	shufersal
7290015458986	12	shufersal
7290015458993	11	shufersal
7290015459006	17	shufersal
7290015459013	11	shufersal
7290015459044	12	shufersal
7290015459303	11	shufersal
7290015459310	11	shufersal
7290015459396	11	shufersal
7290015459495	12	shufersal
7290015459501	12	shufersal
7290015459518	12	shufersal
7290015459525	12	shufersal
7290015459532	12	shufersal
7290015459549	12	shufersal
7290015459556	12	shufersal
7290015459686	12	shufersal
7290015485944	15	shufersal
7290015519304	25	shufersal
7290015519311	25	shufersal
7290015519335	25	shufersal
7290015519427	25	shufersal
7290015519465	24	shufersal
7290015519472	24	shufersal
7290015519717	26	shufersal
7290015519793	25	shufersal
7290015519809	25	shufersal
7290015550109	11	shufersal
7290015550307	11	shufersal
7290015576550	11	shufersal
7290015596046	9	shufersal
7290015596831	11	shufersal
7290015597210	2	shufersal
7290015597326	2	shufersal
7290015599023	3	shufersal
7290015599054	3	shufersal
7290015599061	3	shufersal
7290015599078	3	shufersal
7290015599283	10	shufersal
7290015599504	9	tiv_taam
7290015644297	17	shufersal
7290015652070	1	shufersal
7290015652087	1	shufersal
7290015652124	19	shufersal
7290015652131	5	shufersal
7290015652148	5	shufersal
7290015652155	5	shufersal
7290015652247	1	shufersal
7290015652384	10	shufersal
7290015652391	10	shufersal
7290015652506	5	shufersal
7290015652513	5	shufersal
7290015652537	5	shufersal
7290015662031	2	shufersal
7290015673013	2	shufersal
7290015673181	2	shufersal
7290015673198	19	shufersal
7290015673204	2	shufersal
7290015673211	2	shufersal
7290015673464	2	shufersal
7290015673587	19	shufersal
7290015673594	3	shufersal
7290015683814	26	shufersal
7290015688055	11	shufersal
7290015688079	11	shufersal
7290015688086	17	shufersal
7290015688123	11	shufersal
7290015688130	11	shufersal
7290015688147	11	shufersal
7290015688161	11	shufersal
7290015688178	11	shufersal
7290015688185	11	shufersal
7290015688253	11	shufersal
7290015688260	11	shufersal
7290015688277	11	shufersal
7290015688284	11	shufersal
7290015688291	11	shufersal
7290015688390	17	shufersal
7290015688406	11	shufersal
7290015688413	11	shufersal
7290015688451	11	shufersal
7290015688475	11	shufersal
7290015688482	11	shufersal
7290015714563	15	shufersal
7290015726528	2	shufersal
7290015726535	2	shufersal
7290015733205	11	shufersal
7290015733229	11	shufersal
7290015733243	11	shufersal
7290015733977	11	shufersal
7290015737791	20	shufersal
7290015745666	24	shufersal
7290015765039	9	shufersal
7290015765572	9	shufersal
7290015765589	9	shufersal
7290015765602	9	shufersal
7290015765619	9	shufersal
7290015765626	9	shufersal
7290015765688	9	shufersal
7290015765756	9	shufersal
7290015765954	9	shufersal
7290015765985	9	shufersal
7290015775243	5	shufersal
7290015781008	19	shufersal
7290015781015	8	shufersal
7290015781046	8	shufersal
7290015781053	8	shufersal
7290015781091	8	shufersal
7290015781107	8	shufersal
7290015781114	8	shufersal
7290015781121	8	shufersal
7290015781138	8	shufersal
7290015781152	19	shufersal
7290015781169	8	shufersal
7290015781282	8	shufersal
7290015781299	8	shufersal
7290015790000	1	shufersal
7290015793469	17	shufersal
7290015793476	17	shufersal
7290015809214	5	shufersal
7290015812122	26	shufersal
7290015812306	26	shufersal
7290015812498	19	shufersal
7290015812603	26	shufersal
7290015848909	11	shufersal
7290015848916	11	shufersal
7290015848961	11	shufersal
7290015848985	11	shufersal
7290015860956	5	shufersal
7290015863520	9	shufersal
7290015876124	12	shufersal
7290015876179	12	shufersal
7290015876377	16	shufersal
7290015876544	11	shufersal
7290015876575	12	shufersal
7290015876612	12	shufersal
7290015876629	12	shufersal
7290015876643	12	shufersal
7290015879705	5	shufersal
7290015879712	5	shufersal
7290015879729	5	shufersal
7290015881876	17	shufersal
7290015883467	11	shufersal
7290015883474	11	shufersal
7290015883504	11	shufersal
7290015883528	15	shufersal
7290015886079	15	shufersal
7290015886109	15	shufersal
7290015886116	15	shufersal
7290015886123	15	shufersal
7290015886130	11	shufersal
7290015886147	11	shufersal
7290015886154	11	shufersal
7290015886345	15	shufersal
7290015886468	15	shufersal
7290015886581	11	shufersal
7290015886598	11	shufersal
7290015886642	11	shufersal
7290015886734	11	shufersal
7290015886741	11	shufersal
7290015886758	15	shufersal
7290015886765	15	shufersal
7290015886963	11	shufersal
7290015886970	11	shufersal
7290015886987	11	shufersal
7290015886994	11	shufersal
7290015968027	11	shufersal
7290015968072	11	shufersal
7290015968102	15	shufersal
7290015968454	7	shufersal
7290015968508	19	shufersal
7290015979870	1	shufersal
7290016002003	12	shufersal
7290016002379	12	shufersal
7290016002904	11	shufersal
7290016006339	8	shufersal
7290016006346	8	shufersal
7290016035032	6	shufersal
7290016077759	19	shufersal
7290016081008	25	shufersal
7290016081138	26	shufersal
7290016087123	5	shufersal
7290016087147	5	shufersal
7290016087192	5	shufersal
7290016087215	5	shufersal
7290016087222	5	shufersal
7290016087239	5	shufersal
7290016087499	5	shufersal
7290016087529	5	shufersal
7290016087611	19	shufersal
7290016087635	19	shufersal
7290016087758	5	shufersal
7290016087765	5	shufersal
7290016087772	5	shufersal
7290016087796	5	shufersal
7290016087802	5	shufersal
7290016087833	2	shufersal
7290016087840	2	shufersal
7290016087901	5	shufersal
7290016087918	5	shufersal
7290016092042	17	shufersal
7290016094046	11	shufersal
7290016094084	11	shufersal
7290016094091	11	shufersal
7290016094800	9	shufersal
7290016094817	11	shufersal
7290016094824	11	shufersal
7290016094961	11	shufersal
7290016096491	5	shufersal
7290016096507	5	shufersal
7290016096811	8	shufersal
7290016102109	7	shufersal
7290016102192	19	shufersal
7290016102208	19	shufersal
7290016102369	19	shufersal
7290016102376	19	shufersal
7290016102383	19	shufersal
7290016102413	7	shufersal
7290016102482	7	shufersal
7290016102499	7	shufersal
7290016102604	7	shufersal
7290016102635	7	shufersal
7290016102673	7	shufersal
7290016102796	7	shufersal
7290016126501	19	shufersal
7290016126617	19	shufersal
7290016132595	20	shufersal
7290016132892	20	shufersal
7290016146004	10	shufersal
7290016156416	10	shufersal
7290016162219	19	shufersal
7290016162264	19	shufersal
7290016186154	17	shufersal
7290016186178	15	shufersal
7290016186246	12	shufersal
7290016186253	12	shufersal
7290016189315	9	shufersal
7290016197488	19	shufersal
7290016197495	19	shufersal
7290016197600	15	shufersal
7290016197617	15	shufersal
7290016197624	15	shufersal
7290016197839	19	shufersal
7290016217711	4	shufersal
7290016217728	4	shufersal
7290016229080	24	shufersal
7290016233995	5	shufersal
7290016245318	6	shufersal
7290016246018	5	shufersal
7290016246025	10	shufersal
7290016246445	5	shufersal
7290016270952	1	shufersal
7290016273090	7	shufersal
7290016276169	5	shufersal
7290016276534	5	shufersal
7290016276756	5	shufersal
7290016276763	5	shufersal
7290016276794	5	shufersal
7290016276831	5	shufersal
7290016276855	5	shufersal
7290016299021	15	shufersal
7290016299076	15	shufersal
7290016299151	11	shufersal
7290016299168	11	shufersal
7290016299182	11	shufersal
7290016299199	11	shufersal
7290016299236	11	shufersal
7290016299359	15	shufersal
7290016299403	11	shufersal
7290016299410	15	shufersal
7290016299557	11	shufersal
7290016299625	11	shufersal
7290016299632	15	shufersal
7290016299663	11	shufersal
7290016299687	15	shufersal
7290016299724	14	shufersal
7290016299755	15	shufersal
7290016299878	11	shufersal
7290016299885	11	shufersal
7290016299892	11	shufersal
7290016299984	15	shufersal
7290016304404	6	shufersal
7290016304596	17	shufersal
7290016304800	6	shufersal
7290016314762	4	shufersal
7290016314779	4	shufersal
7290016314786	4	shufersal
7290016314816	4	shufersal
7290016314823	4	shufersal
7290016314830	4	shufersal
7290016314847	4	shufersal
7290016319187	10	shufersal
7290016319194	10	shufersal
7290016321906	11	shufersal
7290016323016	12	shufersal
7290016329179	16	shufersal
7290016329193	12	shufersal
7290016329674	17	shufersal
7290016334050	1	shufersal
7290016334166	1	shufersal
7290016334173	1	shufersal
7290016334180	1	shufersal
7290016334388	1	shufersal
7290016334463	1	shufersal
7290016334487	1	shufersal
7290016334500	1	shufersal
7290016334784	1	shufersal
7290016334975	1	shufersal
7290016372458	8	shufersal
7290016372496	8	shufersal
7290016392005	7	shufersal
7290016417012	9	shufersal
7290016417029	9	shufersal
7290016417043	9	shufersal
7290016417067	9	shufersal
7290016417081	9	shufersal
7290016417098	9	shufersal
7290016417111	9	shufersal
7290016417135	9	shufersal
7290016417166	9	shufersal
7290016417173	9	shufersal
7290016417180	9	shufersal
7290016417197	9	shufersal
7290016417203	9	shufersal
7290016417210	9	shufersal
7290016417227	9	shufersal
7290016437416	15	shufersal
7290016437423	15	shufersal
7290016437430	15	shufersal
7290016437454	15	shufersal
7290016437461	15	shufersal
7290016437591	15	shufersal
7290016437607	15	shufersal
7290016437621	17	shufersal
7290016437645	17	shufersal
7290016437652	17	shufersal
7290016454376	20	shufersal
7290016454437	20	shufersal
7290016454574	20	shufersal
7290016454666	20	shufersal
7290016454833	20	shufersal
7290016497526	17	shufersal
7290016505009	10	shufersal
7290016505016	10	shufersal
7290016505023	19	shufersal
7290016505047	10	shufersal
7290016505061	10	shufersal
7290016505177	10	shufersal
7290016505450	10	shufersal
7290016505467	10	shufersal
7290016505498	10	shufersal
7290016509342	19	shufersal
7290016509786	19	shufersal
7290016509809	19	shufersal
7290016509830	19	shufersal
7290016516128	15	shufersal
7290016516142	15	shufersal
7290016516159	15	shufersal
7290016516166	15	shufersal
7290016516180	15	shufersal
7290016516203	11	shufersal
7290016516210	11	shufersal
7290016516234	11	shufersal
7290016516302	11	shufersal
7290016516319	11	shufersal
7290016516333	15	shufersal
7290016516340	15	shufersal
7290016516432	27	shufersal
7290016516456	15	shufersal
7290016516944	11	shufersal
7290016519099	21	shufersal
7290016519136	21	shufersal
7290016519204	20	shufersal
7290016519235	20	shufersal
7290016519259	20	shufersal
7290016524994	2	shufersal
7290016558333	16	shufersal
7290016558838	11	shufersal
7290016584004	19	shufersal
7290016584011	19	shufersal
7290016594003	17	shufersal
7290016606164	3	shufersal
7290016606171	3	shufersal
7290016606188	3	shufersal
7290016606201	3	shufersal
7290016606522	3	shufersal
7290016621341	17	tiv_taam
7290016621365	15	shufersal
7290016669862	11	shufersal
7290016682038	8	shufersal
7290016682052	8	shufersal
7290016682083	8	shufersal
7290016682182	8	shufersal
7290016682243	8	shufersal
7290016682250	8	shufersal
7290016682335	8	tiv_taam
7290016682342	8	shufersal
7290016682359	8	shufersal
7290016682366	8	shufersal
7290016682373	8	shufersal
7290016682397	8	shufersal
7290016682496	8	shufersal
7290016682731	8	shufersal
7290016685053	26	shufersal
7290016692112	11	shufersal
7290016692198	17	shufersal
7290016717631	8	shufersal
7290016717754	8	shufersal
7290016747010	12	shufersal
7290016747232	9	shufersal
7290016747492	12	shufersal
7290016747560	11	shufersal
7290016747591	11	shufersal
7290016747638	12	shufersal
7290016747645	12	shufersal
7290016747652	12	shufersal
7290016747676	12	shufersal
7290016750430	26	shufersal
7290016750584	26	shufersal
7290016750591	26	shufersal
7290016779356	11	shufersal
7290016783025	26	shufersal
7290016783216	26	shufersal
7290016783230	26	shufersal
7290016783599	26	shufersal
7290016783674	26	shufersal
7290016783681	26	shufersal
7290016783742	26	shufersal
7290016783872	26	shufersal
7290016783902	26	shufersal
7290016809022	1	shufersal
7290016809039	1	shufersal
7290016809046	1	shufersal
7290016809329	1	shufersal
7290016809473	1	shufersal
7290016818611	2	shufersal
7290016818628	2	shufersal
7290016818635	2	shufersal
7290016818642	2	shufersal
7290016818673	2	shufersal
7290016818895	2	shufersal
7290016818918	2	shufersal
7290016818932	2	shufersal
7290016865943	5	shufersal
7290016866643	15	shufersal
7290016866674	15	shufersal
7290016866704	15	shufersal
7290016866711	17	tiv_taam
7290016866735	11	shufersal
7290016867008	6	shufersal
7290016867046	6	shufersal
7290016867053	6	shufersal
7290016867114	6	shufersal
7290016867176	6	shufersal
7290016867282	6	shufersal
7290016867299	6	shufersal
7290016869453	16	shufersal
7290016869460	16	shufersal
7290016869804	15	shufersal
7290016882414	5	shufersal
7290016882421	5	shufersal
7290016882520	5	shufersal
7290016882537	5	shufersal
7290016882544	5	shufersal
7290016882551	5	shufersal
7290016882568	5	shufersal
7290016882575	5	shufersal
7290016882605	5	shufersal
7290016882629	1	shufersal
7290016883022	7	shufersal
7290016883176	7	shufersal
7290016883183	7	shufersal
7290016897043	8	shufersal
7290016897906	8	shufersal
7290016898064	19	shufersal
7290016898071	19	shufersal
7290016898309	19	shufersal
7290016898316	19	shufersal
7290016898767	19	shufersal
7290016898774	19	shufersal
7290016898927	19	shufersal
7290016898934	19	shufersal
7290016898941	19	shufersal
7290016898958	19	shufersal
7290016898965	19	shufersal
7290016912425	16	shufersal
7290016912524	17	tiv_taam
7290016912555	9	shufersal
7290016912562	9	shufersal
7290016912883	16	shufersal
7290016912913	9	shufersal
7290016932775	27	shufersal
7290016948035	25	shufersal
7290016948400	25	shufersal
7290016967074	17	shufersal
7290016980103	1	shufersal
7290016981353	15	shufersal
7290016981490	11	shufersal
7290016981506	11	shufersal
7290016984279	20	shufersal
7290016994315	20	shufersal
7290017002149	11	shufersal
7290017002194	11	shufersal
7290017002200	11	shufersal
7290017012049	12	shufersal
7290017012155	12	shufersal
7290017012261	12	shufersal
7290017012278	12	shufersal
7290017012636	12	shufersal
7290017012643	12	shufersal
7290017012780	12	shufersal
7290017023212	8	shufersal
7290017023229	8	shufersal
7290017023236	8	shufersal
7290017023854	8	shufersal
7290017023861	8	tiv_taam
7290017023878	8	tiv_taam
7290017031323	5	shufersal
7290017031477	17	tiv_taam
7290017031705	15	shufersal
7290017040325	5	shufersal
7290017040462	5	shufersal
7290017040554	5	shufersal
7290017040578	5	shufersal
7290017040622	5	shufersal
7290017040776	5	shufersal
7290017041056	11	shufersal
7290017041544	27	shufersal
7290017046457	2	shufersal
7290017058139	5	shufersal
7290017058146	5	shufersal
7290017065007	17	shufersal
7290017065137	3	shufersal
7290017065168	19	shufersal
7290017065175	3	shufersal
7290017065212	3	shufersal
7290017065236	3	shufersal
7290017065434	17	shufersal
7290017065526	3	shufersal
7290017065588	3	shufersal
7290017065618	3	shufersal
7290017065663	3	tiv_taam
7290017065731	19	shufersal
7290017065786	17	shufersal
7290017065977	17	shufersal
7290017065984	19	shufersal
7290017068374	5	shufersal
7290017068848	5	shufersal
7290017088051	17	shufersal
7290017088068	17	shufersal
7290017088075	17	shufersal
7290017088082	17	shufersal
7290017088099	17	shufersal
7290017088631	17	tiv_taam
7290017088815	15	shufersal
7290017088822	15	shufersal
7290017088846	15	shufersal
7290017088853	15	shufersal
7290017088860	15	shufersal
7290017088877	15	shufersal
7290017088884	15	shufersal
7290017088891	15	shufersal
7290017088969	17	shufersal
7290017088983	17	shufersal
7290017090139	26	shufersal
7290017097626	26	shufersal
7290017105895	19	shufersal
7290017121895	17	shufersal
7290017142395	5	shufersal
7290017142401	5	shufersal
7290017142418	5	shufersal
7290017179841	15	shufersal
7290017213002	11	shufersal
7290017213026	11	shufersal
7290017217321	19	shufersal
7290017217338	19	shufersal
7290017217550	11	shufersal
7290017217710	19	shufersal
7290017217918	25	shufersal
7290017218007	9	shufersal
7290017218090	9	shufersal
7290017218175	9	shufersal
7290017218274	9	shufersal
7290017218281	9	shufersal
7290017218311	9	shufersal
7290017218328	9	shufersal
7290017218366	9	shufersal
7290017218380	9	shufersal
7290017218465	9	shufersal
7290017218519	9	shufersal
7290017218526	9	shufersal
7290017218533	9	shufersal
7290017218540	9	shufersal
7290017218564	9	shufersal
7290017218588	9	shufersal
7290017218625	9	shufersal
7290017218649	9	shufersal
7290017218663	9	shufersal
7290017218687	9	shufersal
7290017218724	9	shufersal
7290017218731	9	shufersal
7290017218748	9	shufersal
7290017218793	9	shufersal
7290017218854	9	shufersal
7290017218953	9	shufersal
7290017226170	9	shufersal
7290017232218	17	shufersal
7290017232225	17	shufersal
7290017232355	9	tiv_taam
7290017232485	6	shufersal
7290017232508	6	shufersal
7290017242033	9	shufersal
7290017242101	9	shufersal
7290017242118	9	shufersal
7290017242170	9	shufersal
7290017242200	9	shufersal
7290017242248	9	shufersal
7290017242262	9	shufersal
7290017242279	9	shufersal
7290017242439	9	shufersal
7290017242507	9	shufersal
7290017242514	9	shufersal
7290017242798	9	shufersal
7290017243139	9	shufersal
7290017243177	9	shufersal
7290017243214	9	shufersal
7290017243221	9	shufersal
7290017243238	9	shufersal
7290017243245	9	shufersal
7290017243269	9	shufersal
7290017243313	9	shufersal
7290017243368	9	shufersal
7290017243443	9	shufersal
7290017243450	9	shufersal
7290017243474	9	shufersal
7290017243498	9	shufersal
7290017243528	9	shufersal
7290017243580	9	shufersal
7290017243634	9	shufersal
7290017243924	9	shufersal
7290017275796	5	shufersal
7290017285887	11	shufersal
7290017289595	8	shufersal
7290017304885	17	shufersal
7290017311999	11	shufersal
7290017312033	9	shufersal
7290017312279	16	shufersal
7290017312293	16	shufersal
7290017312316	15	shufersal
7290017312453	16	shufersal
7290017312477	12	shufersal
7290017323794	8	shufersal
7290017325347	6	shufersal
7290017325422	6	shufersal
7290017325453	10	shufersal
7290017325514	1	shufersal
7290017325521	1	shufersal
7290017325682	6	shufersal
7290017325774	10	shufersal
7290017325781	10	shufersal
7290017325910	10	shufersal
7290017325972	3	shufersal
7290017325996	10	shufersal
7290017334479	5	shufersal
7290017334486	5	shufersal
7290017334493	5	shufersal
7290017389011	1	shufersal
7290017389028	1	shufersal
7290017399249	16	shufersal
7290017399256	16	shufersal
7290017399638	9	shufersal
7290017399676	9	shufersal
7290017399690	9	shufersal
7290017399737	9	shufersal
7290017399904	9	shufersal
7290017399935	9	shufersal
7290017406831	5	shufersal
7290017440279	15	shufersal
7290017440309	17	tiv_taam
7290017440323	15	shufersal
7290017440705	11	shufersal
7290017454344	15	shufersal
7290017454597	11	shufersal
7290017454603	11	shufersal
7290017454610	11	shufersal
7290017454627	11	shufersal
7290017456041	2	shufersal
7290017457574	19	shufersal
7290017457727	19	shufersal
7290017457932	19	shufersal
7290017470153	7	shufersal
7290017470160	7	shufersal
7290017470177	7	shufersal
7290017470436	7	shufersal
7290017470610	7	shufersal
7290017470627	7	shufersal
7290017470634	7	shufersal
7290017470672	7	shufersal
7290017470696	7	shufersal
7290017470740	19	shufersal
7290017470795	7	shufersal
7290017470801	7	shufersal
7290017470818	7	shufersal
7290017470825	7	shufersal
7290017470832	7	shufersal
7290017490007	9	shufersal
7290017490281	9	shufersal
7290017490311	9	shufersal
7290017490328	9	shufersal
7290017490342	9	shufersal
7290017490434	9	shufersal
7290017490458	9	shufersal
7290017490519	9	shufersal
7290017490618	9	shufersal
7290017490687	9	shufersal
7290017490946	9	shufersal
7290017490984	9	shufersal
7290017505244	12	shufersal
7290017505329	12	shufersal
7290017505381	12	shufersal
7290017505411	12	shufersal
7290017505602	12	shufersal
7290017516295	19	shufersal
7290017516301	19	shufersal
7290017516356	19	shufersal
7290017516370	19	shufersal
7290017516424	10	shufersal
7290017516455	19	shufersal
7290017516493	19	shufersal
7290017516561	19	shufersal
7290017555263	7	shufersal
7290017555287	7	shufersal
7290017555515	7	shufersal
7290017555522	7	shufersal
7290017567044	13	shufersal
7290017568126	9	shufersal
7290017589633	8	shufersal
7290017593579	1	shufersal
7290017617275	8	shufersal
7290017617558	5	shufersal
7290017617688	5	shufersal
7290017617695	5	shufersal
7290017617701	5	shufersal
7290017629155	17	shufersal
7290017629216	16	shufersal
7290017629223	16	shufersal
7290017629285	16	shufersal
7290017629292	16	shufersal
7290017629698	16	shufersal
7290017629704	16	shufersal
7290017629711	16	shufersal
7290017629728	16	shufersal
7290017629735	16	shufersal
7290017629919	16	shufersal
7290017629933	16	shufersal
7290017629940	16	shufersal
7290017629988	11	shufersal
7290017629995	11	shufersal
7290017637426	15	shufersal
7290017637440	15	shufersal
7290017637488	15	shufersal
7290017637501	15	shufersal
7290017637556	15	shufersal
7290017637563	15	shufersal
7290017637570	15	shufersal
7290017637594	15	shufersal
7290017637600	15	shufersal
7290017637617	11	shufersal
7290017637624	15	shufersal
7290017637631	15	shufersal
7290017637655	15	shufersal
7290017637662	15	shufersal
7290017637679	15	shufersal
7290017637761	15	shufersal
7290017677804	5	shufersal
7290017683034	12	shufersal
7290017695044	11	shufersal
7290017695235	11	shufersal
7290017695242	15	shufersal
7290017695259	11	shufersal
7290017695266	11	shufersal
7290017695280	15	shufersal
7290017695310	15	shufersal
7290017695419	15	shufersal
7290017695662	11	shufersal
7290017695679	11	shufersal
7290017695686	15	shufersal
7290017695693	15	shufersal
7290017695709	11	shufersal
7290017695716	11	shufersal
7290017695730	27	shufersal
7290017725246	26	shufersal
7290017725369	26	shufersal
7290017725444	20	shufersal
7290017725451	20	shufersal
7290017725475	20	shufersal
7290017725659	26	shufersal
7290017746128	19	shufersal
7290017746197	17	shufersal
7290017746241	6	shufersal
7290017746906	6	shufersal
7290017762005	17	shufersal
7290017812069	8	shufersal
7290017812571	8	shufersal
7290017812588	8	shufersal
7290017833361	27	shufersal
7290017833941	13	shufersal
7290017833989	13	shufersal
7290017835518	11	shufersal
7290017835839	11	shufersal
7290017835846	11	shufersal
7290017847252	17	shufersal
7290017847313	9	shufersal
7290017847375	9	shufersal
7290017847665	9	shufersal
7290017847672	9	shufersal
7290017847689	9	shufersal
7290017847696	9	shufersal
7290017847719	9	shufersal
7290017847733	9	shufersal
7290017850023	9	shufersal
7290017850245	9	shufersal
7290017850276	9	shufersal
7290017850344	9	shufersal
7290017850450	9	shufersal
7290017864341	1	shufersal
7290017872162	10	shufersal
7290017872179	10	shufersal
7290017872186	10	shufersal
7290017872193	10	shufersal
7290017872957	27	shufersal
7290017872971	27	shufersal
7290017873350	11	shufersal
7290017873749	10	shufersal
7290017873756	17	tiv_taam
7290017873770	27	shufersal
7290017880099	16	shufersal
7290017880112	16	shufersal
7290017888095	8	shufersal
7290017888101	8	shufersal
7290017888729	8	shufersal
7290017888972	8	shufersal
7290017894034	10	shufersal
7290017894089	10	shufersal
7290017894188	19	shufersal
7290017894195	19	shufersal
7290017894201	10	shufersal
7290017894256	9	tiv_taam
7290017894263	10	shufersal
7290017894270	10	shufersal
7290017894317	10	shufersal
7290017894324	17	shufersal
7290017894331	17	shufersal
7290017894348	17	shufersal
7290017894355	10	shufersal
7290017894515	5	shufersal
7290017894522	5	shufersal
7290017894577	3	shufersal
7290017894584	3	shufersal
7290017894591	3	shufersal
7290017894676	1	shufersal
7290017894683	1	shufersal
7290017894690	3	shufersal
7290017894867	3	shufersal
7290017894904	10	shufersal
7290017894911	10	shufersal
7290017894928	10	shufersal
7290017894966	6	shufersal
7290017894973	6	shufersal
7290017894980	6	shufersal
7290017896403	20	shufersal
7290017896410	20	shufersal
7290017896434	19	shufersal
7290017896526	20	shufersal
7290017896632	20	shufersal
7290017896670	26	shufersal
7290017896793	20	shufersal
7290017896809	20	shufersal
7290017896816	20	shufersal
7290017896823	20	shufersal
7290017896861	20	shufersal
7290017896878	20	shufersal
7290017896892	20	shufersal
7290017896908	20	shufersal
7290017896915	26	shufersal
7290017896922	20	shufersal
7290017896953	20	shufersal
7290017898247	7	shufersal
7290017898469	7	shufersal
7290017898476	7	shufersal
7290017898483	7	shufersal
7290017898506	7	shufersal
7290017898643	7	shufersal
7290017898650	7	shufersal
7290017898667	7	shufersal
7290017898674	7	shufersal
7290017898681	7	shufersal
7290017898698	7	shufersal
7290017898711	7	shufersal
7290017898766	7	shufersal
7290017898797	7	shufersal
7290017898803	7	shufersal
7290017898827	7	shufersal
7290017898834	7	shufersal
7290017898858	7	shufersal
7290017898872	7	shufersal
7290017898889	7	shufersal
7290017898896	7	shufersal
7290017898926	7	shufersal
7290017907055	3	tiv_taam
7290017907147	5	shufersal
7290017907192	5	shufersal
7290017907208	5	shufersal
7290017907215	5	shufersal
7290017907222	5	shufersal
7290017907239	5	shufersal
7290017907246	19	shufersal
7290017907253	5	shufersal
7290017907260	9	tiv_taam
7290017915081	20	shufersal
7290017915791	20	shufersal
7290017917030	11	shufersal
7290017917054	11	shufersal
7290017917085	11	shufersal
7290017917382	15	shufersal
7290017917450	11	shufersal
7290017917467	11	shufersal
7290017917535	16	shufersal
7290017917559	19	shufersal
7290017917573	11	shufersal
7290017917757	11	shufersal
7290017917764	11	shufersal
7290017917931	11	shufersal
7290017917986	11	shufersal
7290017928036	7	shufersal
7290017928043	7	shufersal
7290017928098	19	shufersal
7290017928128	7	shufersal
7290017928210	19	shufersal
7290017928227	19	shufersal
7290017928364	7	shufersal
7290017928616	19	shufersal
7290017928685	19	shufersal
7290017928807	19	shufersal
7290017928821	7	shufersal
7290017932354	5	shufersal
7290017932408	5	shufersal
7290017932415	5	shufersal
7290017932422	5	shufersal
7290017932439	5	shufersal
7290017932460	5	shufersal
7290017946368	19	shufersal
7290017947105	6	shufersal
7290017947464	19	shufersal
7290017947495	17	shufersal
7290017947891	17	shufersal
7290017947921	19	shufersal
7290017947938	19	shufersal
7290017962009	7	shufersal
7290017962023	7	shufersal
7290017962092	5	shufersal
7290017962115	5	shufersal
7290017962467	10	shufersal
7290017962795	10	shufersal
7290017969473	7	shufersal
7290017969831	19	shufersal
7290017969848	19	shufersal
7290017991207	16	shufersal
7290017991221	16	shufersal
7290017991252	16	shufersal
7290017991269	16	shufersal
7290017991276	16	shufersal
7290017991283	16	shufersal
7290017991290	16	shufersal
7290017991306	16	shufersal
7290017991320	16	shufersal
7290017991337	16	shufersal
7290017991344	16	shufersal
7290017991351	16	shufersal
7290017991368	16	shufersal
7290017991375	16	shufersal
7290017991382	16	shufersal
7290017991399	16	shufersal
7290017991467	16	shufersal
7290017991597	16	shufersal
7290017991610	16	shufersal
7290017991627	16	shufersal
7290017991801	16	shufersal
7290017991818	16	shufersal
7290017991825	16	shufersal
7290017991832	16	shufersal
7290017991849	16	shufersal
7290017991856	16	shufersal
7290017991863	16	shufersal
7290017991870	16	shufersal
7290017991894	16	shufersal
7290017991900	16	shufersal
7290017991917	16	shufersal
7290017991924	16	shufersal
7290017991955	16	shufersal
7290017991979	16	shufersal
7290018011126	19	shufersal
7290018011164	2	shufersal
7290018011324	19	shufersal
7290018011331	19	shufersal
7290018011362	19	shufersal
7290018011522	19	shufersal
7290018011539	19	shufersal
7290018011713	19	shufersal
7290018011720	19	shufersal
7290018011737	19	shufersal
7290018011928	19	shufersal
7290018011935	19	shufersal
7290018012062	26	shufersal
7290018012116	19	shufersal
7290018012390	26	shufersal
7290018012673	26	shufersal
7290018012680	26	shufersal
7290018012703	26	shufersal
7290018012727	26	shufersal
7290018012734	26	shufersal
7290018012741	26	shufersal
7290018028681	11	shufersal
7290018028858	11	shufersal
7290018043134	9	tiv_taam
7290018043356	16	shufersal
7290018043899	9	tiv_taam
7290018049945	20	shufersal
7290018067802	13	shufersal
7290018067819	13	shufersal
7290018067826	13	shufersal
7290018067888	13	shufersal
7290018071069	11	shufersal
7290018071304	11	shufersal
7290018071441	11	shufersal
7290018071656	11	shufersal
7290018071793	11	shufersal
7290018077368	2	shufersal
7290018077375	2	shufersal
7290018080276	11	shufersal
7290018080528	11	shufersal
7290018091111	19	shufersal
7290018091142	2	shufersal
7290018091531	2	shufersal
7290018091548	2	shufersal
7290018091708	2	shufersal
7290018091883	19	shufersal
7290018091937	2	shufersal
7290018124024	11	shufersal
7290018124031	11	shufersal
7290018124048	11	shufersal
7290018124208	11	shufersal
7290018124321	11	shufersal
7290018124604	11	shufersal
7290018124802	15	shufersal
7290018124819	11	shufersal
7290018131343	2	shufersal
7290018131879	2	shufersal
7290018131893	2	shufersal
7290018132340	11	shufersal
7290018132388	11	shufersal
7290018132425	11	shufersal
7290018132623	11	shufersal
7290018132647	11	shufersal
7290018132661	11	shufersal
7290018140543	19	shufersal
7290018144350	16	shufersal
7290018144367	16	shufersal
7290018156124	17	tiv_taam
7290018156445	11	shufersal
7290018156582	11	shufersal
7290018156612	11	shufersal
7290018156629	12	shufersal
7290018156636	12	shufersal
7290018156735	11	shufersal
7290018165027	8	shufersal
7290018165447	8	shufersal
7290018182154	11	shufersal
7290018182185	11	shufersal
7290018182215	11	shufersal
7290018198148	19	shufersal
7290018198254	2	shufersal
7290018198810	2	shufersal
7290018204009	7	shufersal
7290018204030	19	shufersal
7290018204047	19	shufersal
7290018204160	7	shufersal
7290018204177	7	shufersal
7290018204184	7	shufersal
7290018204320	7	shufersal
7290018204337	7	shufersal
7290018204504	7	shufersal
7290018204511	19	shufersal
7290018204573	19	shufersal
7290018204580	19	shufersal
7290018204597	19	shufersal
7290018204603	19	shufersal
7290018204610	19	shufersal
7290018204733	7	shufersal
7290018216576	9	shufersal
7290018216583	9	shufersal
7290018216620	11	shufersal
7290018216668	9	shufersal
7290018216873	16	shufersal
7290018216934	8	shufersal
7290018225509	19	shufersal
7290018225882	26	shufersal
7290018237373	4	shufersal
7290018237410	4	shufersal
7290018237984	17	shufersal
7290018249086	17	shufersal
7290018249123	10	shufersal
7290018249154	17	shufersal
7290018249260	10	shufersal
7290018249444	10	shufersal
7290018249499	10	shufersal
7290018249550	10	shufersal
7290018249680	10	shufersal
7290018249727	10	shufersal
7290018249802	10	shufersal
7290018249833	10	shufersal
7290018249901	10	shufersal
7290018249994	10	shufersal
7290018265406	10	shufersal
7290018278253	11	shufersal
7290018278260	11	shufersal
7290018278956	15	shufersal
7290018279052	9	shufersal
7290018279069	12	shufersal
7290018279076	12	shufersal
7290018279434	11	shufersal
7290018280218	12	shufersal
7290018292525	11	shufersal
7290018292549	11	shufersal
7290018292556	11	shufersal
7290018294352	8	shufersal
7290018311615	19	shufersal
7290018313053	19	shufersal
7290018313077	19	shufersal
7290018313473	19	shufersal
7290018313480	19	shufersal
7290018313503	19	shufersal
7290018330289	20	shufersal
7290018330517	20	shufersal
7290018330531	20	shufersal
7290018343630	11	shufersal
7290018359495	5	shufersal
7290018359518	5	shufersal
7290018359686	5	shufersal
7290018359716	5	shufersal
7290018371091	6	shufersal
7290018371183	10	shufersal
7290018371299	6	shufersal
7290018371305	6	shufersal
7290018371312	6	shufersal
7290018371923	10	shufersal
7290018371930	10	shufersal
7290018371947	10	shufersal
7290018380475	5	shufersal
7290018383964	20	shufersal
7290018386521	12	shufersal
7290018394021	1	shufersal
7290018394083	1	shufersal
7290018394113	1	shufersal
7290018394151	1	shufersal
7290018394359	1	shufersal
7290018400173	19	shufersal
7290018400357	2	shufersal
7290018400470	2	shufersal
7290018400500	2	tiv_taam
7290018432327	11	shufersal
7290018432334	11	shufersal
7290018432341	11	shufersal
7290018439043	9	shufersal
7290018439203	9	shufersal
7290018439210	9	shufersal
7290018439357	9	shufersal
7290018439364	9	shufersal
7290018439425	9	shufersal
7290018439555	9	shufersal
7290018439579	9	shufersal
7290018439623	9	shufersal
7290018439708	9	shufersal
7290018439821	9	shufersal
7290018441220	2	shufersal
7290018441275	2	shufersal
7290018441282	2	shufersal
7290018441305	2	shufersal
7290018441473	2	shufersal
7290018441480	2	shufersal
7290018441503	2	shufersal
7290018441510	2	shufersal
7290018441534	2	shufersal
7290018441541	2	shufersal
7290018441565	2	shufersal
7290018441596	2	shufersal
7290018443545	1	shufersal
7290018443552	1	shufersal
7290018443705	1	shufersal
7290018443835	1	shufersal
7290018471029	8	shufersal
7290018471180	8	shufersal
7290018471401	8	shufersal
7290018471906	8	shufersal
7290018471913	8	shufersal
7290018471920	8	shufersal
7290018471937	8	shufersal
7290018471944	8	shufersal
7290018493052	11	shufersal
7290018493069	11	shufersal
7290018493076	11	shufersal
7290018493144	17	tiv_taam
7290018493915	11	shufersal
7290018500231	6	shufersal
7290018500316	19	shufersal
7290018500361	17	shufersal
7290018500484	17	shufersal
7290018500644	17	shufersal
7290018515105	19	shufersal
7290018515600	5	shufersal
7290018515679	5	shufersal
7290018515952	2	shufersal
7290018516324	11	shufersal
7290018516331	11	shufersal
7290018516348	11	shufersal
7290018516355	11	shufersal
7290018516362	11	shufersal
7290018516379	11	shufersal
7290018523001	16	shufersal
7290018523018	16	shufersal
7290018523025	16	shufersal
7290018523032	16	shufersal
7290018523056	16	shufersal
7290018523063	16	shufersal
7290018523070	16	shufersal
7290018523087	16	shufersal
7290018523117	16	shufersal
7290018523124	16	shufersal
7290018523131	16	shufersal
7290018523148	16	shufersal
7290018523162	16	shufersal
7290018523179	16	shufersal
7290018523186	16	shufersal
7290018523193	16	shufersal
7290018523292	16	shufersal
7290018523308	16	shufersal
7290018523315	16	shufersal
7290018523322	16	shufersal
7290018523339	16	shufersal
7290018523353	16	shufersal
7290018523360	16	shufersal
7290018523384	16	shufersal
7290018523490	16	shufersal
7290018523513	16	shufersal
7290018523520	16	shufersal
7290018523902	16	shufersal
7290018523964	16	shufersal
7290018532003	9	shufersal
7290018532010	9	shufersal
7290018532607	9	shufersal
7290018532898	15	shufersal
7290018534281	7	shufersal
7290018534298	7	shufersal
7290018534304	7	shufersal
7290018534335	7	shufersal
7290018540329	17	shufersal
7290018540817	19	shufersal
7290018540824	19	shufersal
7290018540831	19	shufersal
7290018544709	20	shufersal
7290018558027	20	shufersal
7290018558256	20	shufersal
7290018558713	26	shufersal
7290018558720	26	shufersal
7290018558744	26	shufersal
7290018571699	5	shufersal
7290018571798	7	shufersal
7290018572115	15	shufersal
7290018572146	17	shufersal
7290018572153	16	shufersal
7290018572269	16	shufersal
7290018572276	16	shufersal
7290018572283	16	shufersal
7290018572344	17	shufersal
7290018572351	17	shufersal
7290018572474	17	shufersal
7290018572610	17	shufersal
7290018572627	17	shufersal
7290018572634	17	shufersal
7290018581254	6	shufersal
7290018581407	6	shufersal
7290018581421	6	shufersal
7290018581438	6	shufersal
7290018593004	3	shufersal
7290018593011	3	shufersal
7290018593035	3	shufersal
7290018593202	3	shufersal
7290018593233	19	shufersal
7290018593240	19	shufersal
7290018593257	19	shufersal
7290018593301	19	shufersal
7290018593325	3	shufersal
7290018608432	19	shufersal
7290018608456	19	shufersal
7290018608463	19	shufersal
7290018608470	19	shufersal
7290018619629	19	shufersal
7290018619650	19	shufersal
7290018627730	12	shufersal
7290018627747	12	shufersal
7290018652015	2	shufersal
7290018652039	2	shufersal
7290018652671	2	shufersal
7290018652886	2	shufersal
7290018657263	19	shufersal
7290018657461	19	shufersal
7290018674406	20	shufersal
7290018674413	20	shufersal
7290018674611	20	shufersal
7290018677070	10	shufersal
7290018677230	10	shufersal
7290018677247	10	shufersal
7290018677254	10	shufersal
7290018677490	5	shufersal
7290018677599	5	shufersal
7290018677605	5	shufersal
7290018677612	5	shufersal
7290018677629	5	shufersal
7290018677636	5	shufersal
7290018677650	5	shufersal
7290018677896	10	shufersal
7290018677902	10	shufersal
7290018677919	10	shufersal
7290018677926	10	shufersal
7290018677933	10	shufersal
7290018677940	10	shufersal
7290018703076	19	shufersal
7290018703236	9	tiv_taam
7290018703304	19	shufersal
7290018703984	9	tiv_taam
7290018703991	9	tiv_taam
7290018718629	11	shufersal
7290018724019	5	shufersal
7290018724026	10	shufersal
7290018724125	5	shufersal
7290018724132	5	shufersal
7290018724323	5	shufersal
7290018724330	19	shufersal
7290018724347	5	shufersal
7290018724361	5	shufersal
7290018724705	10	shufersal
7290018724941	5	shufersal
7290018724958	5	shufersal
7290018733059	15	shufersal
7290018733066	11	shufersal
7290018733073	27	shufersal
7290018733080	27	shufersal
7290018733134	15	shufersal
7290018733141	11	shufersal
7290018733158	11	shufersal
7290018733172	11	shufersal
7290018733189	27	shufersal
7290018733196	27	shufersal
7290018733370	11	shufersal
7290018733554	11	shufersal
7290018755136	2	shufersal
7290018755143	2	shufersal
7290018755303	2	shufersal
7290018755808	2	shufersal
7290018755815	2	shufersal
7290018755822	2	shufersal
7290018755839	2	shufersal
7290018755846	2	shufersal
7290018755853	2	shufersal
7290018755891	2	shufersal
7290018755907	2	shufersal
7290018757048	2	shufersal
7290018757116	5	shufersal
7290018757123	19	shufersal
7290018757130	19	shufersal
7290018757147	5	shufersal
7290018757154	5	shufersal
7290018757178	5	shufersal
7290018757222	19	shufersal
7290018757239	5	shufersal
7290018757246	19	shufersal
7290018757291	19	shufersal
7290018757383	5	shufersal
7290018757505	19	shufersal
7290018757512	19	shufersal
7290018757574	19	shufersal
7290018757710	19	shufersal
7290018757857	1	shufersal
7290018758045	1	shufersal
7290018758373	1	shufersal
7290018758540	1	shufersal
7290018758861	1	shufersal
7290018758939	1	shufersal
7290018758960	1	shufersal
7290018758977	1	shufersal
7290018790328	19	shufersal
7290018790335	19	shufersal
7290018791035	1	shufersal
7290018791127	1	shufersal
7290018791134	1	shufersal
7290018791141	1	shufersal
7290018830000	12	shufersal
7290018830390	11	shufersal
7290018830574	15	shufersal
7290018830581	11	shufersal
7290018830598	11	shufersal
7290018830635	11	shufersal
7290018830680	11	shufersal
7290018830789	11	shufersal
7290018830918	12	shufersal
7290018857885	17	shufersal
7290018889404	2	shufersal
7290018893036	7	shufersal
7290018893135	7	shufersal
7290018893401	7	shufersal
7290018893425	5	shufersal
7290018893449	7	tiv_taam
7290018893494	7	shufersal
7290018893609	7	shufersal
7290018893722	7	shufersal
7290018893807	7	shufersal
7290018893852	7	shufersal
7290018893920	7	shufersal
7290018893937	7	shufersal
7290018894002	7	shufersal
7290018894118	7	shufersal
7290018894125	7	shufersal
7290018894323	7	shufersal
7290018894408	7	shufersal
7290018894460	7	shufersal
7290018894606	7	shufersal
7290018894804	7	shufersal
7290018894934	7	tiv_taam
7290018921203	17	shufersal
7290018921265	15	shufersal
7290018921609	17	shufersal
7290018921807	19	shufersal
7290018925065	8	shufersal
7290018925072	8	shufersal
7290018925867	8	shufersal
7290018925881	8	shufersal
7290018928387	10	shufersal
7290018928394	5	shufersal
7290018928400	5	shufersal
7290018935217	19	shufersal
7290018935224	19	shufersal
7290018935323	7	shufersal
7290018935385	7	shufersal
7290018935392	7	shufersal
7290018935408	7	shufersal
7290018935415	7	shufersal
7290018938157	2	shufersal
7290018938195	2	shufersal
7290018938829	2	shufersal
7290018938850	2	shufersal
7290018938881	2	shufersal
7290018942802	16	shufersal
7290018951507	25	shufersal
7290018951873	26	shufersal
7290018972373	2	tiv_taam
7290018972458	2	tiv_taam
7290018972625	2	tiv_taam
7290018972861	5	shufersal
7290018973004	11	shufersal
7290018973011	11	shufersal
7290018973028	11	shufersal
7290018978047	5	shufersal
7290018989005	5	shufersal
7290018989128	8	shufersal
7290018989135	8	shufersal
7290018989272	5	shufersal
7290018989289	19	shufersal
7290018989296	5	shufersal
7290018989319	5	shufersal
7290018989333	5	shufersal
7290018989357	2	shufersal
7290018989364	2	shufersal
7290018989371	2	shufersal
7290018989388	2	shufersal
7290018989456	2	shufersal
7290018989487	5	shufersal
7290018989678	8	shufersal
7290018989746	5	shufersal
7290019014614	19	shufersal
7290019014621	19	shufersal
7290019014652	19	shufersal
7290019014669	19	shufersal
7290019014706	19	shufersal
7290019014744	19	shufersal
7290019014751	19	shufersal
7290019014768	19	shufersal
7290019014775	19	shufersal
7290019014782	19	shufersal
7290019014799	19	shufersal
7290019014805	19	shufersal
7290019014812	19	shufersal
7290019014836	19	shufersal
7290019014843	19	shufersal
7290019014850	19	shufersal
7290019014867	19	shufersal
7290019014874	19	shufersal
7290019014928	19	shufersal
7290019014942	19	shufersal
7290019014959	19	shufersal
7290019014966	19	shufersal
7290019014973	19	shufersal
7290019015154	23	shufersal
7290019015994	23	shufersal
7290019019527	27	shufersal
7290019019671	13	shufersal
7290019019947	13	shufersal
7290019026273	26	shufersal
7290019026617	20	shufersal
7290019026952	20	shufersal
7290019029007	16	shufersal
7290019048060	12	shufersal
7290019048206	12	shufersal
7290019048565	12	shufersal
7290019048787	15	shufersal
7290019056027	8	shufersal
7290019056041	8	shufersal
7290019056058	8	shufersal
7290019056065	8	shufersal
7290019056072	8	shufersal
7290019056089	8	shufersal
7290019056096	8	shufersal
7290019056119	8	shufersal
7290019056164	8	shufersal
7290019056171	8	shufersal
7290019056188	8	shufersal
7290019056201	8	shufersal
7290019056232	8	shufersal
7290019056249	8	shufersal
7290019056256	8	shufersal
7290019056263	8	shufersal
7290019056270	8	shufersal
7290019056300	8	shufersal
7290019056317	8	shufersal
7290019056324	8	shufersal
7290019056331	8	shufersal
7290019056355	8	shufersal
7290019056362	19	shufersal
7290019056379	8	shufersal
7290019056393	8	shufersal
7290019056409	8	shufersal
7290019056430	8	shufersal
7290019056478	8	shufersal
7290019056485	8	shufersal
7290019056508	8	shufersal
7290019056515	8	shufersal
7290019056539	8	shufersal
7290019056546	8	shufersal
7290019056553	8	shufersal
7290019056577	8	shufersal
7290019056584	8	shufersal
7290019056591	19	shufersal
7290019056607	8	shufersal
7290019056614	8	shufersal
7290019056621	8	shufersal
7290019056638	8	shufersal
7290019056645	8	shufersal
7290019056652	8	shufersal
7290019056669	8	shufersal
7290019056676	8	shufersal
7290019056720	8	shufersal
7290019056744	8	shufersal
7290019056768	8	shufersal
7290019056775	8	shufersal
7290019056799	8	shufersal
7290019056805	8	shufersal
7290019056812	8	shufersal
7290019056836	8	shufersal
7290019056973	8	shufersal
7290019074090	11	shufersal
7290019074434	11	shufersal
7290019074885	11	shufersal
7290019075103	11	shufersal
7290019075479	11	shufersal
7290019075547	11	shufersal
7290019075745	11	shufersal
7290019075899	11	shufersal
7290019078494	10	shufersal
7290019079699	5	shufersal
7290019079705	5	shufersal
7290019079712	5	shufersal
7290019079729	5	shufersal
7290019079736	5	shufersal
7290019079743	5	shufersal
7290019089230	26	shufersal
7290019089261	26	shufersal
7290019089308	26	shufersal
7290019089476	19	shufersal
7290019089513	25	shufersal
7290019089582	26	shufersal
7290019089674	26	shufersal
7290019089681	26	shufersal
7290019089698	26	shufersal
7290019104230	8	shufersal
7290019104247	8	shufersal
7290019104254	8	shufersal
7290019104261	8	shufersal
7290019104278	8	shufersal
7290019104346	8	shufersal
7290019104377	8	shufersal
7290019104384	8	shufersal
7290019104544	8	shufersal
7290019104643	8	shufersal
7290019104650	8	shufersal
7290019104667	8	shufersal
7290019104698	8	shufersal
7290019104704	8	shufersal
7290019104711	8	shufersal
7290019104728	8	shufersal
7290019151012	11	shufersal
7290019151036	11	shufersal
7290019151203	11	shufersal
7290019151234	15	shufersal
7290019151401	11	shufersal
7290019151432	15	shufersal
7290019151456	15	shufersal
7290019151609	11	shufersal
7290019151630	15	shufersal
7290019151647	11	shufersal
7290019151807	11	shufersal
7290019151821	11	shufersal
7290019153078	8	shufersal
7290019153085	8	shufersal
7290019153504	8	tiv_taam
7290019153511	8	shufersal
7290019153528	8	tiv_taam
7290019153702	8	shufersal
7290019153764	8	shufersal
7290019153917	8	shufersal
7290019153931	8	shufersal
7290019167112	3	shufersal
7290019167129	3	shufersal
7290019167136	3	shufersal
7290019193210	9	shufersal
7290019193227	9	shufersal
7290019193241	9	shufersal
7290019193289	9	shufersal
7290019193302	9	shufersal
7290019195290	3	tiv_taam
7290019196136	5	shufersal
7290019196181	5	shufersal
7290019196198	5	shufersal
7290019196242	5	shufersal
7290019196259	5	shufersal
7290019196280	8	shufersal
7290019196297	19	shufersal
7290019203001	5	shufersal
7290019203018	5	shufersal
7290019204008	4	shufersal
7290019204305	4	shufersal
7290019204381	2	shufersal
7290019204701	19	shufersal
7290019204800	19	shufersal
7290019205036	2	shufersal
7290019205135	2	shufersal
7290019205258	4	shufersal
7290019205357	4	shufersal
7290019205609	2	shufersal
7290019205708	2	shufersal
7290019205807	2	shufersal
7290019205906	2	shufersal
7290019205920	2	shufersal
7290019205999	2	shufersal
7290019220121	8	shufersal
7290019220190	8	shufersal
7290019220473	8	shufersal
7290019220794	8	shufersal
7290019220893	8	shufersal
7290019220909	8	shufersal
7290019226970	5	shufersal
7290019226987	5	shufersal
7290019226994	5	shufersal
7290019232155	8	shufersal
7290019232568	8	shufersal
7290019232582	8	shufersal
7290019233169	5	shufersal
7290019233183	5	shufersal
7290019251132	19	shufersal
7290019251149	19	shufersal
7290019251156	19	shufersal
7290019251187	7	shufersal
7290019251194	7	shufersal
7290019251217	7	shufersal
7290019251606	19	shufersal
7290019251613	19	shufersal
7290019251620	19	shufersal
7290019274056	19	shufersal
7290019274063	19	shufersal
7290019274087	19	shufersal
7290019274315	19	shufersal
7290019274544	19	shufersal
7290019274551	19	shufersal
7290019274711	19	shufersal
7290019274735	19	shufersal
7290019283119	5	shufersal
7290019288008	16	shufersal
7290019288015	16	shufersal
7290019288022	16	shufersal
7290019288039	16	shufersal
7290019288046	16	shufersal
7290019288053	16	shufersal
7290019288060	16	shufersal
7290019288077	16	shufersal
7290019288084	16	shufersal
7290019288091	16	shufersal
7290019288442	16	shufersal
7290019288572	16	shufersal
7290019288589	16	shufersal
7290019288749	16	shufersal
7290019288794	16	shufersal
7290019288855	16	shufersal
7290019288916	16	shufersal
7290019288923	16	shufersal
7290019288930	16	shufersal
7290019288947	16	shufersal
7290019293194	2	shufersal
7290019293408	2	shufersal
7290019293415	2	shufersal
7290019293606	2	shufersal
7290019293804	2	shufersal
7290019293910	2	shufersal
7290019297161	10	shufersal
7290019297192	7	shufersal
7290019297383	5	shufersal
7290019297406	5	shufersal
7290019297413	5	shufersal
7290019297420	5	shufersal
7290019297437	5	shufersal
7290019297451	5	shufersal
7290019297512	5	shufersal
7290019297536	5	shufersal
7290019297543	5	shufersal
7290019297550	1	shufersal
7290019297628	1	shufersal
7290019297635	1	shufersal
7290019297642	7	shufersal
7290019299417	11	shufersal
7290019299462	11	shufersal
7290019302612	8	shufersal
7290019310006	7	shufersal
7290019310044	7	shufersal
7290019310235	7	shufersal
7290019310679	7	shufersal
7290019310686	7	shufersal
7290019316008	20	shufersal
7290019316169	20	shufersal
7290019316190	20	shufersal
7290019316626	20	shufersal
7290019316947	20	shufersal
7290019322177	1	shufersal
7290019322252	1	shufersal
7290019322320	1	shufersal
7290019322429	1	shufersal
7290019322627	1	shufersal
7290019324003	7	shufersal
7290019333203	5	shufersal
7290019333227	5	shufersal
7290019333517	5	shufersal
7290019337850	23	shufersal
7290019337867	23	shufersal
7290019337904	23	shufersal
7290019337911	26	shufersal
7290019337935	23	shufersal
7290019337942	23	shufersal
7290019337959	23	shufersal
7290019375937	19	shufersal
7290019375951	19	shufersal
7290019375968	19	shufersal
7290019375975	19	shufersal
7290019398226	8	shufersal
7290019398233	8	shufersal
7290019398240	8	shufersal
7290019398356	8	shufersal
7290019398820	8	shufersal
7290019398837	8	shufersal
7290019398844	8	shufersal
7290019398851	8	shufersal
7290019398868	8	shufersal
7290019398875	8	shufersal
7290019398882	8	shufersal
7290019398899	8	shufersal
7290019401018	9	tiv_taam
7290019401049	9	tiv_taam
7290019401360	9	tiv_taam
7290019401544	7	shufersal
7290019401766	7	tiv_taam
7290019401773	7	tiv_taam
7290019401964	9	tiv_taam
7290019401971	9	tiv_taam
7290019406075	26	shufersal
7290019406358	26	shufersal
7290019406372	26	shufersal
7290019424789	3	tiv_taam
7290019428213	5	shufersal
7290019431350	10	shufersal
7290019431527	10	shufersal
7290019431534	10	shufersal
7290019431770	5	shufersal
7290019431794	6	shufersal
7290019443124	8	shufersal
7290019444091	9	shufersal
7290019444107	9	shufersal
7290019444114	9	shufersal
7290019444121	9	shufersal
7290019444152	9	shufersal
7290019444169	9	shufersal
7290019444176	9	shufersal
7290019444183	9	shufersal
7290019444312	9	shufersal
7290019444329	9	shufersal
7290019444350	9	shufersal
7290019444367	9	shufersal
7290019444428	9	shufersal
7290019444480	9	shufersal
7290019444633	9	shufersal
7290019462156	2	shufersal
7290019462170	2	shufersal
7290019462187	2	shufersal
7290019462446	2	shufersal
7290019481157	19	tiv_taam
7290019481188	19	shufersal
7290019481218	17	tiv_taam
7290019481362	19	tiv_taam
7290019481508	19	tiv_taam
7290019483410	3	tiv_taam
7290019483892	2	tiv_taam
7290019489382	15	shufersal
7290019489399	15	shufersal
7290019489405	15	shufersal
7290019489412	15	shufersal
7290019489429	15	shufersal
7290019489436	15	shufersal
7290019489443	15	shufersal
7290019489450	15	shufersal
7290019489467	15	shufersal
7290019489474	15	shufersal
7290019489481	15	shufersal
7290019489498	15	shufersal
7290019489504	15	shufersal
7290019489511	15	shufersal
7290019489528	15	shufersal
7290019489719	11	shufersal
7290019489726	11	shufersal
7290019489733	11	shufersal
7290019489740	11	shufersal
7290019489757	11	shufersal
7290019489795	11	shufersal
7290019489818	11	shufersal
7290019489825	11	shufersal
7290019489832	11	shufersal
7290019489856	12	shufersal
7290019489863	12	shufersal
7290019489870	12	shufersal
7290019493198	26	shufersal
7290019493372	8	shufersal
7290019493457	20	shufersal
7290019493471	26	shufersal
7290019493686	26	shufersal
7290019493709	26	shufersal
7290019493723	26	shufersal
7290019493846	26	shufersal
7290019493877	25	shufersal
7290019493884	26	shufersal
7290019493921	26	shufersal
7290019493990	26	shufersal
7290019501305	15	shufersal
7290019501367	15	shufersal
7290019501374	15	shufersal
7290019501381	15	shufersal
7290019501404	15	shufersal
7290019501411	15	shufersal
7290019501428	11	shufersal
7290019501473	15	shufersal
7290019502203	15	shufersal
7290019502210	15	shufersal
7290019502258	11	shufersal
7290019502265	11	shufersal
7290019502685	11	shufersal
7290019502692	11	shufersal
7290019502708	11	shufersal
7290019502807	11	shufersal
7290019526377	8	shufersal
7290019526452	26	shufersal
7290019554004	12	shufersal
7290019554011	12	shufersal
7290019554059	12	shufersal
7290019554066	12	shufersal
7290019554103	12	shufersal
7290019554110	12	shufersal
7290019554158	12	shufersal
7290019554165	12	shufersal
7290019554202	12	shufersal
7290019554257	12	shufersal
7290019554301	12	shufersal
7290019554400	12	shufersal
7290019554431	12	shufersal
7290019554455	12	shufersal
7290019554509	12	shufersal
7290019554554	12	shufersal
7290019554813	12	shufersal
7290019554851	12	shufersal
7290019554868	12	shufersal
7290019554905	11	shufersal
7290019554950	12	shufersal
7290019576044	27	shufersal
7290019576068	13	shufersal
7290019576082	13	shufersal
7290019576280	27	shufersal
7290019576389	27	shufersal
7290019576488	27	shufersal
7290019576532	27	shufersal
7290019587521	5	shufersal
7290019598039	13	shufersal
7290019598046	13	shufersal
7290019598121	11	shufersal
7290019598138	11	shufersal
7290019598213	13	shufersal
7290019600077	19	shufersal
7290019603221	5	shufersal
7290019603474	5	shufersal
7290019603559	5	shufersal
7290019603672	5	shufersal
7290019611417	19	shufersal
7290019611462	19	shufersal
7290019611479	19	shufersal
7290019611646	19	shufersal
7290019611653	19	shufersal
7290019611660	19	shufersal
7290019611677	19	shufersal
7290019611691	19	shufersal
7290019611707	19	shufersal
7290019611738	19	shufersal
7290019612636	15	shufersal
7290019612643	15	shufersal
7290019612650	15	shufersal
7290019612674	15	shufersal
7290019612681	15	shufersal
7290019621348	8	shufersal
7290019621355	8	shufersal
7290019635000	3	shufersal
7290019635031	3	shufersal
7290019635055	3	tiv_taam
7290019635116	17	shufersal
7290019635130	3	shufersal
7290019635147	3	shufersal
7290019635178	3	tiv_taam
7290019635192	3	tiv_taam
7290019635208	3	shufersal
7290019635215	3	shufersal
7290019635222	3	shufersal
7290019635352	3	tiv_taam
7290019635369	19	shufersal
7290019635376	3	tiv_taam
7290019635383	19	shufersal
7290019635468	3	shufersal
7290019635475	3	shufersal
7290019635482	3	shufersal
7290019635499	3	shufersal
7290019635529	3	tiv_taam
7290019635550	3	tiv_taam
7290019635567	17	shufersal
7290019635581	17	shufersal
7290019635598	3	shufersal
7290019635604	3	shufersal
7290019635734	3	shufersal
7290019635741	3	shufersal
7290019635796	3	shufersal
7290019635819	3	tiv_taam
7290019635826	3	shufersal
7290019635857	3	shufersal
7290019635871	3	shufersal
7290019635888	3	shufersal
7290019635901	3	shufersal
7290019635918	3	shufersal
7290019635925	3	shufersal
7290019635932	3	shufersal
7290019635949	3	shufersal
7290019635970	3	shufersal
7290019635987	3	shufersal
7290019635994	3	shufersal
7290019644255	7	shufersal
7290019644330	7	shufersal
7290019644347	7	shufersal
7290019644385	7	shufersal
7290019704287	1	shufersal
7290019704355	1	shufersal
7290019704737	1	shufersal
7290019705659	26	shufersal
7290019715092	14	shufersal
7290019715108	14	shufersal
7290019715177	14	shufersal
7290019715191	14	shufersal
7290019715283	14	shufersal
7290019715290	14	shufersal
7290019715306	14	shufersal
7290019715320	14	shufersal
7290019715337	11	shufersal
7290019715344	11	shufersal
7290019715351	14	shufersal
7290019715368	11	shufersal
7290019715375	14	shufersal
7290019715382	14	shufersal
7290019715412	14	shufersal
7290019715481	11	shufersal
7290019715498	11	shufersal
7290019715559	14	shufersal
7290019715580	14	shufersal
7290019715597	11	shufersal
7290019729273	9	shufersal
7290019742142	23	shufersal
7290019742159	23	shufersal
7290019742166	23	shufersal
7290019742449	23	shufersal
7290019750079	19	shufersal
7290019750802	19	shufersal
7290019750857	19	shufersal
7290019766018	7	shufersal
7290019766025	7	shufersal
7290019766063	9	tiv_taam
7290019766087	9	tiv_taam
7290019766193	7	shufersal
7290019766230	7	shufersal
7290019766247	7	shufersal
7290019766254	7	shufersal
7290019766261	7	shufersal
7290019766445	7	shufersal
7290019766452	7	shufersal
7290019766698	7	shufersal
7290019766704	7	shufersal
7290019766735	7	shufersal
7290019771852	11	shufersal
7290019771869	11	shufersal
7290019771876	11	shufersal
7290019771883	11	shufersal
7290019771937	11	shufersal
7290019771944	11	shufersal
7290019790006	3	shufersal
7290019790051	3	shufersal
7290019790112	3	shufersal
7290019790167	3	shufersal
7290019790174	3	shufersal
7290019790211	3	tiv_taam
7290019790259	3	shufersal
7290019790280	3	shufersal
7290019790297	17	shufersal
7290019790303	3	tiv_taam
7290019790327	17	shufersal
7290019790334	17	shufersal
7290019790372	3	shufersal
7290019790389	3	shufersal
7290019790396	3	shufersal
7290019790402	3	shufersal
7290019790808	3	shufersal
7290019790952	3	shufersal
7290019805007	27	shufersal
7290019805090	27	shufersal
7290019805120	27	shufersal
7290019805298	27	shufersal
7290019805359	27	shufersal
7290019805366	27	shufersal
7290019805397	27	shufersal
7290019805632	27	shufersal
7290019816034	2	shufersal
7290019816058	2	shufersal
7290019816096	2	shufersal
7290019816232	2	shufersal
7290019816294	2	shufersal
7290019816331	2	shufersal
7290019816393	2	shufersal
7290019816416	2	shufersal
7290019816423	2	shufersal
7290019816591	2	shufersal
7290019816690	2	shufersal
7290019816713	2	shufersal
7290019816799	2	shufersal
7290019816898	2	shufersal
7290019816911	2	shufersal
7290019816928	2	shufersal
7290019827078	9	shufersal
7290019827115	9	shufersal
7290019827122	9	shufersal
7290019827177	16	shufersal
7290019827184	16	shufersal
7290019827399	16	shufersal
7290019827795	12	shufersal
7290019837558	8	shufersal
7290019841586	19	shufersal
7290019841838	19	shufersal
7290019841845	19	shufersal
7290019841852	19	shufersal
7290019841869	19	shufersal
7290019841876	19	shufersal
7290019841883	19	shufersal
7290019841890	19	shufersal
7290019841906	19	shufersal
7290019841913	19	shufersal
7290019841920	19	shufersal
7290019841937	19	shufersal
7290019841944	19	shufersal
7290019841951	19	shufersal
7290019841968	19	shufersal
7290019841975	19	shufersal
7290019841982	19	shufersal
7290019841999	19	shufersal
7290019850830	11	shufersal
7290019850885	11	shufersal
7290019850991	11	shufersal
7290019860433	19	shufersal
7290019860440	19	shufersal
7290019860457	19	shufersal
7290019860464	19	shufersal
7290019865179	8	tiv_taam
7290019865728	8	shufersal
7290019865735	8	shufersal
7290019865742	8	shufersal
7290019870333	7	tiv_taam
7290019870432	7	shufersal
7290019870593	7	shufersal
7290019870890	7	shufersal
7290019870906	7	shufersal
7290019904007	23	shufersal
7290019904014	23	shufersal
7290019904106	20	shufersal
7290019904205	23	shufersal
7290019904342	23	shufersal
7290019904359	23	shufersal
7290019904366	23	shufersal
7290019904373	23	shufersal
7290019909446	20	shufersal
7290019909583	20	shufersal
7290019909620	20	shufersal
7290019909637	20	shufersal
7290019932406	10	shufersal
7290019935797	11	shufersal
7290019935810	11	shufersal
7290019935827	11	shufersal
7290019935834	11	shufersal
7290019935896	11	shufersal
7290019935933	11	shufersal
7290019937104	5	shufersal
7290019939238	5	shufersal
7290019939245	5	shufersal
7290019939412	10	shufersal
7290019939429	10	shufersal
7290019939436	5	shufersal
7290019939498	10	shufersal
7290019939641	5	shufersal
7290019939894	5	shufersal
7290019947097	3	tiv_taam
7290019947103	2	tiv_taam
7290019947127	2	tiv_taam
7290019947134	2	tiv_taam
7290019960263	13	shufersal
7290019960294	13	shufersal
7290019960300	13	shufersal
7290019960317	27	shufersal
7290019965015	9	shufersal
7290019965060	9	shufersal
7290019965114	9	shufersal
7290019965701	9	shufersal
7290019965756	9	shufersal
7290019965800	9	shufersal
7290019965954	9	shufersal
7290019974123	5	shufersal
7290019974192	5	shufersal
7290019974314	5	shufersal
7290019974338	5	shufersal
7290019974345	5	shufersal
7290019986447	11	shufersal
7290019986492	11	shufersal
7290019989004	15	shufersal
7290019989011	15	shufersal
7290019989028	15	shufersal
7290019989042	15	shufersal
7290019989066	15	shufersal
7290019989073	15	shufersal
7290019989080	15	shufersal
7290019989097	15	shufersal
7290019989165	16	shufersal
7290019989172	16	shufersal
7290019989189	16	shufersal
7290019989370	11	shufersal
7290019989417	11	shufersal
7290019997030	5	shufersal
7290019997139	5	shufersal
7290019997870	5	shufersal
7290019997979	5	shufersal
7290020002006	2	shufersal
7290020002020	2	shufersal
7290020011114	21	shufersal
7290020011213	26	shufersal
7290020011237	26	shufersal
7290020011275	25	shufersal
7290020011428	26	shufersal
7290020011473	26	shufersal
7290020011664	26	shufersal
7290020011718	26	shufersal
7290020011756	26	shufersal
7290020011763	26	shufersal
7290020011794	26	shufersal
7290020030283	10	shufersal
7290020046352	5	shufersal
7290020046550	5	shufersal
7290020046703	5	shufersal
7290020078193	5	shufersal
7290020081025	23	shufersal
7290020081032	23	shufersal
7290020081780	23	shufersal
7290020081834	23	shufersal
7290020081858	23	shufersal
7290020081940	23	shufersal
7290020088352	2	shufersal
7290020091130	14	shufersal
7290020091185	14	shufersal
7290020091239	14	shufersal
7290020091345	12	shufersal
7290020091390	12	shufersal
7290020091642	12	shufersal
7290020091697	11	shufersal
7290020092380	14	shufersal
7290020092403	14	shufersal
7290020092410	14	shufersal
7290020092434	14	shufersal
7290020092465	14	shufersal
7290020092496	14	shufersal
7290020092519	14	shufersal
7290020092526	14	shufersal
7290020092540	14	shufersal
7290020092564	14	shufersal
7290020092571	14	shufersal
7290020103154	11	shufersal
7290020103161	11	shufersal
7290020103246	11	shufersal
7290020103468	15	shufersal
7290020103475	15	shufersal
7290020103482	11	shufersal
7290020103628	15	shufersal
7290020103635	11	shufersal
7290020103703	15	shufersal
7290020103710	11	shufersal
7290020103727	11	shufersal
7290020103734	11	shufersal
7290020103741	15	shufersal
7290020103758	11	shufersal
7290020103765	15	shufersal
7290020103772	11	shufersal
7290020103789	11	shufersal
7290020103796	11	shufersal
7290020103802	11	shufersal
7290020103826	15	shufersal
7290020103833	11	shufersal
7290020103840	11	shufersal
7290020103857	11	shufersal
7290020103864	11	shufersal
7290020103871	11	shufersal
7290020103888	11	shufersal
7290020103918	11	shufersal
7290020103925	11	shufersal
7290020103932	15	shufersal
7290020117175	26	shufersal
7290020117182	20	shufersal
7290020117199	20	shufersal
7290020117267	20	shufersal
7290020117328	8	shufersal
7290020117335	8	shufersal
7290020117359	20	shufersal
7290020117373	20	shufersal
7290020117397	12	shufersal
7290020117403	12	shufersal
7290020117427	12	shufersal
7290020117458	20	shufersal
7290020117465	20	shufersal
7290020130396	19	shufersal
7290020130402	19	shufersal
7290020130419	19	shufersal
7290020130426	19	shufersal
7290020130433	19	shufersal
7290020130440	19	shufersal
7290020130457	19	shufersal
7290020130464	19	shufersal
7290020146892	9	shufersal
7290020146915	9	shufersal
7290020146922	9	shufersal
7290020162038	12	shufersal
7290020162045	12	shufersal
7290020162052	12	shufersal
7290020162069	12	shufersal
7290020162083	12	shufersal
7290020162090	20	shufersal
7290020162106	20	shufersal
7290020162113	20	shufersal
7290020162120	20	shufersal
7290020162137	20	shufersal
7290020162144	26	shufersal
7290020162151	26	shufersal
7290020162168	26	shufersal
7290020162175	26	shufersal
7290020162991	20	shufersal
7290020179043	6	shufersal
7290020188007	19	shufersal
7290020188014	19	shufersal
7290020188045	19	shufersal
7290020188052	19	shufersal
7290020188069	19	shufersal
7290020188076	19	shufersal
7290020188083	19	shufersal
7290020188090	19	shufersal
7290020188106	19	shufersal
7290020188113	19	shufersal
7290020188120	19	shufersal
7290020188137	19	shufersal
7290020188151	19	shufersal
7290020188168	19	shufersal
7290020188236	19	shufersal
7290020188274	19	shufersal
7290020188281	19	shufersal
7290020188298	19	shufersal
7290020188304	19	shufersal
7290020188335	19	shufersal
7290020188359	19	shufersal
7290020188571	19	shufersal
7290020188588	19	shufersal
7290020188595	19	shufersal
7290020188625	19	shufersal
7290020188632	19	shufersal
7290020188649	19	shufersal
7290020188656	19	shufersal
7290020188663	19	shufersal
7290020188670	19	shufersal
7290020188687	19	shufersal
7290020188694	19	shufersal
7290020188700	19	shufersal
7290020188731	19	shufersal
7290020188748	19	shufersal
7290020188854	19	shufersal
7290020196668	19	shufersal
7290020196675	19	shufersal
7290020196866	19	shufersal
7290020196873	19	shufersal
7290020196903	19	shufersal
7290020196910	19	shufersal
7290020209177	13	shufersal
7290020209368	13	shufersal
7290020209375	13	shufersal
7290020209535	13	shufersal
7290020209559	13	shufersal
7290020209566	13	shufersal
7290020209573	13	shufersal
7290020209580	13	shufersal
7290020209597	27	shufersal
7290020215048	3	shufersal
7290020215208	3	shufersal
7290020215222	3	shufersal
7290020215239	3	shufersal
7290020216311	17	shufersal
7290020216717	17	shufersal
7290020216953	6	shufersal
7290020239044	2	shufersal
7290020239082	2	shufersal
7290020239099	2	shufersal
7290020239136	2	shufersal
7290020239242	2	tiv_taam
7290020239983	2	tiv_taam
7290020253910	7	shufersal
7290020253927	7	shufersal
7290020253934	7	shufersal
7290020253941	7	shufersal
7290020266019	5	shufersal
7290020266033	5	shufersal
7290020266040	5	shufersal
7290020266224	3	shufersal
7290020266231	3	shufersal
7290020266446	3	shufersal
7290020269003	19	shufersal
7290020269010	19	shufersal
7290020269027	19	shufersal
7290020269034	19	shufersal
7290020269041	19	shufersal
7290020269058	19	shufersal
7290020269096	19	shufersal
7290020269102	19	shufersal
7290020269119	19	shufersal
7290020269126	19	shufersal
7290020269140	19	shufersal
7290020269157	19	shufersal
7290020269164	19	shufersal
7290020269188	26	shufersal
7290020269195	19	shufersal
7290020269201	19	shufersal
7290020269218	19	shufersal
7290020269249	19	shufersal
7290020269256	19	shufersal
7290020269263	19	shufersal
7290020269287	19	shufersal
7290020269294	19	shufersal
7290020269300	19	shufersal
7290020269317	19	shufersal
7290020269324	19	shufersal
7290020269331	19	shufersal
7290020269348	19	shufersal
7290020269355	19	shufersal
7290020269362	19	shufersal
7290020269379	19	shufersal
7290020269386	19	shufersal
7290020269393	19	shufersal
7290020269409	19	shufersal
7290020269416	19	shufersal
7290020269539	19	shufersal
7290020269614	19	shufersal
7290020269638	19	shufersal
7290020269645	19	shufersal
7290020269652	19	shufersal
7290020269669	19	shufersal
7290020269676	19	shufersal
7290020295323	20	shufersal
7290020297068	5	shufersal
7290020297075	6	shufersal
7290020297082	6	shufersal
7290020297105	6	shufersal
7290020303141	8	shufersal
7290020303172	8	shufersal
7290020312143	11	shufersal
7290020312167	11	shufersal
7290020312198	11	shufersal
7290020312228	11	shufersal
7290020312235	11	shufersal
7290020312242	11	shufersal
7290020312280	11	shufersal
7290020312303	11	shufersal
7290020312310	11	shufersal
7290020312327	11	shufersal
7290020312334	11	shufersal
7290020312341	11	shufersal
7290020312365	11	shufersal
7290020312372	11	shufersal
7290020312389	11	shufersal
7290020312402	11	shufersal
7290020312419	11	shufersal
7290020312426	11	shufersal
7290020312457	11	shufersal
7290020312488	11	shufersal
7290020312495	11	shufersal
7290020312501	11	shufersal
7290020312518	11	shufersal
7290020312525	11	shufersal
7290020312532	11	shufersal
7290020312587	11	shufersal
7290020312600	11	shufersal
7290020312648	11	shufersal
7290020312655	11	shufersal
7290020312679	11	shufersal
7290020312686	11	shufersal
7290020312815	11	shufersal
7290020312846	11	shufersal
7290020312853	11	shufersal
7290020312860	11	shufersal
7290020312884	11	shufersal
7290020312907	11	shufersal
7290020312938	11	shufersal
7290020312945	11	shufersal
7290020312969	11	shufersal
7290020363008	15	shufersal
7290020363015	16	shufersal
7290020363053	11	shufersal
7290020363077	11	shufersal
7290020365033	11	shufersal
7290020365040	11	shufersal
7290020365620	15	shufersal
7290020365637	11	shufersal
7290020365644	11	shufersal
7290020365651	11	shufersal
7290020365668	11	shufersal
7290020367020	23	shufersal
7290020367075	23	shufersal
7290020367204	25	shufersal
7290020367396	26	shufersal
7290020367440	26	shufersal
7290020367495	26	shufersal
7290020367815	23	shufersal
7290020367822	23	shufersal
7290020367877	23	shufersal
7290020367921	23	shufersal
7290020367976	23	shufersal
7290020370365	9	shufersal
7290020370372	9	shufersal
7290020370389	9	shufersal
7290020378811	11	shufersal
7290020398000	5	shufersal
7290020398017	5	shufersal
7290020398024	5	shufersal
7290020398031	5	shufersal
7290020398543	7	tiv_taam
7290020398628	7	shufersal
7290020446046	16	shufersal
7290020467133	3	shufersal
7290020467188	3	shufersal
7290020467393	3	shufersal
7290020468239	9	shufersal
7290020468734	9	shufersal
7290020468994	9	shufersal
7290020495006	12	shufersal
7290020495082	19	shufersal
7290020495099	19	shufersal
7290020495105	19	shufersal
7290020495112	19	shufersal
7290020495129	19	shufersal
7290020495136	19	shufersal
7290020495327	19	shufersal
7290020495334	19	shufersal
7290020495358	19	shufersal
7290020495365	19	shufersal
7290020502001	9	shufersal
7290020503091	13	shufersal
7290020505354	5	shufersal
7290020518170	20	shufersal
7290020518187	20	shufersal
7290020520258	1	shufersal
7290020520456	1	shufersal
7290020520500	1	shufersal
7290020529367	19	shufersal
7290020551047	12	shufersal
7290020551092	12	shufersal
7290020551191	12	shufersal
7290020551290	12	shufersal
7290020551740	12	shufersal
7290020551795	12	shufersal
7290020551849	12	shufersal
7290020561169	26	shufersal
7290020561237	26	shufersal
7290020561336	26	shufersal
7290020573056	19	shufersal
7290020573063	19	shufersal
7290020597359	26	shufersal
7290020597366	26	shufersal
7290020684004	1	shufersal
7290020684059	1	shufersal
7290020684103	1	shufersal
7290020711007	17	shufersal
7290020711014	3	shufersal
7290020711021	3	shufersal
7290020711045	3	shufersal
7290020711052	3	shufersal
7290020711090	17	shufersal
7290022005647	26	shufersal
7290022009362	26	shufersal
7290022010436	26	shufersal
7290022017541	26	shufersal
7290022017558	26	shufersal
7290022017572	26	shufersal
7290028733124	15	shufersal
7290100240137	19	tiv_taam
7290100240144	19	shufersal
7290100240632	7	shufersal
7290100243084	5	shufersal
7290100245231	5	shufersal
7290100270509	14	shufersal
7290100270530	11	shufersal
7290100271858	14	shufersal
7290100273500	14	shufersal
7290100410516	12	shufersal
7290100412244	15	shufersal
7290100412435	19	tiv_taam
7290100412756	11	shufersal
7290100413012	12	shufersal
7290100413463	12	shufersal
7290100413487	12	shufersal
7290100413500	12	shufersal
7290100413524	12	shufersal
7290100413531	12	shufersal
7290100413548	12	shufersal
7290100413586	12	shufersal
7290100469170	25	shufersal
7290100573884	20	shufersal
7290100658338	19	shufersal
7290100659090	10	shufersal
7290100680650	5	shufersal
7290100680667	5	shufersal
7290100680711	5	shufersal
7290100680728	5	shufersal
7290100681015	5	shufersal
7290100681138	7	shufersal
7290100681503	8	shufersal
7290100685136	5	shufersal
7290100685334	5	shufersal
7290100685341	5	shufersal
7290100686164	7	shufersal
7290100686171	7	shufersal
7290100687109	7	shufersal
7290100689301	5	shufersal
7290100700020	5	shufersal
7290100700075	5	shufersal
7290100700273	5	shufersal
7290100700327	5	shufersal
7290100700396	5	shufersal
7290100700587	5	shufersal
7290100701157	5	shufersal
7290100701331	5	shufersal
7290100701577	5	shufersal
7290100701881	19	shufersal
7290100702260	5	shufersal
7290100702383	5	shufersal
7290100702611	5	shufersal
7290100702628	5	shufersal
7290100703007	5	shufersal
7290100703458	5	shufersal
7290100703861	5	shufersal
7290100704493	19	shufersal
7290100704530	5	shufersal
7290100704691	5	shufersal
7290100704707	5	shufersal
7290100704745	5	shufersal
7290100704868	19	shufersal
7290100704882	19	shufersal
7290100704899	19	shufersal
7290100704936	19	shufersal
7290100704943	19	shufersal
7290100704950	19	shufersal
7290100704967	19	shufersal
7290100704974	19	shufersal
7290100790243	19	shufersal
7290100824863	27	shufersal
7290100824887	11	shufersal
7290100850916	19	shufersal
7290100850923	7	shufersal
7290100850930	7	shufersal
7290100852606	8	shufersal
7290100854266	7	shufersal
7290100857045	7	shufersal
7290100859162	7	shufersal
7290100924457	19	shufersal
7290100924631	19	shufersal
7290100948057	8	shufersal
7290101111986	2	shufersal
7290101112167	2	shufersal
7290101112228	2	shufersal
7290101112921	2	shufersal
7290101113157	2	shufersal
7290101113423	2	shufersal
7290101113430	2	tiv_taam
7290101113447	2	shufersal
7290101113836	2	shufersal
7290101113881	2	shufersal
7290101113904	19	shufersal
7290101113911	19	shufersal
7290101113997	2	shufersal
7290101114109	2	shufersal
7290101114116	2	shufersal
7290101114147	2	shufersal
7290101114154	2	shufersal
7290101114239	2	shufersal
7290101114338	2	shufersal
7290101114345	2	tiv_taam
7290101114352	2	shufersal
7290101114369	2	shufersal
7290101114376	2	shufersal
7290101114383	2	shufersal
7290101114390	2	shufersal
7290101114406	2	shufersal
7290101114499	2	shufersal
7290101114505	2	shufersal
7290101114512	2	shufersal
7290101114598	2	shufersal
7290101114604	2	shufersal
7290101114611	2	shufersal
7290101114628	2	shufersal
7290101114642	2	shufersal
7290101114680	2	shufersal
7290101114697	2	shufersal
7290101114765	2	shufersal
7290101114789	2	shufersal
7290101114819	7	tiv_taam
7290101114857	2	shufersal
7290101114871	2	shufersal
7290101114888	2	shufersal
7290101114895	2	shufersal
7290101114918	2	shufersal
7290101275701	14	shufersal
7290101278955	14	shufersal
7290101279662	13	shufersal
7290101453871	7	shufersal
7290101453888	7	shufersal
7290101453901	7	shufersal
7290101453918	7	shufersal
7290101453925	7	shufersal
7290101453932	7	shufersal
7290101453949	7	shufersal
7290101453956	7	shufersal
7290101453963	7	shufersal
7290101458890	7	shufersal
7290101458913	7	shufersal
7290101486688	10	shufersal
7290101488316	15	shufersal
7290101488323	15	shufersal
7290101501237	19	shufersal
7290101551584	7	shufersal
7290101551614	7	shufersal
7290101551638	7	shufersal
7290101551645	7	shufersal
7290101828792	16	shufersal
7290101828808	16	shufersal
7290101828815	16	shufersal
7290101828822	16	shufersal
7290101864127	19	shufersal
7290101865261	19	shufersal
7290101868958	19	shufersal
7290101869702	19	shufersal
7290101869719	19	shufersal
7290101869726	19	shufersal
7290101869733	19	shufersal
7290101869788	19	shufersal
7290101869795	19	shufersal
7290101869962	19	shufersal
7290101869979	19	shufersal
7290101984436	25	shufersal
7290101999652	7	shufersal
7290102003815	7	shufersal
7290102003839	7	shufersal
7290102006441	7	shufersal
7290102030330	19	shufersal
7290102031276	17	shufersal
7290102032334	8	shufersal
7290102060764	15	shufersal
7290102060979	15	shufersal
7290102062195	15	shufersal
7290102072347	26	shufersal
7290102077557	26	shufersal
7290102079193	26	shufersal
7290102079209	26	shufersal
7290102290680	27	shufersal
7290102300822	17	shufersal
7290102300860	17	shufersal
7290102300877	3	shufersal
7290102300884	3	shufersal
7290102390427	17	shufersal
7290102390465	17	shufersal
7290102390489	17	shufersal
7290102391844	17	shufersal
7290102392049	3	shufersal
7290102392094	3	shufersal
7290102393039	17	shufersal
7290102393060	3	tiv_taam
7290102393169	17	shufersal
7290102393176	17	shufersal
7290102393190	17	shufersal
7290102393268	17	shufersal
7290102393299	3	shufersal
7290102393718	3	shufersal
7290102393947	17	shufersal
7290102394081	17	shufersal
7290102394463	17	shufersal
7290102394821	19	shufersal
7290102394845	19	shufersal
7290102395224	19	shufersal
7290102395231	19	shufersal
7290102395262	17	shufersal
7290102395378	17	shufersal
7290102395408	16	shufersal
7290102395422	16	shufersal
7290102395439	17	shufersal
7290102396399	19	shufersal
7290102396405	3	shufersal
7290102396665	3	tiv_taam
7290102396672	17	shufersal
7290102396740	3	shufersal
7290102397204	19	shufersal
7290102397334	3	shufersal
7290102397464	17	shufersal
7290102397600	17	shufersal
7290102397617	17	shufersal
7290102397747	17	shufersal
7290102397891	17	shufersal
7290102398065	16	shufersal
7290102398560	19	shufersal
7290102398577	3	shufersal
7290102398614	19	shufersal
7290102398669	19	shufersal
7290102399048	3	shufersal
7290102399635	17	shufersal
7290102399796	3	tiv_taam
7290102399802	3	tiv_taam
7290102399819	3	tiv_taam
7290103087258	9	shufersal
7290103087302	9	shufersal
7290103087395	9	shufersal
7290103087418	9	shufersal
7290103087425	9	shufersal
7290103087432	9	shufersal
7290103087555	9	shufersal
7290103087562	9	shufersal
7290103087579	9	shufersal
7290103087593	9	shufersal
7290103087609	9	shufersal
7290103087616	9	shufersal
7290103087746	9	shufersal
7290103087753	9	shufersal
7290103088095	9	shufersal
7290103088101	9	shufersal
7290103088118	9	shufersal
7290103088712	9	shufersal
7290103088729	9	shufersal
7290103088736	9	shufersal
7290103088743	9	shufersal
7290103089054	9	shufersal
7290103089887	9	shufersal
7290103089894	9	shufersal
7290103090142	9	shufersal
7290103090302	9	shufersal
7290103090333	9	shufersal
7290103090357	9	shufersal
7290103090432	9	shufersal
7290103090449	9	shufersal
7290103090456	9	shufersal
7290103090593	9	shufersal
7290103090609	9	shufersal
7290103090623	9	shufersal
7290103091644	13	shufersal
7290103091958	9	shufersal
7290103120658	27	shufersal
7290103124588	17	tiv_taam
7290103129378	27	shufersal
7290103129392	15	shufersal
7290103129408	15	shufersal
7290103330033	14	shufersal
7290103330217	12	shufersal
7290103331504	14	shufersal
7290103331696	14	shufersal
7290103332266	14	shufersal
7290103333119	11	shufersal
7290103333294	11	shufersal
7290103334338	13	shufersal
7290103336738	14	shufersal
7290103337322	12	shufersal
7290103337353	12	shufersal
7290103612962	9	shufersal
7290103612993	9	shufersal
7290103650759	22	shufersal
7290103651121	22	shufersal
7290103665746	22	shufersal
7290103681173	8	shufersal
7290103681180	8	shufersal
7290103681197	8	shufersal
7290103681210	8	shufersal
7290103704957	19	shufersal
7290103704964	19	shufersal
7290103705602	19	shufersal
7290103705961	19	shufersal
7290103706029	19	shufersal
7290103706197	19	shufersal
7290103706203	19	shufersal
7290103706234	19	shufersal
7290103706241	19	shufersal
7290103706258	19	shufersal
7290103706265	19	shufersal
7290103706272	19	shufersal
7290103706302	17	shufersal
7290103706326	19	shufersal
7290103706524	19	shufersal
7290103706531	19	shufersal
7290103706548	19	shufersal
7290103706555	19	shufersal
7290103706562	19	shufersal
7290103706579	19	shufersal
7290103706586	19	shufersal
7290103706593	19	shufersal
7290103706609	19	shufersal
7290103706616	19	shufersal
7290103706623	19	shufersal
7290103706630	19	shufersal
7290103706647	19	shufersal
7290103706654	19	shufersal
7290103706678	19	shufersal
7290103706685	19	shufersal
7290103706692	19	shufersal
7290103706708	19	shufersal
7290103706715	19	shufersal
7290103706722	19	shufersal
7290103706739	19	shufersal
7290103706746	19	shufersal
7290103706753	19	shufersal
7290103706777	19	shufersal
7290103706791	19	shufersal
7290103706821	19	shufersal
7290103706890	7	shufersal
7290103706982	19	shufersal
7290103706999	19	shufersal
7290103707002	19	shufersal
7290103707019	19	shufersal
7290103707026	19	shufersal
7290103707040	19	shufersal
7290103707057	19	shufersal
7290103707064	19	shufersal
7290103707071	19	shufersal
7290103707088	19	shufersal
7290103707101	20	shufersal
7290103707118	20	shufersal
7290103707286	19	shufersal
7290103707293	19	shufersal
7290103707309	19	shufersal
7290103707453	17	shufersal
7290103707460	17	shufersal
7290103707477	17	shufersal
7290103707521	19	shufersal
7290103707798	19	shufersal
7290103707811	19	shufersal
7290103707835	19	shufersal
7290103848620	9	shufersal
7290103901769	25	shufersal
7290103903107	25	shufersal
7290103905644	25	shufersal
7290104062599	17	shufersal
7290104067198	7	shufersal
7290104260834	11	shufersal
7290104261077	11	shufersal
7290104340451	9	shufersal
7290104342868	12	shufersal
7290104342882	11	shufersal
7290104342899	11	shufersal
7290104342929	11	shufersal
7290104342936	11	shufersal
7290104342943	15	shufersal
7290104343186	16	shufersal
7290104343292	12	shufersal
7290104343537	9	shufersal
7290104360602	15	shufersal
7290104363238	12	shufersal
7290104363962	11	shufersal
7290104365461	12	shufersal
7290104366512	15	shufersal
7290104366529	15	shufersal
7290104366536	11	shufersal
7290104366543	11	shufersal
7290104366550	15	shufersal
7290104366567	11	shufersal
7290104366598	15	shufersal
7290104366604	15	shufersal
7290104366611	15	shufersal
7290104366628	11	shufersal
7290104367373	12	shufersal
7290104367564	11	shufersal
7290104367571	11	shufersal
7290104367595	11	shufersal
7290104368219	12	shufersal
7290104500572	7	shufersal
7290104501661	5	shufersal
7290104504228	7	shufersal
7290104508943	7	shufersal
7290104570391	1	shufersal
7290104722530	19	shufersal
7290104724718	7	shufersal
7290104726262	3	shufersal
7290104726712	19	shufersal
7290104728310	16	shufersal
7290104859410	7	shufersal
7290104960161	14	shufersal
7290104960598	14	shufersal
7290104960611	14	shufersal
7290104960642	14	shufersal
7290104961038	14	shufersal
7290104961052	14	shufersal
7290104961298	14	shufersal
7290104961441	11	shufersal
7290104961526	27	shufersal
7290104961878	15	shufersal
7290104961885	15	shufersal
7290104961892	11	shufersal
7290104961908	11	shufersal
7290104961915	14	shufersal
7290104961922	14	shufersal
7290104961939	11	shufersal
7290104961946	11	shufersal
7290104962134	15	shufersal
7290104962295	14	shufersal
7290104962387	11	shufersal
7290104962509	11	shufersal
7290104962721	11	shufersal
7290104962967	11	shufersal
7290104963193	14	shufersal
7290104963216	11	shufersal
7290104963223	11	shufersal
7290104963261	14	shufersal
7290104963469	14	shufersal
7290104963520	14	shufersal
7290104963537	14	shufersal
7290104963544	14	shufersal
7290104963957	12	shufersal
7290104964015	11	shufersal
7290104964053	12	shufersal
7290104964091	11	shufersal
7290104964282	14	shufersal
7290104964428	14	shufersal
7290104964466	14	shufersal
7290104964473	14	shufersal
7290104964930	14	shufersal
7290104964947	12	shufersal
7290104964954	11	shufersal
7290104965036	14	shufersal
7290104965043	14	shufersal
7290104965050	14	shufersal
7290104965067	14	shufersal
7290104965074	14	shufersal
7290104965111	11	shufersal
7290104965128	14	shufersal
7290104965142	14	shufersal
7290104965173	11	shufersal
7290104965203	14	shufersal
7290104965296	14	shufersal
7290104965319	14	shufersal
7290104965371	14	shufersal
7290104965425	14	shufersal
7290104965432	14	shufersal
7290104965456	14	shufersal
7290104965470	11	shufersal
7290104965500	12	shufersal
7290104965647	15	shufersal
7290104965791	14	shufersal
7290104965845	27	shufersal
7290104965869	27	shufersal
7290104965920	11	shufersal
7290104965937	11	shufersal
7290104965944	11	shufersal
7290104965975	14	shufersal
7290104965999	14	shufersal
7290104966026	14	shufersal
7290104966057	14	shufersal
7290104966064	14	shufersal
7290104966101	11	shufersal
7290104966132	11	shufersal
7290104968365	12	shufersal
7290104969744	12	shufersal
7290104969904	11	shufersal
7290105040022	9	shufersal
7290105040794	9	shufersal
7290105040800	9	shufersal
7290105099709	16	shufersal
7290105360878	7	shufersal
7290105362339	19	shufersal
7290105362377	7	shufersal
7290105363572	7	shufersal
7290105364678	17	shufersal
7290105364883	7	shufersal
7290105366993	19	shufersal
7290105368331	3	shufersal
7290105368904	3	shufersal
7290105430441	17	tiv_taam
7290105430458	17	tiv_taam
7290105431516	10	shufersal
7290105433985	15	shufersal
7290105434067	27	shufersal
7290105436382	10	shufersal
7290105439499	5	shufersal
7290105439505	5	shufersal
7290105439581	5	shufersal
7290105439598	5	shufersal
7290105474001	18	shufersal
7290105474018	18	shufersal
7290105474025	18	shufersal
7290105500748	8	shufersal
7290105692771	5	shufersal
7290105693341	19	shufersal
7290105694614	5	shufersal
7290105777355	20	shufersal
7290105812421	26	shufersal
7290105961525	7	shufersal
7290105962331	19	shufersal
7290105965493	7	tiv_taam
7290105965516	7	tiv_taam
7290105965738	17	shufersal
7290105968654	19	shufersal
7290105995513	8	shufersal
7290105998880	8	shufersal
7290105999085	8	shufersal
7290106260702	11	shufersal
7290106261211	11	shufersal
7290106262805	11	shufersal
7290106262812	11	shufersal
7290106263413	15	shufersal
7290106263673	15	shufersal
7290106263680	11	shufersal
7290106263697	11	shufersal
7290106263918	15	shufersal
7290106265400	11	shufersal
7290106265417	11	shufersal
7290106266261	11	shufersal
7290106266278	11	shufersal
7290106266285	11	shufersal
7290106266797	14	shufersal
7290106266803	14	shufersal
7290106266810	14	shufersal
7290106266834	14	shufersal
7290106266841	14	shufersal
7290106266858	14	shufersal
7290106266865	14	shufersal
7290106267671	11	shufersal
7290106269989	11	shufersal
7290106290358	13	shufersal
7290106290686	14	shufersal
7290106291072	14	shufersal
7290106291799	14	shufersal
7290106292192	14	shufersal
7290106292406	14	shufersal
7290106292444	14	shufersal
7290106292604	14	shufersal
7290106292895	11	shufersal
7290106293151	11	shufersal
7290106293168	11	shufersal
7290106293212	12	shufersal
7290106293694	14	shufersal
7290106293762	14	shufersal
7290106294011	13	shufersal
7290106294462	11	shufersal
7290106294493	12	shufersal
7290106294509	12	shufersal
7290106295414	14	shufersal
7290106295728	14	shufersal
7290106295742	12	shufersal
7290106295841	14	shufersal
7290106296169	27	shufersal
7290106296244	27	shufersal
7290106296503	13	shufersal
7290106296633	14	shufersal
7290106296909	12	shufersal
7290106297067	14	shufersal
7290106297197	14	shufersal
7290106297272	11	shufersal
7290106297289	11	shufersal
7290106297296	11	shufersal
7290106297302	12	shufersal
7290106297531	13	shufersal
7290106297548	13	shufersal
7290106297609	11	shufersal
7290106297623	11	shufersal
7290106297630	12	shufersal
7290106297647	11	shufersal
7290106297654	14	shufersal
7290106298002	14	shufersal
7290106298194	14	shufersal
7290106298576	14	shufersal
7290106298651	13	shufersal
7290106298774	27	shufersal
7290106298910	14	shufersal
7290106299139	14	shufersal
7290106299542	12	shufersal
7290106299566	14	shufersal
7290106299573	14	shufersal
7290106299610	14	shufersal
7290106299665	14	shufersal
7290106299825	14	shufersal
7290106299900	14	shufersal
7290106299917	14	shufersal
7290106299924	14	shufersal
7290106299931	14	shufersal
7290106520066	7	shufersal
7290106520813	7	shufersal
7290106520912	19	shufersal
7290106521650	7	shufersal
7290106525504	7	shufersal
7290106526822	7	shufersal
7290106527386	7	shufersal
7290106528567	7	shufersal
7290106528628	7	shufersal
7290106571037	2	shufersal
7290106572027	7	shufersal
7290106572614	7	shufersal
7290106572959	7	shufersal
7290106573598	4	shufersal
7290106573628	4	shufersal
7290106573642	4	shufersal
7290106573819	19	shufersal
7290106574793	7	shufersal
7290106574953	7	shufersal
7290106574977	7	shufersal
7290106575257	7	shufersal
7290106575943	5	shufersal
7290106576513	19	shufersal
7290106576537	4	shufersal
7290106576797	2	shufersal
7290106576810	2	shufersal
7290106576957	2	shufersal
7290106576971	2	shufersal
7290106577282	19	shufersal
7290106577480	17	shufersal
7290106577503	17	shufersal
7290106577541	19	shufersal
7290106577572	17	shufersal
7290106578821	7	shufersal
7290106651265	7	shufersal
7290106654099	3	shufersal
7290106656727	7	shufersal
7290106656734	7	shufersal
7290106658479	7	shufersal
7290106663091	3	shufersal
7290106663121	3	shufersal
7290106664067	3	shufersal
7290106664562	19	shufersal
7290106667266	19	shufersal
7290106668713	17	shufersal
7290106706385	26	shufersal
7290106721906	7	shufersal
7290106721913	7	shufersal
7290106721920	7	shufersal
7290106722415	7	shufersal
7290106725423	7	tiv_taam
7290106770577	5	shufersal
7290106771161	7	shufersal
7290106771314	7	shufersal
7290106771369	7	shufersal
7290106774612	10	shufersal
7290106804999	14	shufersal
7290106808003	14	shufersal
7290106820227	11	shufersal
7290106820319	11	shufersal
7290106820326	11	shufersal
7290106820333	11	shufersal
7290106820401	14	shufersal
7290106921252	22	shufersal
7290107280570	19	shufersal
7290107310352	26	shufersal
7290107310383	26	shufersal
7290107311229	26	shufersal
7290107544481	11	shufersal
7290107544498	11	shufersal
7290107544504	11	shufersal
7290107544511	11	shufersal
7290107544528	11	shufersal
7290107601580	19	shufersal
7290107601696	26	shufersal
7290107602099	26	shufersal
7290107607759	26	shufersal
7290107645584	5	shufersal
7290107645591	5	shufersal
7290107646062	5	shufersal
7290107646147	7	tiv_taam
7290107646154	7	shufersal
7290107646826	7	tiv_taam
7290107647731	7	shufersal
7290107647854	7	shufersal
7290107649100	7	shufersal
7290107649605	7	shufersal
7290107740111	20	shufersal
7290107748193	20	shufersal
7290107771177	1	shufersal
7290107771634	1	shufersal
7290107779234	1	shufersal
7290107779258	1	shufersal
7290107779272	1	shufersal
7290107779289	1	shufersal
7290107779296	1	shufersal
7290107779302	1	shufersal
7290107779319	1	shufersal
7290107779326	1	shufersal
7290107779333	1	shufersal
7290107779340	1	shufersal
7290107779357	1	shufersal
7290107779364	1	shufersal
7290107779371	1	shufersal
7290107779388	1	shufersal
7290107779395	1	shufersal
7290107779401	1	shufersal
7290107779418	1	shufersal
7290107779425	1	shufersal
7290107779432	1	shufersal
7290107779449	1	shufersal
7290107779456	1	shufersal
7290107779463	1	shufersal
7290107779470	1	shufersal
7290107779487	1	shufersal
7290107779494	1	shufersal
7290107779500	1	shufersal
7290107779517	1	shufersal
7290107779524	1	shufersal
7290107779531	1	shufersal
7290107779548	1	shufersal
7290107779555	1	shufersal
7290107779562	1	shufersal
7290107779579	1	shufersal
7290107779586	1	shufersal
7290107779593	1	shufersal
7290107779609	1	shufersal
7290107779616	1	shufersal
7290107779623	1	shufersal
7290107779647	1	shufersal
7290107779654	1	shufersal
7290107779661	1	shufersal
7290107779678	1	shufersal
7290107779685	1	shufersal
7290107779692	1	shufersal
7290107779708	1	shufersal
7290107779715	1	shufersal
7290107779722	1	shufersal
7290107779739	1	shufersal
7290107779746	1	shufersal
7290107779753	1	shufersal
7290107779760	1	shufersal
7290107779777	1	shufersal
7290107779784	1	shufersal
7290107779791	1	shufersal
7290107779807	1	shufersal
7290107779814	1	shufersal
7290107779821	1	shufersal
7290107779845	1	shufersal
7290107779852	1	shufersal
7290107779869	1	shufersal
7290107779876	1	shufersal
7290107779883	1	shufersal
7290107779890	1	shufersal
7290107779906	1	shufersal
7290107779920	1	shufersal
7290107779937	1	shufersal
7290107779944	1	shufersal
7290107779951	1	shufersal
7290107779968	1	shufersal
7290107779975	1	shufersal
7290107779982	1	shufersal
7290107779999	1	shufersal
7290107870047	2	shufersal
7290107871532	2	shufersal
7290107871990	5	shufersal
7290107874502	7	shufersal
7290107875271	7	shufersal
7290107875400	2	shufersal
7290107877619	7	shufersal
7290107879521	2	shufersal
7290107879569	2	shufersal
7290107932080	3	shufersal
7290107932134	3	shufersal
7290107934473	3	tiv_taam
7290107936309	3	shufersal
7290107936958	7	shufersal
7290107936965	7	shufersal
7290107937542	17	shufersal
7290107937627	7	shufersal
7290107937641	7	shufersal
7290107938396	17	shufersal
7290107944243	5	shufersal
7290107944380	7	shufersal
7290107944472	17	shufersal
7290107944717	19	shufersal
7290107945165	5	shufersal
7290107947480	7	shufersal
7290107950190	17	shufersal
7290107950206	3	tiv_taam
7290107951104	7	shufersal
7290107951111	7	shufersal
7290107951586	7	tiv_taam
7290107951715	7	shufersal
7290107954709	5	shufersal
7290107954976	19	shufersal
7290107955782	7	tiv_taam
7290107957991	3	shufersal
7290107958035	17	shufersal
7290107971522	5	shufersal
7290107973038	15	shufersal
7290107973311	15	shufersal
7290107973861	5	shufersal
7290107974073	5	shufersal
7290107974301	15	shufersal
7290107975346	27	shufersal
7290107975360	15	shufersal
7290107978323	19	shufersal
7290107978330	19	shufersal
7290107978347	19	shufersal
7290107978453	7	shufersal
7290107978460	7	shufersal
7290107979191	19	tiv_taam
7290108070316	7	shufersal
7290108073720	7	shufersal
7290108201864	19	shufersal
7290108260274	26	shufersal
7290108260397	25	shufersal
7290108262773	26	shufersal
7290108262865	26	shufersal
7290108264784	26	shufersal
7290108266856	26	shufersal
7290108266931	26	shufersal
7290108268249	26	shufersal
7290108269291	26	shufersal
7290108269352	26	shufersal
7290108269949	26	shufersal
7290108350616	19	shufersal
7290108350623	19	shufersal
7290108351613	19	shufersal
7290108351996	19	tiv_taam
7290108352047	17	tiv_taam
7290108352191	19	tiv_taam
7290108353570	19	tiv_taam
7290108354751	19	tiv_taam
7290108354973	17	tiv_taam
7290108355079	11	shufersal
7290108355185	11	shufersal
7290108355192	15	shufersal
7290108355208	15	shufersal
7290108355802	15	shufersal
7290108356182	17	tiv_taam
7290108356472	19	tiv_taam
7290108356564	15	shufersal
7290108356885	19	tiv_taam
7290108356991	17	tiv_taam
7290108357561	17	tiv_taam
7290108357660	19	tiv_taam
7290108357707	15	shufersal
7290108357882	17	tiv_taam
7290108358070	15	shufersal
7290108358087	15	shufersal
7290108358384	19	shufersal
7290108359077	19	tiv_taam
7290108359084	19	tiv_taam
7290108359091	19	tiv_taam
7290108420753	1	shufersal
7290108501346	3	shufersal
7290108501360	17	shufersal
7290108501490	17	shufersal
7290108501667	5	shufersal
7290108501827	2	shufersal
7290108501964	7	tiv_taam
7290108502145	17	shufersal
7290108502305	3	tiv_taam
7290108502725	17	shufersal
7290108503043	5	shufersal
7290108503746	3	shufersal
7290108503999	17	shufersal
7290108504187	3	tiv_taam
7290108504279	3	shufersal
7290108504286	3	shufersal
7290108504293	3	shufersal
7290108504385	3	tiv_taam
7290108504699	5	shufersal
7290108504934	5	shufersal
7290108505603	5	shufersal
7290108505726	3	tiv_taam
7290108506495	2	tiv_taam
7290108506624	3	shufersal
7290108506709	3	shufersal
7290108507065	3	tiv_taam
7290108507997	3	tiv_taam
7290108509106	3	shufersal
7290108509267	5	shufersal
7290108509274	3	shufersal
7290108509755	3	shufersal
7290108871722	25	shufersal
7290108931785	15	shufersal
7290108931792	11	shufersal
7290108931815	11	shufersal
7290108970715	25	shufersal
7290109351025	4	shufersal
7290109351971	7	shufersal
7290109352916	7	shufersal
7290109354057	2	tiv_taam
7290109354101	5	shufersal
7290109354972	5	shufersal
7290109354996	5	shufersal
7290109358765	7	shufersal
7290109580036	2	shufersal
7290109580050	2	shufersal
7290109580067	2	shufersal
7290109580074	2	shufersal
7290109580104	17	shufersal
7290109580135	19	shufersal
7290109580166	17	shufersal
7290109580241	2	shufersal
7290109580272	4	shufersal
7290109580319	2	shufersal
7290109580432	4	shufersal
7290109580470	2	shufersal
7290109580500	4	shufersal
7290109580531	2	shufersal
7290109580609	4	shufersal
7290109580739	4	shufersal
7290109580821	2	shufersal
7290109580838	2	shufersal
7290109581101	4	shufersal
7290109581262	4	shufersal
7290109581293	4	shufersal
7290109581439	2	shufersal
7290109581538	4	shufersal
7290109620015	26	shufersal
7290109620039	26	shufersal
7290109620084	26	shufersal
7290109620121	26	shufersal
7290109620176	19	shufersal
7290109620237	21	shufersal
7290109620244	26	shufersal
7290109620275	20	shufersal
7290109620282	20	shufersal
7290109620350	20	shufersal
7290109620367	20	shufersal
7290109620466	22	shufersal
7290109620473	26	shufersal
7290109620510	20	shufersal
7290109620527	20	shufersal
7290109620541	20	shufersal
7290109620558	20	shufersal
7290109620565	20	shufersal
7290109620589	20	shufersal
7290109620602	19	shufersal
7290109620633	22	shufersal
7290109620640	26	shufersal
7290109620657	20	shufersal
7290109620718	26	shufersal
7290109620725	26	shufersal
7290109620756	26	shufersal
7290109620794	20	shufersal
7290109620824	12	shufersal
7290109620831	20	shufersal
7290109620848	20	shufersal
7290109620855	21	shufersal
7290109620862	26	shufersal
7290109620879	26	shufersal
7290109620893	20	shufersal
7290109620923	20	shufersal
7290109620954	20	shufersal
7290109620961	20	shufersal
7290109620978	20	shufersal
7290109620985	20	shufersal
7290109620992	20	shufersal
7290109627663	26	shufersal
7290109640198	19	shufersal
7290109640372	19	shufersal
7290109640402	19	shufersal
7290109640600	19	shufersal
7290109640761	19	shufersal
7290109640785	19	shufersal
7290109640983	19	shufersal
7290109641102	19	shufersal
7290109920863	19	shufersal
7290109920870	19	shufersal
7290109922911	19	shufersal
7290109923024	19	shufersal
7290109923031	19	shufersal
7290109923109	19	tiv_taam
7290109923147	19	tiv_taam
7290109923178	19	shufersal
7290109923222	19	tiv_taam
7290109923239	19	shufersal
7290109923291	19	shufersal
7290109923352	19	shufersal
7290109923444	19	shufersal
7290109923512	19	shufersal
7290109923529	19	shufersal
7290109923710	19	shufersal
7290109923772	19	shufersal
7290109924526	19	shufersal
7290109924571	19	shufersal
7290110000493	17	shufersal
7290110001759	10	shufersal
7290110001841	17	shufersal
7290110110369	8	shufersal
7290110110703	8	shufersal
7290110111557	8	shufersal
7290110111564	8	shufersal
7290110111809	19	shufersal
7290110113377	8	shufersal
7290110113384	8	shufersal
7290110113537	8	shufersal
7290110113582	8	tiv_taam
7290110113599	8	shufersal
7290110113605	8	shufersal
7290110113629	8	shufersal
7290110114398	8	shufersal
7290110114404	8	shufersal
7290110114787	8	shufersal
7290110114794	8	shufersal
7290110114800	8	shufersal
7290110114855	19	shufersal
7290110114886	8	shufersal
7290110114893	8	shufersal
7290110114909	8	shufersal
7290110114916	8	shufersal
7290110114961	8	shufersal
7290110114985	8	shufersal
7290110114992	8	shufersal
7290110115005	19	shufersal
7290110115012	8	shufersal
7290110115029	8	shufersal
7290110115036	8	shufersal
7290110115043	8	shufersal
7290110115050	8	shufersal
7290110115067	8	shufersal
7290110115210	8	shufersal
7290110115234	8	shufersal
7290110115241	8	shufersal
7290110115265	8	shufersal
7290110115272	8	shufersal
7290110115296	8	shufersal
7290110115302	8	shufersal
7290110115319	8	tiv_taam
7290110115333	8	shufersal
7290110115357	8	shufersal
7290110115364	19	shufersal
7290110115371	8	shufersal
7290110115388	8	shufersal
7290110115395	8	shufersal
7290110115401	8	shufersal
7290110115418	19	shufersal
7290110115425	8	shufersal
7290110115449	8	shufersal
7290110115463	8	shufersal
7290110115494	8	shufersal
7290110115623	8	shufersal
7290110115821	8	shufersal
7290110115838	8	shufersal
7290110115845	8	shufersal
7290110115852	8	shufersal
7290110115869	8	shufersal
7290110115913	8	shufersal
7290110116132	8	shufersal
7290110116231	8	tiv_taam
7290110116248	8	tiv_taam
7290110116422	8	shufersal
7290110116736	8	tiv_taam
7290110116750	8	shufersal
7290110116774	8	shufersal
7290110117375	8	shufersal
7290110117382	8	shufersal
7290110117573	8	tiv_taam
7290110117672	8	shufersal
7290110117689	8	shufersal
7290110117771	8	shufersal
7290110117788	8	shufersal
7290110117795	8	shufersal
7290110117801	8	shufersal
7290110117818	8	shufersal
7290110117825	8	tiv_taam
7290110117832	8	tiv_taam
7290110117849	8	shufersal
7290110117856	8	shufersal
7290110117863	8	tiv_taam
7290110117900	8	shufersal
7290110117917	8	shufersal
7290110117924	8	shufersal
7290110117931	8	tiv_taam
7290110117948	8	tiv_taam
7290110117955	8	tiv_taam
7290110117962	8	shufersal
7290110117979	8	shufersal
7290110118334	8	shufersal
7290110118600	8	tiv_taam
7290110118617	8	shufersal
7290110118624	8	shufersal
7290110118631	8	shufersal
7290110118778	8	shufersal
7290110118815	8	shufersal
7290110119096	8	tiv_taam
7290110119263	8	shufersal
7290110119270	8	shufersal
7290110119355	8	shufersal
7290110119362	8	shufersal
7290110119379	8	shufersal
7290110210304	11	shufersal
7290110210335	15	shufersal
7290110211349	11	shufersal
7290110211875	11	shufersal
7290110216900	11	shufersal
7290110320850	3	shufersal
7290110320867	3	shufersal
7290110321031	9	shufersal
7290110321277	17	shufersal
7290110321680	9	shufersal
7290110321697	9	shufersal
7290110321703	9	shufersal
7290110322014	3	shufersal
7290110322021	3	shufersal
7290110322038	3	shufersal
7290110322946	3	tiv_taam
7290110323301	17	shufersal
7290110323585	3	tiv_taam
7290110323592	3	tiv_taam
7290110324025	3	shufersal
7290110324551	3	tiv_taam
7290110324711	3	shufersal
7290110324773	19	shufersal
7290110324858	3	shufersal
7290110324872	17	shufersal
7290110324926	3	shufersal
7290110325084	19	shufersal
7290110325114	19	shufersal
7290110325121	9	shufersal
7290110325305	3	shufersal
7290110325312	19	shufersal
7290110325510	19	shufersal
7290110325619	3	shufersal
7290110325626	3	shufersal
7290110325893	9	shufersal
7290110326210	3	tiv_taam
7290110326234	19	shufersal
7290110326333	19	shufersal
7290110327033	19	shufersal
7290110327514	3	shufersal
7290110328221	17	shufersal
7290110328504	3	shufersal
7290110328627	3	tiv_taam
7290110328641	3	shufersal
7290110328764	9	shufersal
7290110328788	9	shufersal
7290110329136	19	shufersal
7290110329143	9	shufersal
7290110329686	9	shufersal
7290110329792	3	shufersal
7290110329808	3	shufersal
7290110329815	3	shufersal
7290110329846	3	shufersal
7290110329952	9	shufersal
7290110450014	14	shufersal
7290110450045	14	shufersal
7290110450052	14	shufersal
7290110450113	14	shufersal
7290110450151	13	shufersal
7290110450212	11	shufersal
7290110450908	14	shufersal
7290110451561	11	shufersal
7290110451578	11	shufersal
7290110451899	14	shufersal
7290110452049	14	shufersal
7290110453138	14	shufersal
7290110453350	14	shufersal
7290110453480	14	shufersal
7290110453619	13	shufersal
7290110453626	13	shufersal
7290110453640	13	shufersal
7290110453664	13	shufersal
7290110453725	11	shufersal
7290110453879	11	shufersal
7290110453909	14	shufersal
7290110453930	11	shufersal
7290110454265	14	shufersal
7290110454302	11	shufersal
7290110454364	11	shufersal
7290110454388	14	shufersal
7290110454982	14	shufersal
7290110455071	11	shufersal
7290110455088	11	shufersal
7290110455453	14	shufersal
7290110455460	14	shufersal
7290110455675	11	shufersal
7290110455767	13	shufersal
7290110455774	14	shufersal
7290110456023	14	shufersal
7290110456030	14	shufersal
7290110456108	11	shufersal
7290110456115	11	shufersal
7290110456122	11	shufersal
7290110456405	11	shufersal
7290110456610	14	shufersal
7290110456702	13	shufersal
7290110456719	13	shufersal
7290110456726	13	shufersal
7290110456832	14	shufersal
7290110456870	14	shufersal
7290110456900	13	shufersal
7290110456931	14	shufersal
7290110457051	14	shufersal
7290110457129	11	shufersal
7290110457136	11	shufersal
7290110457303	14	shufersal
7290110457310	14	shufersal
7290110457587	11	shufersal
7290110457594	11	shufersal
7290110457600	11	shufersal
7290110457709	14	shufersal
7290110457716	14	shufersal
7290110457723	14	shufersal
7290110457754	14	shufersal
7290110457761	13	shufersal
7290110457815	14	shufersal
7290110457822	14	shufersal
7290110458089	14	shufersal
7290110458232	13	shufersal
7290110458294	14	shufersal
7290110458300	14	shufersal
7290110458416	14	shufersal
7290110458546	14	shufersal
7290110458553	14	shufersal
7290110458607	14	shufersal
7290110459000	13	shufersal
7290110459017	14	shufersal
7290110459352	13	shufersal
7290110459406	13	shufersal
7290110459512	11	shufersal
7290110459529	12	shufersal
7290110459536	12	shufersal
7290110459543	12	shufersal
7290110459550	11	shufersal
7290110459567	12	shufersal
7290110459574	12	shufersal
7290110459581	14	shufersal
7290110459598	14	shufersal
7290110459819	14	shufersal
7290110473068	25	shufersal
7290110473723	25	shufersal
7290110473815	25	shufersal
7290110474492	25	shufersal
7290110474508	25	shufersal
7290110475062	25	shufersal
7290110475154	25	shufersal
7290110475345	26	shufersal
7290110475406	25	shufersal
7290110475512	19	shufersal
7290110475550	26	shufersal
7290110475710	26	shufersal
7290110475741	25	shufersal
7290110475758	25	shufersal
7290110475901	25	shufersal
7290110476144	17	shufersal
7290110476168	17	shufersal
7290110476182	25	shufersal
7290110476199	25	shufersal
7290110476311	26	shufersal
7290110476328	26	shufersal
7290110476373	25	shufersal
7290110476380	25	shufersal
7290110476441	26	shufersal
7290110476526	25	shufersal
7290110476847	25	shufersal
7290110476953	26	shufersal
7290110477004	19	shufersal
7290110477011	25	shufersal
7290110477172	26	shufersal
7290110477356	24	shufersal
7290110477424	26	shufersal
7290110477561	25	shufersal
7290110477592	25	shufersal
7290110477769	25	shufersal
7290110477820	26	shufersal
7290110477844	26	shufersal
7290110477929	25	shufersal
7290110477936	25	shufersal
7290110477943	25	shufersal
7290110477950	25	shufersal
7290110477967	25	shufersal
7290110477974	25	shufersal
7290110477981	25	shufersal
7290110477998	25	shufersal
7290110478018	25	shufersal
7290110478032	25	shufersal
7290110478056	25	shufersal
7290110478094	26	shufersal
7290110478117	25	shufersal
7290110478193	26	shufersal
7290110478209	25	shufersal
7290110478247	25	shufersal
7290110478407	24	shufersal
7290110478582	20	shufersal
7290110478810	25	shufersal
7290110478834	26	shufersal
7290110478841	26	shufersal
7290110478940	26	shufersal
7290110478964	25	shufersal
7290110478971	26	shufersal
7290110478988	26	shufersal
7290110479008	26	shufersal
7290110479015	26	shufersal
7290110479022	26	shufersal
7290110479039	26	shufersal
7290110479114	25	shufersal
7290110479138	26	shufersal
7290110479176	25	shufersal
7290110479282	25	shufersal
7290110479312	26	shufersal
7290110479329	26	shufersal
7290110479336	26	shufersal
7290110479381	26	shufersal
7290110479435	25	shufersal
7290110479442	25	shufersal
7290110479480	26	shufersal
7290110479497	12	shufersal
7290110479534	25	shufersal
7290110479541	25	shufersal
7290110479602	26	shufersal
7290110479626	26	shufersal
7290110479633	26	shufersal
7290110479794	26	shufersal
7290110479916	25	shufersal
7290110553678	7	tiv_taam
7290110554583	7	shufersal
7290110555146	3	tiv_taam
7290110556563	7	shufersal
7290110556884	7	shufersal
7290110556891	7	shufersal
7290110557102	3	tiv_taam
7290110557119	3	tiv_taam
7290110557133	19	shufersal
7290110557379	3	tiv_taam
7290110557423	3	shufersal
7290110557454	3	shufersal
7290110558284	17	shufersal
7290110558420	3	shufersal
7290110558703	9	shufersal
7290110559038	3	shufersal
7290110560300	7	shufersal
7290110560317	7	shufersal
7290110560836	3	shufersal
7290110561352	17	shufersal
7290110561604	19	shufersal
7290110563431	3	tiv_taam
7290110563448	3	shufersal
7290110563462	3	shufersal
7290110563851	7	shufersal
7290110564353	7	shufersal
7290110565435	3	shufersal
7290110565527	9	shufersal
7290110565572	8	shufersal
7290110566975	9	shufersal
7290110568238	3	shufersal
7290110568276	19	shufersal
7290110568559	7	shufersal
7290110568566	7	shufersal
7290110570040	9	tiv_taam
7290110571382	19	shufersal
7290110571405	7	shufersal
7290110571535	8	tiv_taam
7290110573393	17	shufersal
7290110573515	3	tiv_taam
7290110573577	3	tiv_taam
7290110573638	3	tiv_taam
7290110573713	17	shufersal
7290110573737	3	tiv_taam
7290110573751	3	shufersal
7290110573812	3	tiv_taam
7290110577254	9	shufersal
7290110577261	9	shufersal
7290110577872	5	shufersal
7290110578053	17	shufersal
7290110578459	7	tiv_taam
7290110578466	7	shufersal
7290110578473	7	shufersal
7290110579463	7	shufersal
7290110579869	8	tiv_taam
7290110735227	17	shufersal
7290110781859	26	shufersal
7290110783082	19	shufersal
7290110783525	20	shufersal
7290110783884	26	shufersal
7290110783907	26	shufersal
7290110784393	20	shufersal
7290110785154	19	shufersal
7290110785208	19	shufersal
7290110787165	26	shufersal
7290110787172	26	shufersal
7290110787196	26	shufersal
7290110787202	26	shufersal
7290110788926	26	shufersal
7290110792794	19	shufersal
7290110793814	20	shufersal
7290110793838	20	shufersal
7290110793876	26	shufersal
7290110794408	26	shufersal
7290110794453	12	shufersal
7290110794514	26	shufersal
7290110794521	26	shufersal
7290110796372	20	shufersal
7290110804619	12	shufersal
7290110805036	11	shufersal
7290110809171	14	shufersal
7290111090097	12	shufersal
7290111090127	9	shufersal
7290111090387	12	shufersal
7290111090677	12	shufersal
7290111092008	9	shufersal
7290111093593	12	shufersal
7290111093685	19	tiv_taam
7290111093791	12	shufersal
7290111093869	12	shufersal
7290111094132	12	shufersal
7290111094279	12	shufersal
7290111094293	12	shufersal
7290111094422	12	shufersal
7290111094538	12	shufersal
7290111094569	12	shufersal
7290111094613	16	shufersal
7290111094781	12	shufersal
7290111094828	12	shufersal
7290111095764	12	shufersal
7290111095771	11	shufersal
7290111096112	12	shufersal
7290111096181	12	shufersal
7290111096594	12	shufersal
7290111096730	12	shufersal
7290111096945	11	shufersal
7290111097089	15	shufersal
7290111097140	12	shufersal
7290111097355	11	shufersal
7290111097379	15	shufersal
7290111097492	15	shufersal
7290111097669	15	shufersal
7290111097720	12	shufersal
7290111097973	12	shufersal
7290111098208	12	shufersal
7290111098345	12	shufersal
7290111098635	12	shufersal
7290111098925	12	shufersal
7290111099175	12	shufersal
7290111099472	15	shufersal
7290111099588	12	shufersal
7290111099687	12	shufersal
7290111099762	15	shufersal
7290111099977	12	shufersal
7290111170263	26	shufersal
7290111170911	26	shufersal
7290111340178	19	shufersal
7290111341496	15	shufersal
7290111341984	19	shufersal
7290111342042	19	shufersal
7290111342059	19	shufersal
7290111342073	19	shufersal
7290111342097	15	shufersal
7290111342110	15	shufersal
7290111342127	15	shufersal
7290111342141	15	shufersal
7290111342707	15	shufersal
7290111342738	19	shufersal
7290111343841	19	tiv_taam
7290111344206	17	shufersal
7290111344503	17	shufersal
7290111344527	19	shufersal
7290111344565	17	shufersal
7290111344824	15	shufersal
7290111344831	15	shufersal
7290111344855	15	shufersal
7290111346538	17	shufersal
7290111346811	19	shufersal
7290111346828	19	shufersal
7290111346989	19	shufersal
7290111347108	19	shufersal
7290111347115	19	shufersal
7290111347252	17	shufersal
7290111347856	17	shufersal
7290111347863	17	shufersal
7290111347870	17	shufersal
7290111348174	17	shufersal
7290111348280	15	shufersal
7290111348372	15	shufersal
7290111350719	7	shufersal
7290111350726	7	shufersal
7290111425608	15	shufersal
7290111426087	11	shufersal
7290111430022	11	shufersal
7290111430039	17	shufersal
7290111430046	17	shufersal
7290111430084	17	shufersal
7290111430091	17	shufersal
7290111430107	17	shufersal
7290111430138	11	shufersal
7290111430145	11	shufersal
7290111430152	11	shufersal
7290111430183	11	shufersal
7290111430190	11	shufersal
7290111430220	11	shufersal
7290111430244	11	shufersal
7290111430251	11	shufersal
7290111430268	11	shufersal
7290111430343	11	shufersal
7290111430350	11	shufersal
7290111430510	11	shufersal
7290111430534	11	shufersal
7290111430541	11	shufersal
7290111430558	11	shufersal
7290111430565	11	shufersal
7290111430589	11	shufersal
7290111430596	17	shufersal
7290111430664	17	shufersal
7290111430688	17	shufersal
7290111430701	17	shufersal
7290111430718	11	shufersal
7290111430725	11	shufersal
7290111430756	11	shufersal
7290111430923	17	shufersal
7290111430947	11	shufersal
7290111430954	11	shufersal
7290111430978	17	shufersal
7290111430985	11	shufersal
7290111431005	11	shufersal
7290111431012	17	shufersal
7290111431029	17	shufersal
7290111431036	17	shufersal
7290111431043	17	shufersal
7290111431067	11	shufersal
7290111431074	11	shufersal
7290111431135	11	shufersal
7290111431142	11	shufersal
7290111431159	11	shufersal
7290111431173	11	shufersal
7290111431197	11	shufersal
7290111431203	11	shufersal
7290111431234	11	shufersal
7290111431289	11	shufersal
7290111431296	11	shufersal
7290111431302	11	shufersal
7290111431319	11	shufersal
7290111431333	11	shufersal
7290111431340	11	shufersal
7290111431395	17	shufersal
7290111431401	17	shufersal
7290111431418	11	shufersal
7290111431425	11	shufersal
7290111431449	11	shufersal
7290111431463	17	shufersal
7290111431470	17	shufersal
7290111431487	17	shufersal
7290111431494	17	shufersal
7290111431500	17	shufersal
7290111431517	17	shufersal
7290111431524	17	shufersal
7290111431531	17	shufersal
7290111431555	17	shufersal
7290111431562	17	shufersal
7290111431579	17	shufersal
7290111431586	17	shufersal
7290111431609	17	shufersal
7290111431616	17	shufersal
7290111431623	17	shufersal
7290111431630	17	shufersal
7290111431647	17	shufersal
7290111431654	17	shufersal
7290111431661	17	shufersal
7290111431678	17	shufersal
7290111431685	17	shufersal
7290111431692	17	shufersal
7290111431708	17	shufersal
7290111431715	17	shufersal
7290111431722	17	shufersal
7290111431739	17	shufersal
7290111431746	17	shufersal
7290111431753	17	shufersal
7290111431838	11	shufersal
7290111431845	17	shufersal
7290111431852	17	shufersal
7290111431944	17	shufersal
7290111431968	17	shufersal
7290111431975	17	shufersal
7290111431982	17	shufersal
7290111431999	17	shufersal
7290111432002	17	shufersal
7290111432019	17	shufersal
7290111432026	17	shufersal
7290111432057	11	shufersal
7290111432064	11	shufersal
7290111432088	17	shufersal
7290111432095	17	shufersal
7290111432118	17	shufersal
7290111563492	19	shufersal
7290111564239	2	shufersal
7290111564291	7	shufersal
7290111564666	2	shufersal
7290111564727	7	shufersal
7290111565038	2	shufersal
7290111566103	19	shufersal
7290111566127	19	shufersal
7290111566226	2	tiv_taam
7290111566240	19	shufersal
7290111566271	2	shufersal
7290111566318	2	shufersal
7290111566332	19	shufersal
7290111566547	2	shufersal
7290111566561	2	shufersal
7290111566585	2	shufersal
7290111566660	19	shufersal
7290111566714	2	tiv_taam
7290111566752	2	tiv_taam
7290111566776	2	shufersal
7290111567759	7	shufersal
7290111568206	7	shufersal
7290111568275	5	shufersal
7290111568466	5	shufersal
7290111568961	7	shufersal
7290111707902	26	shufersal
7290111740015	26	shufersal
7290111740039	26	shufersal
7290111746925	26	shufersal
7290111747465	26	shufersal
7290111748189	26	shufersal
7290111749704	24	shufersal
7290111749711	24	shufersal
7290111749889	26	shufersal
7290111749957	26	shufersal
7290111777530	18	shufersal
7290111777547	18	shufersal
7290111777554	18	shufersal
7290111777561	18	shufersal
7290111777585	18	shufersal
7290111870804	7	shufersal
7290111872983	7	shufersal
7290111872990	7	shufersal
7290111873133	7	shufersal
7290111930799	7	shufersal
7290111930805	7	shufersal
7290111930850	7	shufersal
7290111930898	7	shufersal
7290111930911	7	shufersal
7290111930928	7	shufersal
7290111930935	7	shufersal
7290111931321	15	shufersal
7290111938481	5	shufersal
7290111939174	19	shufersal
7290111939181	19	shufersal
7290112000385	19	shufersal
7290112000392	19	shufersal
7290112000408	19	shufersal
7290112000712	27	shufersal
7290112000729	27	shufersal
7290112001436	19	shufersal
7290112001733	11	shufersal
7290112002099	19	shufersal
7290112002136	19	shufersal
7290112002143	19	shufersal
7290112003102	11	shufersal
7290112003119	11	shufersal
7290112003188	19	shufersal
7290112003737	16	shufersal
7290112004253	11	shufersal
7290112004413	19	shufersal
7290112004611	19	shufersal
7290112004703	19	shufersal
7290112005045	19	shufersal
7290112005052	19	shufersal
7290112005076	19	shufersal
7290112005083	19	shufersal
7290112005168	19	shufersal
7290112005373	16	shufersal
7290112005403	16	shufersal
7290112005427	16	shufersal
7290112005434	16	shufersal
7290112005465	16	shufersal
7290112005472	16	shufersal
7290112005489	16	shufersal
7290112005496	16	shufersal
7290112005526	19	tiv_taam
7290112005632	16	shufersal
7290112005649	19	shufersal
7290112005656	19	shufersal
7290112005694	16	shufersal
7290112005700	16	shufersal
7290112005779	16	shufersal
7290112005793	16	shufersal
7290112005953	19	shufersal
7290112005991	11	shufersal
7290112006004	11	shufersal
7290112006011	19	shufersal
7290112006028	19	shufersal
7290112006448	19	shufersal
7290112006455	19	shufersal
7290112006462	19	shufersal
7290112006530	19	shufersal
7290112006585	19	shufersal
7290112006592	19	shufersal
7290112192561	15	shufersal
7290112192578	15	shufersal
7290112192875	15	shufersal
7290112192882	15	shufersal
7290112192998	11	shufersal
7290112193292	11	shufersal
7290112193308	11	shufersal
7290112195227	5	shufersal
7290112197467	10	shufersal
7290112197474	10	shufersal
7290112197573	10	shufersal
7290112197580	10	shufersal
7290112197597	10	shufersal
7290112199034	10	shufersal
7290112199768	5	shufersal
7290112199942	10	shufersal
7290112199959	10	shufersal
7290112199966	10	shufersal
7290112330352	19	shufersal
7290112330390	19	shufersal
7290112331984	7	shufersal
7290112332691	7	shufersal
7290112332875	7	shufersal
7290112335111	7	shufersal
7290112336613	7	shufersal
7290112336712	9	shufersal
7290112339867	17	shufersal
7290112339874	17	shufersal
7290112340122	7	shufersal
7290112340245	7	shufersal
7290112340252	7	shufersal
7290112340276	7	shufersal
7290112341679	3	tiv_taam
7290112341686	3	tiv_taam
7290112342102	17	shufersal
7290112343260	19	shufersal
7290112343420	9	shufersal
7290112343499	7	shufersal
7290112343512	7	shufersal
7290112343543	7	tiv_taam
7290112344564	2	shufersal
7290112344724	3	shufersal
7290112344755	3	shufersal
7290112346537	7	shufersal
7290112346629	17	shufersal
7290112346797	3	tiv_taam
7290112347008	17	shufersal
7290112348142	5	shufersal
7290112348548	7	shufersal
7290112348999	7	shufersal
7290112349606	19	shufersal
7290112349637	3	tiv_taam
7290112349668	7	shufersal
7290112351104	7	tiv_taam
7290112351128	7	shufersal
7290112355102	3	tiv_taam
7290112355812	3	shufersal
7290112355867	3	tiv_taam
7290112357083	5	shufersal
7290112357106	5	shufersal
7290112357113	19	shufersal
7290112358844	7	tiv_taam
7290112415400	19	shufersal
7290112490032	5	shufersal
7290112490216	5	shufersal
7290112490230	5	shufersal
7290112490735	19	shufersal
7290112490759	19	shufersal
7290112491497	5	shufersal
7290112491701	7	shufersal
7290112491794	7	shufersal
7290112492449	15	shufersal
7290112492456	15	shufersal
7290112492463	15	shufersal
7290112492470	15	shufersal
7290112492487	15	shufersal
7290112492500	15	shufersal
7290112492531	15	shufersal
7290112492548	15	shufersal
7290112492579	15	shufersal
7290112492593	15	shufersal
7290112492609	15	shufersal
7290112492630	15	shufersal
7290112492647	15	shufersal
7290112492715	15	shufersal
7290112492722	15	shufersal
7290112492746	15	shufersal
7290112492753	15	shufersal
7290112492944	5	shufersal
7290112492982	5	shufersal
7290112492999	5	shufersal
7290112493293	5	shufersal
7290112493316	19	shufersal
7290112493927	2	shufersal
7290112493934	2	shufersal
7290112493965	2	shufersal
7290112494221	7	shufersal
7290112494238	7	shufersal
7290112494283	7	shufersal
7290112494290	7	shufersal
7290112494313	7	shufersal
7290112494351	7	shufersal
7290112494795	19	shufersal
7290112494825	15	shufersal
7290112494832	15	shufersal
7290112495037	7	shufersal
7290112495105	7	shufersal
7290112495112	7	shufersal
7290112495143	7	shufersal
7290112495150	7	shufersal
7290112495167	7	shufersal
7290112495228	7	shufersal
7290112495433	7	shufersal
7290112495747	5	shufersal
7290112495754	1	shufersal
7290112495761	1	shufersal
7290112495778	1	shufersal
7290112495785	1	shufersal
7290112495792	1	shufersal
7290112496027	5	shufersal
7290112496034	5	shufersal
7290112496218	5	shufersal
7290112496430	5	shufersal
7290112496447	5	shufersal
7290112496461	5	shufersal
7290112497123	5	shufersal
7290112497505	11	shufersal
7290112497994	7	shufersal
7290112498007	7	shufersal
7290112498274	17	tiv_taam
7290112498748	2	shufersal
7290112498915	2	shufersal
7290112498922	2	shufersal
7290112499448	15	shufersal
7290112499455	15	shufersal
7290112499462	15	shufersal
7290112499493	15	shufersal
7290112499677	2	shufersal
7290112499776	2	shufersal
7290112499837	2	shufersal
7290112499844	2	shufersal
7290112499929	2	shufersal
7290112499936	2	shufersal
7290112499943	2	tiv_taam
7290112700216	7	shufersal
7290112751089	21	shufersal
7290112751102	21	shufersal
7290112751126	21	shufersal
7290112751256	22	shufersal
7290112751294	21	shufersal
7290112751379	26	shufersal
7290112913487	7	shufersal
7290112914682	7	shufersal
7290112914699	7	tiv_taam
7290112914705	7	shufersal
7290112914736	7	shufersal
7290112915351	7	shufersal
7290112915382	7	shufersal
7290112915634	7	shufersal
7290112961372	7	shufersal
7290112961754	7	shufersal
7290112962546	2	shufersal
7290112963529	2	shufersal
7290112963918	7	shufersal
7290112964410	1	shufersal
7290112964434	1	shufersal
7290112964458	1	shufersal
7290112964472	1	shufersal
7290112964564	1	shufersal
7290112964601	5	shufersal
7290112964724	19	shufersal
7290112965363	2	tiv_taam
7290112965943	2	tiv_taam
7290112965967	2	shufersal
7290112966728	17	shufersal
7290112966780	17	shufersal
7290112966803	5	shufersal
7290112967138	5	shufersal
7290112967572	5	shufersal
7290112968685	4	shufersal
7290112968708	2	shufersal
7290112968807	19	shufersal
7290112968821	7	shufersal
7290112969538	5	shufersal
7290113140622	11	shufersal
7290113140646	11	shufersal
7290113140660	11	shufersal
7290113141742	11	shufersal
7290113190375	5	shufersal
7290113190450	5	shufersal
7290113191099	5	shufersal
7290113192164	1	shufersal
7290113192171	1	shufersal
7290113192300	5	shufersal
7290113192324	19	shufersal
7290113192331	5	shufersal
7290113192348	5	shufersal
7290113192355	5	shufersal
7290113192362	5	shufersal
7290113192386	5	shufersal
7290113192393	5	shufersal
7290113192478	5	shufersal
7290113192485	19	shufersal
7290113192492	5	shufersal
7290113192508	5	shufersal
7290113192515	5	shufersal
7290113192522	5	shufersal
7290113192539	5	shufersal
7290113192546	5	shufersal
7290113192553	5	shufersal
7290113192560	19	shufersal
7290113192577	19	shufersal
7290113192881	6	shufersal
7290113192997	5	shufersal
7290113193000	19	shufersal
7290113193017	5	shufersal
7290113193031	5	shufersal
7290113193406	19	shufersal
7290113194090	19	shufersal
7290113196896	5	shufersal
7290113198647	9	shufersal
7290113198654	9	shufersal
7290113198661	9	shufersal
7290113198685	9	shufersal
7290113199583	1	shufersal
7290113300194	18	shufersal
7290113300224	18	shufersal
7290113300231	18	shufersal
7290113302273	18	shufersal
7290113302280	18	shufersal
7290113302297	18	shufersal
7290113302327	18	shufersal
7290113302358	18	shufersal
7290113302365	18	shufersal
7290113302396	18	shufersal
7290113306141	18	shufersal
7290113435995	25	shufersal
7290113436732	25	shufersal
7290113437333	25	shufersal
7290113560055	15	shufersal
7290113560109	15	shufersal
7290113560147	9	shufersal
7290113560154	9	shufersal
7290113560277	15	shufersal
7290113560352	15	shufersal
7290113560383	15	shufersal
7290113560390	15	shufersal
7290113560406	9	shufersal
7290113560413	9	shufersal
7290113560420	9	shufersal
7290113560468	15	shufersal
7290113560475	15	shufersal
7290113560512	15	shufersal
7290113560550	15	shufersal
7290113560567	15	shufersal
7290113560826	15	shufersal
7290113560864	15	shufersal
7290113560871	15	shufersal
7290113560895	15	shufersal
7290113560901	15	shufersal
7290113594265	7	shufersal
7290113594272	7	shufersal
7290113594296	7	shufersal
7290113657090	22	shufersal
7290113670600	11	shufersal
7290113670662	11	shufersal
7290113673380	11	shufersal
7290113675957	15	shufersal
7290113700062	14	shufersal
7290113700086	14	shufersal
7290113700222	14	shufersal
7290113700475	14	shufersal
7290113700550	14	shufersal
7290113700574	14	shufersal
7290113700673	14	shufersal
7290113701045	14	shufersal
7290113701076	14	shufersal
7290113701366	14	shufersal
7290113701595	14	shufersal
7290113701786	14	shufersal
7290113701984	14	shufersal
7290113702004	14	shufersal
7290113702318	14	shufersal
7290113702332	14	shufersal
7290113702417	14	shufersal
7290113703346	14	shufersal
7290113703469	14	shufersal
7290113703537	14	shufersal
7290113703612	14	shufersal
7290113703919	14	shufersal
7290113703926	14	shufersal
7290113704015	14	shufersal
7290113704282	14	shufersal
7290113704510	14	shufersal
7290113705210	14	shufersal
7290113705241	14	shufersal
7290113705494	14	shufersal
7290113705531	14	shufersal
7290113705555	14	shufersal
7290113705562	14	shufersal
7290113705661	14	shufersal
7290113705708	14	shufersal
7290113705746	14	shufersal
7290113705777	14	shufersal
7290113705814	14	shufersal
7290113705821	14	shufersal
7290113706910	14	shufersal
7290113707597	14	shufersal
7290113707610	14	shufersal
7290113707672	14	shufersal
7290113707740	14	shufersal
7290113762718	8	shufersal
7290113762732	8	shufersal
7290113762824	8	shufersal
7290113763043	8	shufersal
7290113763128	8	shufersal
7290113763289	8	shufersal
7290113763548	8	shufersal
7290113763784	8	shufersal
7290113764019	8	shufersal
7290113764224	8	shufersal
7290113764231	8	shufersal
7290113769809	8	shufersal
7290114142342	12	shufersal
7290114151573	11	shufersal
7290114151580	11	shufersal
7290114151597	11	shufersal
7290114151603	11	shufersal
7290114151610	11	shufersal
7290114151627	11	shufersal
7290114151634	11	shufersal
7290114151658	11	shufersal
7290114151665	11	shufersal
7290114151672	11	shufersal
7290114152174	11	shufersal
7290114152181	11	shufersal
7290114154109	11	shufersal
7290114154116	11	shufersal
7290114154130	11	shufersal
7290114154147	11	shufersal
7290114158732	11	shufersal
7290114158763	12	shufersal
7290114158770	12	shufersal
7290114158787	12	shufersal
7290114158794	12	shufersal
7290114158800	11	shufersal
7290114158817	11	shufersal
7290114310239	3	shufersal
7290114310406	17	shufersal
7290114310536	19	shufersal
7290114310550	3	shufersal
7290114310574	17	shufersal
7290114310611	3	shufersal
7290114310895	3	tiv_taam
7290114311014	3	shufersal
7290114311069	19	shufersal
7290114311328	3	shufersal
7290114311359	17	shufersal
7290114311458	3	tiv_taam
7290114311595	3	tiv_taam
7290114311601	3	tiv_taam
7290114312424	17	shufersal
7290114312431	17	shufersal
7290114312479	3	tiv_taam
7290114312578	3	shufersal
7290114312707	3	shufersal
7290114312813	17	shufersal
7290114312950	9	shufersal
7290114313018	3	shufersal
7290114313070	17	shufersal
7290114313094	3	tiv_taam
7290114313278	9	shufersal
7290114313285	3	tiv_taam
7290114313360	3	shufersal
7290114313377	3	shufersal
7290114313568	3	shufersal
7290114313582	17	shufersal
7290114313704	3	tiv_taam
7290114313865	3	shufersal
7290114313926	17	shufersal
7290114314015	17	shufersal
7290114314053	17	shufersal
7290114314060	17	shufersal
7290114314312	3	tiv_taam
7290114314503	3	tiv_taam
7290114314596	17	shufersal
7290114314602	9	shufersal
7290114314619	3	tiv_taam
7290114314626	9	shufersal
7290114320191	3	shufersal
7290114320207	3	shufersal
7290114320214	3	shufersal
7290114320238	3	shufersal
7290114320245	3	shufersal
7290114430593	26	shufersal
7290114431026	20	shufersal
7290114431194	20	shufersal
7290114431354	20	shufersal
7290114431958	26	shufersal
7290114432030	20	shufersal
7290114432511	20	shufersal
7290114432528	20	shufersal
7290114432573	26	shufersal
7290114432580	26	shufersal
7290114432603	26	shufersal
7290114432634	20	shufersal
7290114432887	26	shufersal
7290114460026	26	shufersal
7290114460316	22	shufersal
7290114460354	22	shufersal
7290114460378	22	shufersal
7290114460385	22	shufersal
7290114460729	26	shufersal
7290114460903	22	shufersal
7290114461207	26	shufersal
7290114462518	22	shufersal
7290114462846	22	shufersal
7290114462969	22	shufersal
7290114600927	5	shufersal
7290114600934	5	shufersal
7290114600941	19	shufersal
7290114603768	19	shufersal
7290114604895	5	shufersal
7290114604901	5	shufersal
7290114604925	19	shufersal
7290114604949	19	shufersal
7290114606608	5	shufersal
7290114607315	15	shufersal
7290114608589	5	shufersal
7290114659949	11	shufersal
7290114662543	8	shufersal
7290114720656	19	shufersal
7290114720670	26	shufersal
7290114720724	15	shufersal
7290114720861	26	shufersal
7290114721301	15	shufersal
7290114721325	26	shufersal
7290114721400	15	shufersal
7290114721592	15	shufersal
7290114721608	15	shufersal
7290114721783	26	shufersal
7290114721875	26	shufersal
7290114722377	20	shufersal
7290114722384	20	shufersal
7290114722391	19	shufersal
7290114722421	20	shufersal
7290114723008	26	shufersal
7290114723046	26	shufersal
7290114723053	26	shufersal
7290114723060	19	shufersal
7290114723077	19	shufersal
7290114723091	26	shufersal
7290114723114	26	shufersal
7290114723121	26	shufersal
7290114723138	26	shufersal
7290114723145	26	shufersal
7290114723176	26	shufersal
7290114723183	26	shufersal
7290114723190	26	shufersal
7290114723213	26	shufersal
7290114723220	26	shufersal
7290114723237	26	shufersal
7290114723244	19	shufersal
7290114723275	26	shufersal
7290114723329	26	shufersal
7290114723398	26	shufersal
7290114723404	26	shufersal
7290114723657	22	shufersal
7290114723930	26	shufersal
7290114723947	26	shufersal
7290114723954	26	shufersal
7290114723961	26	shufersal
7290114724050	26	shufersal
7290114724128	26	shufersal
7290114724135	20	shufersal
7290114724210	26	shufersal
7290114724234	26	shufersal
7290114724364	26	shufersal
7290114725033	20	shufersal
7290114725040	20	shufersal
7290114785709	26	shufersal
7290114785723	26	shufersal
7290114977449	15	shufersal
7290114977456	11	shufersal
7290114977463	11	shufersal
7290114977470	11	shufersal
7290115000450	20	shufersal
7290115000726	20	shufersal
7290115001594	20	shufersal
7290115003031	20	shufersal
7290115003048	20	shufersal
7290115003178	20	shufersal
7290115003659	20	shufersal
7290115003666	20	shufersal
7290115003697	20	shufersal
7290115041439	11	shufersal
7290115041446	11	shufersal
7290115042245	15	shufersal
7290115043112	11	shufersal
7290115043419	11	shufersal
7290115043426	11	shufersal
7290115043495	11	shufersal
7290115043501	11	shufersal
7290115043778	14	shufersal
7290115043884	11	shufersal
7290115044003	11	shufersal
7290115044188	11	shufersal
7290115044546	11	shufersal
7290115044553	11	shufersal
7290115044584	15	shufersal
7290115044607	11	shufersal
7290115044614	11	shufersal
7290115044621	11	shufersal
7290115044638	11	shufersal
7290115044645	11	shufersal
7290115044690	11	shufersal
7290115044713	11	shufersal
7290115045581	11	shufersal
7290115045963	11	shufersal
7290115046397	11	shufersal
7290115046649	12	shufersal
7290115046656	12	shufersal
7290115046663	12	shufersal
7290115073676	11	shufersal
7290115075038	11	shufersal
7290115078343	25	shufersal
7290115078350	25	shufersal
7290115078374	25	shufersal
7290115078381	25	shufersal
7290115078398	25	shufersal
7290115078466	25	shufersal
7290115190007	8	shufersal
7290115190021	8	shufersal
7290115190069	8	shufersal
7290115190083	8	shufersal
7290115190120	8	shufersal
7290115190144	8	shufersal
7290115190168	8	shufersal
7290115190182	8	shufersal
7290115190205	8	shufersal
7290115190229	8	shufersal
7290115190243	8	shufersal
7290115190267	8	shufersal
7290115190328	8	shufersal
7290115190342	8	shufersal
7290115190366	8	shufersal
7290115190380	8	shufersal
7290115190427	8	shufersal
7290115190441	8	shufersal
7290115190465	8	shufersal
7290115190489	8	shufersal
7290115190502	8	shufersal
7290115190526	8	shufersal
7290115190540	8	shufersal
7290115190564	8	shufersal
7290115190588	8	shufersal
7290115190885	8	shufersal
7290115190946	8	shufersal
7290115191028	8	shufersal
7290115191462	8	shufersal
7290115191479	8	shufersal
7290115191486	8	shufersal
7290115191493	8	shufersal
7290115191578	8	shufersal
7290115191585	8	shufersal
7290115200003	7	shufersal
7290115200027	7	shufersal
7290115200676	7	shufersal
7290115201031	7	shufersal
7290115201680	7	shufersal
7290115201703	7	shufersal
7290115201727	7	shufersal
7290115201741	7	shufersal
7290115201949	7	shufersal
7290115202434	4	shufersal
7290115202687	4	shufersal
7290115204056	19	shufersal
7290115205176	7	shufersal
7290115205312	7	shufersal
7290115206333	7	shufersal
7290115207484	17	shufersal
7290115207644	7	shufersal
7290115207682	5	shufersal
7290115207941	8	shufersal
7290115207965	8	shufersal
7290115207989	8	shufersal
7290115208009	8	shufersal
7290115208047	8	shufersal
7290115208061	8	shufersal
7290115209020	5	shufersal
7290115209150	2	shufersal
7290115251227	6	shufersal
7290115252460	6	shufersal
7290115252477	6	shufersal
7290115292442	15	shufersal
7290115292459	15	shufersal
7290115292466	15	shufersal
7290115292473	11	shufersal
7290115292480	11	shufersal
7290115292497	11	shufersal
7290115292503	11	shufersal
7290115292510	11	shufersal
7290115292527	11	shufersal
7290115292756	15	shufersal
7290115292763	15	shufersal
7290115292770	15	shufersal
7290115292879	11	shufersal
7290115293227	11	shufersal
7290115293234	11	shufersal
7290115297775	11	shufersal
7290115297782	11	shufersal
7290115297805	11	shufersal
7290115340068	12	shufersal
7290115340112	11	shufersal
7290115340143	12	shufersal
7290115340167	12	shufersal
7290115340174	12	shufersal
7290115340433	12	shufersal
7290115340549	11	shufersal
7290115340716	11	shufersal
7290115340754	12	shufersal
7290115340921	11	shufersal
7290115341072	12	shufersal
7290115341089	11	shufersal
7290115341218	15	shufersal
7290115341416	12	shufersal
7290115368246	16	shufersal
7290115400274	7	shufersal
7290115405774	19	shufersal
7290115480368	19	shufersal
7290115660005	12	shufersal
7290115660074	12	shufersal
7290115660098	12	shufersal
7290115660111	12	shufersal
7290115660258	12	shufersal
7290115660302	12	shufersal
7290115660524	12	shufersal
7290115660562	12	shufersal
7290115660579	12	shufersal
7290115660609	12	shufersal
7290115660616	12	shufersal
7290115660623	12	shufersal
7290115660647	12	shufersal
7290115660678	12	shufersal
7290115660692	12	shufersal
7290115660708	12	shufersal
7290115662313	12	shufersal
7290115662337	12	shufersal
7290115662344	12	shufersal
7290115662368	12	shufersal
7290115662382	12	shufersal
7290115662436	12	shufersal
7290115662443	12	shufersal
7290115663389	11	shufersal
7290115663471	12	shufersal
7290115663488	12	shufersal
7290115663495	12	shufersal
7290115663501	12	shufersal
7290115663556	12	shufersal
7290115663877	12	shufersal
7290115674705	7	tiv_taam
7290115675207	7	tiv_taam
7290115676051	17	shufersal
7290115678222	3	shufersal
7290115678376	19	shufersal
7290115678383	19	shufersal
7290115679960	7	tiv_taam
7290115971101	9	shufersal
7290116075105	26	shufersal
7290116131726	7	shufersal
7290116131733	7	shufersal
7290116131740	7	shufersal
7290116131757	7	shufersal
7290116530000	15	shufersal
7290116530482	7	shufersal
7290116531588	19	tiv_taam
7290116531762	19	shufersal
7290116531779	19	shufersal
7290116532011	7	shufersal
7290116532264	2	shufersal
7290116532271	2	tiv_taam
7290116532424	17	tiv_taam
7290116532776	12	shufersal
7290116532783	12	shufersal
7290116532875	11	shufersal
7290116533575	19	shufersal
7290116533582	5	shufersal
7290116533704	7	shufersal
7290116533742	27	shufersal
7290116533872	19	tiv_taam
7290116534152	15	shufersal
7290116534237	5	shufersal
7290116534244	5	shufersal
7290116534442	7	shufersal
7290116534459	7	tiv_taam
7290116534619	7	shufersal
7290116534749	11	shufersal
7290116534879	15	shufersal
7290116535296	17	tiv_taam
7290116535784	15	shufersal
7290116535807	15	shufersal
7290116535814	15	shufersal
7290116535838	15	shufersal
7290116535845	7	shufersal
7290116535951	5	shufersal
7290116536217	7	shufersal
7290116536224	7	shufersal
7290116536255	7	shufersal
7290116536262	19	shufersal
7290116536279	19	shufersal
7290116536316	19	shufersal
7290116536323	19	shufersal
7290116536347	19	shufersal
7290116536590	5	shufersal
7290116536774	7	shufersal
7290116536781	7	shufersal
7290116536927	19	tiv_taam
7290116536934	19	shufersal
7290116537016	7	shufersal
7290116537191	19	shufersal
7290116537207	19	shufersal
7290116537214	19	shufersal
7290116537351	7	shufersal
7290116537375	7	shufersal
7290116537719	5	shufersal
7290116537740	5	shufersal
7290116537764	5	shufersal
7290116537771	5	shufersal
7290116537955	7	shufersal
7290116537962	7	shufersal
7290116538129	5	shufersal
7290116538662	7	shufersal
7290116538679	10	shufersal
7290116740157	8	shufersal
7290116743486	8	shufersal
7290116747958	8	shufersal
7290116748405	8	shufersal
7290116765198	19	shufersal
7290116765587	19	shufersal
7290116765594	19	shufersal
7290116766379	19	shufersal
7290116820507	1	shufersal
7290116820514	1	shufersal
7290116820521	1	shufersal
7290116820606	1	shufersal
7290116820613	1	shufersal
7290116820651	1	shufersal
7290116820712	1	shufersal
7290116820750	1	shufersal
7290116820767	1	shufersal
7290116820774	1	shufersal
7290116820781	1	shufersal
7290116820835	1	shufersal
7290116820965	1	shufersal
7290116820989	1	shufersal
7290116911755	11	shufersal
7290116911762	11	shufersal
7290116911779	11	shufersal
7290116930695	3	tiv_taam
7290116931524	17	shufersal
7290116931982	17	shufersal
7290116932033	3	shufersal
7290116932194	9	tiv_taam
7290116932200	9	tiv_taam
7290116932484	9	shufersal
7290116932620	9	shufersal
7290116932644	17	shufersal
7290116932651	3	shufersal
7290116932774	9	shufersal
7290116932781	9	shufersal
7290116932811	3	shufersal
7290116932842	3	shufersal
7290116933078	17	shufersal
7290116933191	9	shufersal
7290116933818	19	shufersal
7290116933825	19	shufersal
7290116933894	3	shufersal
7290116934020	9	shufersal
7290116934150	3	shufersal
7290116934228	9	shufersal
7290116934242	3	shufersal
7290116934273	3	shufersal
7290116934327	3	shufersal
7290116934365	17	shufersal
7290116934402	9	shufersal
7290116934471	3	shufersal
7290116934488	3	shufersal
7290116934556	3	shufersal
7290116935409	17	shufersal
7290116935416	3	shufersal
7290116935508	17	shufersal
7290116935607	3	tiv_taam
7290116935614	9	shufersal
7290116935621	9	shufersal
7290116935713	3	tiv_taam
7290116935942	3	shufersal
7290116935959	3	shufersal
7290116936079	3	shufersal
7290116936093	17	shufersal
7290116936116	3	shufersal
7290116936123	9	shufersal
7290116936178	9	shufersal
7290116936208	9	shufersal
7290116936215	3	tiv_taam
7290116936222	3	tiv_taam
7290116936307	3	shufersal
7290116936321	9	shufersal
7290116936352	3	tiv_taam
7290116936369	3	tiv_taam
7290116936383	3	tiv_taam
7290116936475	3	tiv_taam
7290116936482	9	shufersal
7290116936512	17	shufersal
7290116936529	17	shufersal
7290116936574	3	shufersal
7290116936581	9	shufersal
7290116936628	3	shufersal
7290116936635	3	tiv_taam
7290116936765	3	shufersal
7290117261040	5	shufersal
7290117261088	3	shufersal
7290117261910	3	shufersal
7290117263037	6	shufersal
7290117263174	2	tiv_taam
7290117263563	3	shufersal
7290117263594	7	tiv_taam
7290117264423	2	shufersal
7290117264430	2	shufersal
7290117264546	6	shufersal
7290117264683	3	tiv_taam
7290117265062	5	shufersal
7290117265321	6	shufersal
7290117265604	5	shufersal
7290117265611	5	shufersal
7290117265772	3	shufersal
7290117266014	5	shufersal
7290117266021	5	shufersal
7290117266038	5	shufersal
7290117266076	5	shufersal
7290117266298	9	tiv_taam
7290117266304	9	tiv_taam
7290117266458	3	tiv_taam
7290117266540	3	tiv_taam
7290117267004	19	shufersal
7290117267189	3	tiv_taam
7290117267332	5	shufersal
7290117267349	5	shufersal
7290117267356	5	shufersal
7290117267608	2	shufersal
7290117267653	6	shufersal
7290117267660	6	shufersal
7290117268209	6	shufersal
7290117268605	3	shufersal
7290117268612	3	shufersal
7290117268629	3	shufersal
7290117268643	5	shufersal
7290117268957	3	shufersal
7290117268964	3	shufersal
7290117269138	3	shufersal
7290117380192	7	tiv_taam
7290117382868	5	shufersal
7290117383612	15	shufersal
7290117383667	15	shufersal
7290117384572	7	shufersal
7290117384589	7	shufersal
7290117384596	7	shufersal
7290117386675	5	shufersal
7290117386682	5	shufersal
7290117387375	15	shufersal
7290117387726	5	shufersal
7290117388082	11	shufersal
7290117388099	11	shufersal
7290117389096	19	shufersal
7290117389102	19	shufersal
7290117389300	5	shufersal
7290117389317	5	shufersal
7290117389751	11	shufersal
7290117470503	25	shufersal
7290117470961	20	shufersal
7290117470978	20	shufersal
7290117470985	20	shufersal
7290117471296	20	shufersal
7290117471425	20	shufersal
7290117471432	20	shufersal
7290117471449	20	shufersal
7290117471456	20	shufersal
7290117495667	13	shufersal
7290117495698	14	shufersal
7290117496336	14	shufersal
7290117496640	14	shufersal
7290117496923	14	shufersal
7290117497258	13	shufersal
7290117497357	14	shufersal
7290117497708	14	shufersal
7290117497715	14	shufersal
7290117497760	13	shufersal
7290117498415	11	shufersal
7290117498521	14	shufersal
7290117498668	27	shufersal
7290117498798	13	shufersal
7290117498866	14	shufersal
7290117530092	14	shufersal
7290117530160	14	shufersal
7290117530245	14	shufersal
7290117530597	14	shufersal
7290117530603	14	shufersal
7290117530689	14	shufersal
7290117530795	14	shufersal
7290117530832	14	shufersal
7290117530887	14	shufersal
7290117530894	14	shufersal
7290117530917	14	shufersal
7290117531020	14	shufersal
7290117531105	14	shufersal
7290117531297	14	shufersal
7290117531563	14	shufersal
7290117531594	14	shufersal
7290117531662	14	shufersal
7290117531693	14	shufersal
7290117531709	14	shufersal
7290117531730	14	shufersal
7290117531983	14	shufersal
7290117532089	14	shufersal
7290117532959	14	shufersal
7290117533239	14	shufersal
7290117533277	14	shufersal
7290117533505	12	shufersal
7290117535455	14	shufersal
7290117536063	14	shufersal
7290117536469	14	shufersal
7290117536803	14	shufersal
7290117537268	14	shufersal
7290117537923	14	shufersal
7290117620373	26	shufersal
7290117621097	26	shufersal
7290117621103	26	shufersal
7290117621172	20	shufersal
7290117621264	20	shufersal
7290117621431	26	shufersal
7290117621448	26	shufersal
7290117621455	26	shufersal
7290117621530	24	shufersal
7290117621769	26	shufersal
7290117621837	24	shufersal
7290117622421	26	shufersal
7290117622537	26	shufersal
7290117622551	26	shufersal
7290117622575	26	shufersal
7290117622827	25	shufersal
7290117623756	26	shufersal
7290117623862	26	shufersal
7290117623909	26	shufersal
7290117623916	26	shufersal
7290117624005	26	shufersal
7290117624012	26	shufersal
7290117624029	26	shufersal
7290117624036	26	shufersal
7290117624425	26	shufersal
7290117624456	26	shufersal
7290117624838	25	shufersal
7290117624913	24	shufersal
7290117624951	26	shufersal
7290117625057	26	shufersal
7290117625217	23	shufersal
7290117625224	23	shufersal
7290117625859	26	shufersal
7290117625941	20	shufersal
7290117626023	26	shufersal
7290117626344	26	shufersal
7290117626368	26	shufersal
7290117626375	26	shufersal
7290117626443	26	shufersal
7290117626535	26	shufersal
7290117627006	26	shufersal
7290117627143	20	shufersal
7290117627150	23	shufersal
7290117627167	23	shufersal
7290117627174	23	shufersal
7290117627198	23	shufersal
7290117627310	26	shufersal
7290117627433	26	shufersal
7290117627785	26	shufersal
7290117628300	26	shufersal
7290117628324	26	shufersal
7290117628393	8	shufersal
7290117628409	8	shufersal
7290117628416	8	shufersal
7290117628423	8	shufersal
7290117628430	8	shufersal
7290117628614	24	shufersal
7290117629109	26	shufersal
7290117629376	26	shufersal
7290117687277	26	shufersal
7290117687307	26	shufersal
7290117690710	26	shufersal
7290117720011	22	shufersal
7290117720035	22	shufersal
7290117720066	20	shufersal
7290117720141	20	shufersal
7290117720158	20	shufersal
7290117720165	20	shufersal
7290117720172	26	shufersal
7290117720196	26	shufersal
7290117720202	20	shufersal
7290117720257	22	shufersal
7290117720318	22	shufersal
7290117720325	26	shufersal
7290117720349	20	shufersal
7290117720356	20	shufersal
7290117720370	20	shufersal
7290117720394	20	shufersal
7290117720455	20	shufersal
7290117720479	22	shufersal
7290117720509	20	shufersal
7290117720516	20	shufersal
7290117720523	20	shufersal
7290117720530	20	shufersal
7290117720585	22	shufersal
7290117720608	21	shufersal
7290117720615	26	shufersal
7290117720622	26	shufersal
7290117720639	21	shufersal
7290117720646	21	shufersal
7290117720691	26	shufersal
7290117720721	21	shufersal
7290117720738	22	shufersal
7290117720745	22	shufersal
7290117720776	20	shufersal
7290117720783	26	shufersal
7290117720844	21	shufersal
7290117720868	21	shufersal
7290117720875	21	shufersal
7290117720899	21	shufersal
7290117720905	21	shufersal
7290117720912	21	shufersal
7290117720967	20	shufersal
7290117720974	20	shufersal
7290117720981	20	shufersal
7290117720998	21	shufersal
7290117721063	26	shufersal
7290117721070	26	shufersal
7290117721087	26	shufersal
7290117721124	26	shufersal
7290117721155	26	shufersal
7290117721162	26	shufersal
7290117721223	26	shufersal
7290117721230	26	shufersal
7290117721247	26	shufersal
7290117721278	26	shufersal
7290117721292	26	shufersal
7290117721308	26	shufersal
7290117721315	26	shufersal
7290117721322	26	shufersal
7290117721346	26	shufersal
7290117721360	26	shufersal
7290117721384	26	shufersal
7290117721407	21	shufersal
7290117721414	26	shufersal
7290117721438	26	shufersal
7290117727515	26	shufersal
7290117727522	20	shufersal
7290117728239	21	shufersal
7290117728314	20	shufersal
7290117728338	21	shufersal
7290117728376	26	shufersal
7290117728383	26	shufersal
7290117728406	26	shufersal
7290117728413	26	shufersal
7290117728420	26	shufersal
7290117728772	26	shufersal
7290117728789	26	shufersal
7290117728796	26	shufersal
7290117783559	26	shufersal
7290117789933	25	shufersal
7290117789940	25	shufersal
7290117822371	11	shufersal
7290117822388	11	shufersal
7290117822395	11	shufersal
7290117822418	11	shufersal
7290117822425	11	shufersal
7290117860045	15	shufersal
7290117860090	15	shufersal
7290117860144	15	shufersal
7290117860199	15	shufersal
7290117860243	15	shufersal
7290117860298	15	shufersal
7290117860892	15	shufersal
7290117860946	15	shufersal
7290117860991	15	shufersal
7290117902936	5	shufersal
7290117904930	5	shufersal
7290117905494	5	shufersal
7290117907559	1	shufersal
7290117907566	1	shufersal
7290117907573	1	shufersal
7290117907580	1	shufersal
7290117907597	1	shufersal
7290117907603	1	shufersal
7290117907627	1	shufersal
7290117907641	1	shufersal
7290117907658	1	shufersal
7290117907665	1	shufersal
7290117907856	7	shufersal
7290117909270	7	tiv_taam
7290117960141	11	shufersal
7290117960158	11	shufersal
7290117960165	11	shufersal
7290117960783	11	shufersal
7290118050018	26	shufersal
7290118050025	26	shufersal
7290118330134	26	shufersal
7290118330189	26	shufersal
7290118330790	26	shufersal
7290118330882	26	shufersal
7290118330981	26	shufersal
7290118371595	26	shufersal
7290118371601	26	shufersal
7290118371977	26	shufersal
7290118372103	26	shufersal
7290118372387	26	shufersal
7290118372479	20	shufersal
7290118372530	20	shufersal
7290118373070	20	shufersal
7290118374213	20	shufersal
7290118374251	20	shufersal
7290118374268	20	shufersal
7290118374275	20	shufersal
7290118374701	26	shufersal
7290118374794	26	shufersal
7290118375517	26	shufersal
7290118375555	26	shufersal
7290118375821	26	shufersal
7290118375937	20	shufersal
7290118375944	20	shufersal
7290118375951	20	shufersal
7290118376064	26	shufersal
7290118376118	26	shufersal
7290118376125	26	shufersal
7290118376170	26	shufersal
7290118376187	26	shufersal
7290118376675	20	shufersal
7290118376972	26	shufersal
7290118377054	20	shufersal
7290118377382	26	shufersal
7290118377399	26	shufersal
7290118377405	26	shufersal
7290118377665	20	shufersal
7290118377702	26	shufersal
7290118377726	26	shufersal
7290118378198	20	shufersal
7290118378259	20	shufersal
7290118378266	20	shufersal
7290118378518	20	shufersal
7290118378525	20	shufersal
7290118378532	19	shufersal
7290118378556	19	shufersal
7290118378563	20	shufersal
7290118378587	20	shufersal
7290118378594	20	shufersal
7290118378600	26	shufersal
7290118378617	26	shufersal
7290118378891	20	shufersal
7290118378914	20	shufersal
7290118379034	19	shufersal
7290118379041	19	shufersal
7290118379058	19	shufersal
7290118379065	20	shufersal
7290118379072	20	shufersal
7290118379157	26	shufersal
7290118379416	20	shufersal
7290118379423	20	shufersal
7290118420057	7	shufersal
7290118420163	2	shufersal
7290118420217	7	shufersal
7290118420552	7	shufersal
7290118420811	7	shufersal
7290118422129	7	shufersal
7290118422204	7	shufersal
7290118422426	7	shufersal
7290118422501	7	tiv_taam
7290118422525	7	shufersal
7290118422617	7	shufersal
7290118422723	7	shufersal
7290118422747	7	tiv_taam
7290118422761	7	shufersal
7290118422907	7	shufersal
7290118423140	5	shufersal
7290118423669	7	shufersal
7290118423812	2	tiv_taam
7290118423881	2	shufersal
7290118423904	7	shufersal
7290118423966	7	shufersal
7290118424048	7	shufersal
7290118424062	7	tiv_taam
7290118424086	7	tiv_taam
7290118424109	7	tiv_taam
7290118424956	7	shufersal
7290118424987	2	shufersal
7290118425007	2	shufersal
7290118425021	2	shufersal
7290118425526	5	shufersal
7290118425601	7	shufersal
7290118425625	5	shufersal
7290118425649	5	shufersal
7290118425663	5	shufersal
7290118426479	2	shufersal
7290118426493	2	shufersal
7290118426516	7	shufersal
7290118426530	7	shufersal
7290118426615	7	shufersal
7290118426653	7	shufersal
7290118426844	5	shufersal
7290118427001	7	tiv_taam
7290118427094	7	shufersal
7290118427223	7	shufersal
7290118427285	7	shufersal
7290118427322	7	shufersal
7290118427445	7	shufersal
7290118427568	5	shufersal
7290118427582	5	shufersal
7290118427629	5	shufersal
7290118427643	5	shufersal
7290118428350	7	tiv_taam
7290118428374	7	shufersal
7290118428572	7	tiv_taam
7290118428596	8	shufersal
7290118428855	2	shufersal
7290118428879	5	shufersal
7290118428893	2	shufersal
7290118428916	5	shufersal
7290118429005	2	shufersal
7290118429135	5	shufersal
7290118429340	2	shufersal
7290118450009	26	shufersal
7290118450108	26	shufersal
7290118450917	25	shufersal
7290118450924	26	shufersal
7290118451150	26	shufersal
7290118451235	26	shufersal
7290118451310	26	shufersal
7290118451365	26	shufersal
7290118451716	26	shufersal
7290118452003	25	shufersal
7290118452102	25	shufersal
7290118452232	26	shufersal
7290118452430	26	shufersal
7290118452478	26	shufersal
7290118453260	26	shufersal
7290118453338	26	shufersal
7290118454120	26	shufersal
7290118454205	20	shufersal
7290118454571	26	shufersal
7290118456872	26	shufersal
7290118456889	26	shufersal
7290118458098	26	shufersal
7290118550075	11	shufersal
7290118550099	11	shufersal
7290118550174	11	shufersal
7290118550181	11	shufersal
7290118550303	11	shufersal
7290118550310	11	shufersal
7290118550327	11	shufersal
7290118550334	11	shufersal
7290118550389	11	shufersal
7290118550396	11	shufersal
7290118550402	11	shufersal
7290118550419	15	shufersal
7290118550426	15	shufersal
7290118550846	15	shufersal
7290118550907	11	shufersal
7290118552147	11	shufersal
7290118552178	11	shufersal
7290118552185	11	shufersal
7290118570172	20	shufersal
7290118814016	9	shufersal
7290118814061	9	shufersal
7290118815266	9	shufersal
7290118816065	9	shufersal
7290118816713	9	shufersal
7290118816867	9	shufersal
7290118817314	9	shufersal
7290118817369	9	shufersal
7290118817567	9	shufersal
7290118817819	9	shufersal
7290118818113	9	shufersal
7290118818151	9	shufersal
7290118818205	9	shufersal
7290118818564	9	shufersal
7290118818809	9	shufersal
7290118818854	9	shufersal
7290118818908	9	shufersal
7290118818953	9	shufersal
7290118819103	9	shufersal
7290118819400	9	shufersal
7290118819950	9	shufersal
7290118871804	25	shufersal
7290118871811	25	shufersal
7290118872382	25	shufersal
7290118874997	7	shufersal
7290118875031	7	shufersal
7290118879459	7	shufersal
7290118879466	7	shufersal
7290118990826	3	tiv_taam
7290119020089	12	shufersal
7290119020102	12	shufersal
7290119020126	12	shufersal
7290119020133	12	shufersal
7290119020362	12	shufersal
7290119020386	11	shufersal
7290119020409	11	shufersal
7290119020416	15	shufersal
7290119020430	12	shufersal
7290119020492	12	shufersal
7290119020508	11	shufersal
7290119020515	11	shufersal
7290119020522	15	shufersal
7290119020539	15	shufersal
7290119020607	12	shufersal
7290119020614	12	shufersal
7290119020621	12	shufersal
7290119020652	11	shufersal
7290119020669	11	shufersal
7290119020737	12	shufersal
7290119020751	15	shufersal
7290119020775	15	shufersal
7290119020812	12	shufersal
7290119020942	12	shufersal
7290119030095	19	shufersal
7290119039692	19	shufersal
7290119039937	19	shufersal
7290119039982	19	shufersal
7290119040018	7	shufersal
7290119040124	7	shufersal
7290119040179	7	shufersal
7290119040223	7	shufersal
7290119040278	7	shufersal
7290119040315	7	shufersal
7290119040322	7	shufersal
7290119040360	7	shufersal
7290119040377	7	shufersal
7290119040414	7	shufersal
7290119040421	7	shufersal
7290119040469	7	shufersal
7290119040476	7	shufersal
7290119040513	7	shufersal
7290119040520	7	shufersal
7290119040568	7	shufersal
7290119040575	7	shufersal
7290119040605	7	shufersal
7290119040612	7	shufersal
7290119040629	7	shufersal
7290119040650	7	shufersal
7290119040667	7	shufersal
7290119040674	7	shufersal
7290119040704	7	shufersal
7290119040728	7	shufersal
7290119040759	7	shufersal
7290119040773	7	shufersal
7290119040803	7	shufersal
7290119040827	7	shufersal
7290119040858	7	shufersal
7290119040872	7	shufersal
7290119040902	7	shufersal
7290119040957	7	shufersal
7290119041008	7	shufersal
7290119041053	7	shufersal
7290119041107	7	shufersal
7290119041152	7	shufersal
7290119041206	7	shufersal
7290119041251	7	shufersal
7290119041305	7	shufersal
7290119041350	7	shufersal
7290119042302	7	shufersal
7290119042890	7	shufersal
7290119043095	7	shufersal
7290119043149	7	shufersal
7290119043743	7	shufersal
7290119043798	7	shufersal
7290119043842	7	shufersal
7290119043897	7	shufersal
7290119043941	7	shufersal
7290119044597	7	shufersal
7290119044672	7	shufersal
7290119044771	7	shufersal
7290119044825	7	shufersal
7290119370177	9	shufersal
7290119370351	7	shufersal
7290119370955	9	shufersal
7290119371112	7	shufersal
7290119371129	7	shufersal
7290119371617	9	shufersal
7290119371716	7	shufersal
7290119372065	3	tiv_taam
7290119372225	7	shufersal
7290119372768	7	tiv_taam
7290119372997	3	tiv_taam
7290119373017	7	shufersal
7290119373024	7	shufersal
7290119373048	7	shufersal
7290119373253	7	shufersal
7290119373260	7	shufersal
7290119373277	7	shufersal
7290119373352	7	shufersal
7290119373369	9	tiv_taam
7290119374083	9	tiv_taam
7290119374106	8	tiv_taam
7290119374298	7	shufersal
7290119375356	17	shufersal
7290119375370	3	tiv_taam
7290119375806	7	shufersal
7290119375837	3	tiv_taam
7290119376582	7	tiv_taam
7290119376643	3	shufersal
7290119377145	8	shufersal
7290119377152	7	shufersal
7290119377404	9	shufersal
7290119377411	9	shufersal
7290119377480	9	shufersal
7290119377510	7	tiv_taam
7290119377589	7	shufersal
7290119377596	7	shufersal
7290119380558	3	tiv_taam
7290119380640	9	tiv_taam
7290119380794	3	tiv_taam
7290119380800	3	tiv_taam
7290119380824	3	shufersal
7290119380831	3	tiv_taam
7290119380916	17	shufersal
7290119380923	17	shufersal
7290119381043	7	shufersal
7290119381142	7	shufersal
7290119381432	7	shufersal
7290119381630	7	tiv_taam
7290119381692	7	shufersal
7290119381784	7	shufersal
7290119381937	7	shufersal
7290119382224	7	tiv_taam
7290119382576	7	shufersal
7290119382873	5	shufersal
7290119382989	7	shufersal
7290119383078	7	tiv_taam
7290119383153	7	shufersal
7290119383160	7	shufersal
7290119383528	9	tiv_taam
7290119383535	3	tiv_taam
7290119383603	7	shufersal
7290119383610	7	shufersal
7290119383733	7	shufersal
7290119384044	8	shufersal
7290119384242	9	shufersal
7290119384822	7	shufersal
7290119384839	7	shufersal
7290119385386	7	shufersal
7290119385393	7	shufersal
7290119385553	10	shufersal
7290119385577	10	shufersal
7290119385607	10	shufersal
7290119385768	9	shufersal
7290119385836	5	shufersal
7290119386062	3	shufersal
7290119386079	3	shufersal
7290119386512	7	shufersal
7290119386642	17	shufersal
7290119386659	8	tiv_taam
7290119388509	9	shufersal
7290119389865	9	tiv_taam
7290119389872	2	shufersal
7290119389889	2	shufersal
7290119500383	10	shufersal
7290119500437	7	tiv_taam
7290119500482	10	shufersal
7290119500536	10	shufersal
7290119500581	10	shufersal
7290119500635	10	shufersal
7290119760237	2	shufersal
7290119770298	8	shufersal
7290119770533	8	shufersal
7290119770588	8	shufersal
7290119770731	8	shufersal
7290119770786	8	shufersal
7290119771134	8	shufersal
7290119771189	8	shufersal
7290119771233	8	shufersal
7290119771288	8	shufersal
7290119771332	8	shufersal
7290119771387	8	shufersal
7290119771431	8	shufersal
7290119771493	8	shufersal
7290119772544	8	shufersal
7290119772698	8	shufersal
7290119776290	8	shufersal
7290119776344	8	shufersal
7290119776542	8	shufersal
7290119776795	8	shufersal
7290119776894	8	shufersal
7290119776993	8	shufersal
7290119777440	8	shufersal
7290119777594	8	shufersal
7290119777648	8	shufersal
7290119778799	8	shufersal
7290119778843	8	tiv_taam
7290119778898	8	shufersal
7290119792566	8	shufersal
7290119860791	6	shufersal
7290119860807	6	shufersal
7290119860814	6	shufersal
7290120090088	24	shufersal
7290120091146	7	shufersal
7290120093911	20	shufersal
7290120094079	25	shufersal
7290120094123	25	shufersal
7290120094277	25	shufersal
7290120094413	20	shufersal
7290120094420	25	shufersal
7290120094475	25	shufersal
7290120094574	25	shufersal
7290120094918	20	shufersal
7290120094932	25	shufersal
7290120094987	25	shufersal
7290120095038	25	shufersal
7290120095793	7	shufersal
7290120099241	7	shufersal
7290120099296	7	shufersal
7290120099647	7	shufersal
7290120300453	11	shufersal
7290120301207	11	shufersal
7290120301252	15	shufersal
7290120301351	11	shufersal
7290120303003	11	shufersal
7290120320079	19	shufersal
7290120320369	19	tiv_taam
7290120320796	19	tiv_taam
7290120371514	16	shufersal
7290120664883	25	shufersal
7290120664982	25	shufersal
7290120665088	25	shufersal
7290120665231	25	shufersal
7290120665330	25	shufersal
7290120665385	25	shufersal
7290120665538	25	shufersal
7290120666795	25	shufersal
7290120666948	25	shufersal
7290120667044	25	shufersal
7290120667099	25	shufersal
7290120667143	25	shufersal
7290120667242	25	shufersal
7290120667549	25	shufersal
7290120667594	25	shufersal
7290120667693	25	shufersal
7290120668041	25	shufersal
7290120668140	25	shufersal
7290120668249	25	shufersal
7290120668447	25	shufersal
7290120870017	6	shufersal
7290120870024	6	shufersal
7290120870086	15	shufersal
7290120870093	15	shufersal
7290120870109	11	shufersal
7290120870574	10	shufersal
7290120872165	15	shufersal
7290120872172	15	shufersal
7290120872189	11	shufersal
7290120872196	11	shufersal
7290121010191	2	shufersal
7290121010368	2	shufersal
7290121010375	2	shufersal
7290121010436	19	shufersal
7290121010610	6	shufersal
7290121010627	6	shufersal
7290121010634	6	shufersal
7290121010689	2	shufersal
7290121010696	2	shufersal
7290121011143	17	shufersal
7290121011150	17	shufersal
7290121011167	17	shufersal
7290121012041	17	shufersal
7290121160582	7	shufersal
7290121161862	7	shufersal
7290121161886	7	shufersal
7290121161916	7	shufersal
7290121161930	7	shufersal
7290121162173	15	shufersal
7290121162388	12	shufersal
7290121162548	5	shufersal
7290121162555	5	shufersal
7290121162609	19	shufersal
7290121162883	11	shufersal
7290121163163	17	tiv_taam
7290121163330	19	tiv_taam
7290121163477	17	tiv_taam
7290121164054	12	shufersal
7290121164085	12	shufersal
7290121164092	12	shufersal
7290121164108	12	shufersal
7290121166850	7	shufersal
7290121167024	7	shufersal
7290121167062	7	shufersal
7290121167116	7	shufersal
7290121290043	8	shufersal
7290121290074	8	shufersal
7290121290104	8	shufersal
7290121290135	8	shufersal
7290121290197	8	shufersal
7290121290258	8	shufersal
7290121290289	8	shufersal
7290121290319	8	shufersal
7290121290340	8	shufersal
7290121290371	8	shufersal
7290121290432	8	shufersal
7290121290463	8	shufersal
7290121290494	8	shufersal
7290121290555	8	shufersal
7290121290586	8	shufersal
7290121440370	20	shufersal
7290121440387	20	shufersal
7290121440400	20	shufersal
7290121440417	20	shufersal
7290121442459	19	shufersal
7290121442473	20	shufersal
7290121442480	26	shufersal
7290121442497	19	shufersal
7290121442503	20	shufersal
7290121442510	20	shufersal
7290121442527	20	shufersal
7290121442541	20	shufersal
7290121442558	26	shufersal
7290121442596	25	shufersal
7290121442633	20	shufersal
7290121442664	19	shufersal
7290121442848	19	shufersal
7290121442855	19	shufersal
7290121442862	26	shufersal
7290121442879	26	shufersal
7290121442886	26	shufersal
7290121442893	26	shufersal
7290121442947	20	shufersal
7290121442985	20	shufersal
7290121442992	20	shufersal
7290121443227	20	shufersal
7290121443241	26	shufersal
7290121443258	26	shufersal
7290121443265	26	shufersal
7290121443272	26	shufersal
7290121443289	26	shufersal
7290121443296	26	shufersal
7290121443500	20	shufersal
7290121443517	20	shufersal
7290121443531	20	shufersal
7290121443548	20	shufersal
7290121443661	19	shufersal
7290121443678	19	shufersal
7290121443722	20	shufersal
7290121443739	12	shufersal
7290121443746	12	shufersal
7290121443753	12	shufersal
7290121571050	13	shufersal
7290121605007	19	tiv_taam
7290121718851	15	shufersal
7290121804929	25	shufersal
7290121804974	25	shufersal
7290121805674	25	shufersal
7290121807036	7	shufersal
7290121809061	24	shufersal
7290121809115	24	shufersal
7290121809160	24	shufersal
7290121809214	24	shufersal
7290121920285	7	shufersal
7290121920292	7	shufersal
7290121920308	7	shufersal
7290121920551	7	shufersal
7290121920568	8	shufersal
7290121921046	7	shufersal
7290122105148	26	shufersal
7290122105155	26	shufersal
7290122380484	15	shufersal
7290122380491	15	shufersal
7290122380507	15	shufersal
7290122380514	15	shufersal
7290122380521	15	shufersal
7290122380538	15	shufersal
7290122380545	15	shufersal
7290122380552	15	shufersal
7290122380569	15	shufersal
7290122380576	15	shufersal
7290122380583	15	shufersal
7290122380590	15	shufersal
7290122380606	15	shufersal
7290122380613	15	shufersal
7290122380620	15	shufersal
7290122380637	15	shufersal
7290122461466	25	shufersal
7290122461503	26	shufersal
7290122461565	26	shufersal
7290122461572	26	shufersal
7290122461725	26	shufersal
7290122462319	20	shufersal
7290122462326	26	shufersal
7290122462371	26	shufersal
7290122462388	26	shufersal
7290122462395	26	shufersal
7290122462432	25	shufersal
7290122462890	25	shufersal
7290122462913	25	shufersal
7290122462920	26	shufersal
7290122462937	26	shufersal
7290122462968	26	shufersal
7290122462975	26	shufersal
7290122462999	23	shufersal
7290122463002	23	shufersal
7290122463019	23	shufersal
7290122463026	23	shufersal
7290122463033	23	shufersal
7290122463040	23	shufersal
7290122463071	26	shufersal
7290122590708	1	shufersal
7290122590715	1	shufersal
7290122591187	5	shufersal
7290122591217	5	shufersal
7290122591910	5	shufersal
7290122591927	5	shufersal
7290122591965	8	tiv_taam
7290122592078	1	shufersal
7290122634259	7	shufersal
7290122635720	7	shufersal
7290122635782	10	shufersal
7290122635799	10	shufersal
7290122635805	10	shufersal
7290122635812	10	shufersal
7290122635904	19	shufersal
7290122645361	8	shufersal
7290122780079	7	shufersal
7290122780253	17	shufersal
7290122780277	17	shufersal
7290122780314	4	shufersal
7290122780352	17	shufersal
7290122780376	17	shufersal
7290122780512	7	tiv_taam
7290122780710	7	shufersal
7290122781359	7	shufersal
7290122781496	7	shufersal
7290122781533	7	tiv_taam
7290122781663	5	shufersal
7290122781724	7	tiv_taam
7290122781786	7	tiv_taam
7290122782158	5	shufersal
7290122782431	5	shufersal
7290122782455	7	shufersal
7290122782479	7	tiv_taam
7290122782530	5	shufersal
7290122782554	5	shufersal
7290122783407	5	shufersal
7290122783803	7	shufersal
7290122783827	7	shufersal
7290122783841	7	shufersal
7290122783926	7	shufersal
7290122783940	7	shufersal
7290122784473	7	shufersal
7290122784497	7	shufersal
7290122810073	22	shufersal
7290122810202	21	shufersal
7290122810417	22	shufersal
7290122810424	22	shufersal
7290122810431	22	shufersal
7290122810448	22	shufersal
7290122810455	22	shufersal
7290122810462	22	shufersal
7290122810509	21	shufersal
7290122810516	21	shufersal
7290122810523	21	shufersal
7290122810530	21	shufersal
7290122810547	21	shufersal
7290122810554	21	shufersal
7290122810561	21	shufersal
7290122810585	21	shufersal
7290122810592	21	shufersal
7290122810769	25	shufersal
7290122810875	22	shufersal
7290122811421	21	shufersal
7290122811469	21	shufersal
7290122811520	26	shufersal
7290122811537	26	shufersal
7290122811629	21	shufersal
7290122811650	21	shufersal
7290122811674	21	shufersal
7290122811681	21	shufersal
7290122811698	21	shufersal
7290122811704	21	shufersal
7290122811711	21	shufersal
7290122811780	25	shufersal
7290122812008	21	shufersal
7290122812145	21	shufersal
7290122812152	21	shufersal
7290122812169	21	shufersal
7290122812176	21	shufersal
7290122812220	21	shufersal
7290122812237	21	shufersal
7290122812244	21	shufersal
7290122812251	21	shufersal
7290122812268	21	shufersal
7290122812275	21	shufersal
7290122812282	21	shufersal
7290122812299	21	shufersal
7290122812305	21	shufersal
7290122812312	21	shufersal
7290122813944	21	shufersal
7290122813951	21	shufersal
7290122830866	7	shufersal
7290122840865	25	shufersal
7290122840919	25	shufersal
7290122840964	25	shufersal
7290122841060	25	shufersal
7290122841763	25	shufersal
7290122841916	25	shufersal
7290122841961	25	shufersal
7290122842012	25	shufersal
7290122849202	25	shufersal
7290123060668	11	shufersal
7290123060675	11	shufersal
7290123240572	26	shufersal
7290123240619	26	shufersal
7290123240626	26	shufersal
7290123241432	26	shufersal
7290123241449	26	shufersal
7290123241456	26	shufersal
7290123241494	25	shufersal
7290123241500	25	shufersal
7290123241517	25	shufersal
7290123241524	25	shufersal
7290123241531	25	shufersal
7290123241548	25	shufersal
7290123243139	24	shufersal
7290123243146	24	shufersal
7290123330280	7	shufersal
7290123330334	7	shufersal
7290123330686	7	shufersal
7290123330730	7	shufersal
7290123330884	7	shufersal
7290123331034	7	shufersal
7290123365404	20	shufersal
7290123365459	20	shufersal
7290123367408	26	shufersal
7290123440019	10	shufersal
7290123440026	10	shufersal
7290123440033	10	shufersal
7290123450001	27	shufersal
7290123450018	27	shufersal
7290123450025	27	shufersal
7290123450032	27	shufersal
7290123450049	27	shufersal
7290123450056	27	shufersal
7290123450063	27	shufersal
7290123450070	27	shufersal
7290123450087	27	shufersal
7290123450094	27	shufersal
7290123450100	27	shufersal
7290123450124	27	shufersal
7290123450131	27	shufersal
7290123450155	27	shufersal
7290123450162	27	shufersal
7290123450186	27	shufersal
7290123450216	27	shufersal
7290123450223	27	shufersal
7290123450230	27	shufersal
7290123450247	27	shufersal
7290123450254	27	shufersal
7290123450261	27	shufersal
7290123450285	27	shufersal
7290123450292	27	shufersal
7290123450315	27	shufersal
7290123450322	27	shufersal
7290123450339	27	shufersal
7290123450346	27	shufersal
7290123450353	27	shufersal
7290123450414	27	shufersal
7290123450421	27	shufersal
7290123450438	27	shufersal
7290123450445	27	shufersal
7290123450452	27	shufersal
7290123450469	27	shufersal
7290123450476	27	shufersal
7290123450483	27	shufersal
7290123450490	27	shufersal
7290123450506	27	shufersal
7290123450568	27	shufersal
7290123450575	27	shufersal
7290123450582	27	shufersal
7290123450599	27	shufersal
7290123450605	27	shufersal
7290123450612	27	shufersal
7290123450629	27	shufersal
7290123450636	27	shufersal
7290123450643	27	shufersal
7290123450650	27	shufersal
7290123450667	27	shufersal
7290123450674	27	shufersal
7290123450681	27	shufersal
7290123450698	27	shufersal
7290123450704	27	shufersal
7290202882594	27	shufersal
7290347222156	11	shufersal
7291016010166	16	shufersal
7291044040333	20	shufersal
7291044041279	26	shufersal
7291044045550	26	shufersal
7291044045673	26	shufersal
7291044045819	20	shufersal
7291044045826	20	shufersal
7291044050851	20	shufersal
7291044050868	20	shufersal
7291044054880	20	shufersal
7291044056013	26	shufersal
7291044059472	8	shufersal
7291044061536	20	shufersal
7291044061598	26	shufersal
7291044061642	20	shufersal
7291044061673	20	shufersal
7291044061680	20	shufersal
7291044061697	20	shufersal
7291044063660	26	shufersal
7291044064056	26	shufersal
7291044065923	26	shufersal
7291044065930	26	shufersal
7291044067798	20	shufersal
7291044067804	20	shufersal
7291044068672	20	shufersal
7291044068689	20	shufersal
7291044068696	20	shufersal
7291044072105	26	shufersal
7291044086188	20	shufersal
7291044088502	26	shufersal
7291044089349	26	shufersal
7291044090000	8	shufersal
7291044091298	20	shufersal
7291044091304	20	shufersal
7291044091311	20	shufersal
7291044091328	20	shufersal
7291044093087	26	shufersal
7291044093094	20	shufersal
7291044093155	26	shufersal
7291044096033	26	shufersal
7291044097573	20	shufersal
7291044097580	20	shufersal
7291044097597	20	shufersal
7291044097603	20	shufersal
7291044097610	20	shufersal
7291044100594	26	shufersal
7291044101478	26	shufersal
7291044101614	26	shufersal
7291044101652	26	shufersal
7291044101706	26	shufersal
7291044103090	26	shufersal
7291044103113	26	shufersal
7291044103120	26	shufersal
7291044103137	26	shufersal
7291044103526	26	shufersal
7291044103649	12	shufersal
7291044103656	12	shufersal
7291044103663	12	shufersal
7291044104073	26	shufersal
7291044105155	26	shufersal
7291044105315	20	shufersal
7291044106367	20	shufersal
7291044106930	20	shufersal
7291044107203	26	shufersal
7291044110197	12	shufersal
7291044113525	26	shufersal
7291044121216	26	shufersal
7291044125948	26	shufersal
7291044125962	26	shufersal
7291044129458	26	shufersal
7291044129649	20	shufersal
7291044130010	26	shufersal
7291044130072	26	shufersal
7291044130928	26	shufersal
7291044131277	26	shufersal
7291044131284	26	shufersal
7291044131352	26	shufersal
7291044131369	26	shufersal
7291044131406	26	shufersal
7291044131451	26	shufersal
7291044131529	26	shufersal
7291044135138	20	shufersal
7291044139754	26	shufersal
7291044140958	26	shufersal
7291044144376	26	shufersal
7291044151572	26	shufersal
7291044151589	26	shufersal
7291044152555	8	shufersal
7291044152685	26	shufersal
7291044152722	26	shufersal
7291044152906	26	shufersal
7291044153934	26	shufersal
7291045000350	25	shufersal
7291055033072	25	shufersal
7291071100765	21	shufersal
7291071194689	21	shufersal
7291071247309	21	shufersal
7291071616280	21	shufersal
7291071947568	21	shufersal
7291071947575	21	shufersal
7291071947582	21	shufersal
7291071947599	21	shufersal
7291071947605	21	shufersal
7291071947612	21	shufersal
7291072382726	21	shufersal
7291072382733	21	shufersal
7291072382740	21	shufersal
7291072382757	21	shufersal
7291072400451	21	shufersal
7291072537881	21	shufersal
7291072564658	21	shufersal
7291072581587	21	shufersal
7291072581594	21	shufersal
7291072590855	21	shufersal
7291072596253	21	shufersal
7291072597243	21	shufersal
7291072606822	21	shufersal
7291072615688	21	shufersal
7291072620378	21	shufersal
7291074002400	19	shufersal
7291074004435	20	shufersal
7291074012690	20	shufersal
7291074015806	20	shufersal
7291074026888	20	shufersal
7291074027335	19	shufersal
7291083209357	25	shufersal
7291083209869	17	shufersal
7291083219134	17	shufersal
7291083219233	17	shufersal
7291083219240	17	shufersal
7291083219257	17	shufersal
7291083224893	17	shufersal
7291083524283	17	shufersal
7291083525716	17	shufersal
72917329	7	shufersal
72917367	7	shufersal
72918388	7	shufersal
7292405027352	20	shufersal
7292405027451	20	shufersal
7292405027604	20	shufersal
7292405027758	20	shufersal
7293114226807	25	shufersal
729359152351	11	shufersal
72940754	3	shufersal
72940761	3	shufersal
72940952	3	shufersal
72941041	3	shufersal
7296049231533	25	shufersal
7296049260649	25	shufersal
7296049261509	25	shufersal
7296049261516	25	shufersal
7296049271973	25	shufersal
7296049289466	25	shufersal
7296049289510	25	shufersal
7296049289572	25	shufersal
7296049289589	25	shufersal
7296049289725	25	shufersal
7296049289886	25	shufersal
7296049308068	25	shufersal
7296049309010	19	shufersal
7296058000519	6	shufersal
7296058000526	6	shufersal
7296073005841	5	shufersal
7296073005858	5	shufersal
7296073005872	5	shufersal
7296073005889	5	shufersal
7296073005957	5	shufersal
7296073006008	5	shufersal
7296073006053	5	shufersal
7296073006077	5	shufersal
7296073006107	5	shufersal
7296073006138	5	shufersal
7296073006152	5	shufersal
7296073006176	19	shufersal
7296073006381	5	shufersal
7296073006398	19	shufersal
7296073006404	5	shufersal
7296073006411	19	shufersal
7296073006428	5	shufersal
7296073006435	5	shufersal
7296073006497	7	shufersal
7296073006541	5	shufersal
7296073011217	19	shufersal
7296073011224	19	shufersal
7296073011248	19	shufersal
7296073020370	7	shufersal
7296073020394	7	shufersal
7296073020400	7	shufersal
7296073021568	19	shufersal
7296073021575	5	shufersal
7296073021582	5	shufersal
7296073049654	19	shufersal
7296073053743	19	shufersal
7296073053750	19	shufersal
7296073055839	20	shufersal
7296073055860	20	shufersal
7296073055877	20	shufersal
7296073055884	20	shufersal
7296073059691	7	shufersal
7296073059707	7	shufersal
7296073059745	7	shufersal
7296073059790	7	shufersal
7296073060024	7	shufersal
7296073061229	20	shufersal
7296073061281	20	shufersal
7296073061328	20	shufersal
7296073066330	5	shufersal
7296073066354	5	shufersal
7296073078579	5	shufersal
7296073078586	5	shufersal
7296073078609	5	shufersal
7296073079002	7	shufersal
7296073079019	7	shufersal
7296073079842	5	shufersal
7296073079859	5	shufersal
7296073079866	5	shufersal
7296073079873	5	shufersal
7296073079903	5	shufersal
7296073091219	5	shufersal
7296073093169	19	shufersal
7296073094746	5	shufersal
7296073094753	5	shufersal
7296073095583	11	shufersal
7296073095910	5	shufersal
7296073103981	20	shufersal
7296073104018	8	shufersal
7296073105565	20	shufersal
7296073106098	7	shufersal
7296073108313	1	shufersal
7296073108320	1	shufersal
7296073108344	1	shufersal
7296073108351	1	shufersal
7296073108368	1	shufersal
7296073108375	1	shufersal
7296073108443	5	shufersal
7296073109822	1	shufersal
7296073113256	5	shufersal
7296073113263	19	shufersal
7296073116783	19	shufersal
7296073117865	19	shufersal
7296073117872	5	shufersal
7296073121176	1	shufersal
7296073121183	1	shufersal
7296073121190	1	shufersal
7296073122333	5	shufersal
7296073123712	5	shufersal
7296073123729	5	shufersal
7296073124160	2	shufersal
7296073124177	2	shufersal
7296073124382	19	shufersal
7296073124399	19	shufersal
7296073125303	5	shufersal
7296073125327	5	shufersal
7296073125334	19	shufersal
7296073125341	5	shufersal
7296073132462	5	shufersal
7296073132479	19	shufersal
7296073132806	5	shufersal
7296073132936	19	shufersal
7296073132943	7	shufersal
7296073132950	7	shufersal
7296073132974	7	shufersal
7296073132981	7	shufersal
7296073132998	7	shufersal
7296073133001	7	shufersal
7296073133070	7	shufersal
7296073133087	7	shufersal
7296073134442	7	shufersal
7296073134459	7	shufersal
7296073134534	8	shufersal
7296073134541	8	shufersal
7296073134930	5	shufersal
7296073140801	5	shufersal
7296073141143	7	shufersal
7296073142041	7	shufersal
7296073146933	7	shufersal
7296073146940	7	shufersal
7296073151463	7	shufersal
7296073151548	5	shufersal
7296073151555	5	shufersal
7296073153337	19	shufersal
7296073156604	7	shufersal
7296073156628	7	shufersal
7296073161479	7	shufersal
7296073161981	7	shufersal
7296073162001	7	shufersal
7296073170839	19	shufersal
7296073173045	5	shufersal
7296073173199	19	shufersal
7296073173205	19	shufersal
7296073173212	19	shufersal
7296073173229	19	shufersal
7296073173335	5	shufersal
7296073179863	5	shufersal
7296073180425	5	shufersal
7296073180432	5	shufersal
7296073180449	5	shufersal
7296073195252	6	shufersal
7296073195269	6	shufersal
7296073195894	5	shufersal
7296073195900	5	shufersal
7296073195917	5	shufersal
7296073195924	5	shufersal
7296073199014	5	shufersal
7296073201410	5	shufersal
7296073205111	5	shufersal
7296073205418	5	shufersal
7296073205425	5	shufersal
7296073205456	5	shufersal
7296073205463	5	shufersal
7296073205487	5	shufersal
7296073205616	1	shufersal
7296073205692	19	shufersal
7296073205708	19	shufersal
7296073205975	11	shufersal
7296073206101	5	shufersal
7296073206347	5	shufersal
7296073211969	7	shufersal
7296073214120	5	shufersal
7296073215820	5	shufersal
7296073215851	5	shufersal
7296073216001	5	shufersal
7296073216056	5	shufersal
7296073216247	5	shufersal
7296073216308	5	shufersal
7296073218234	5	shufersal
7296073219255	8	shufersal
7296073219330	17	shufersal
7296073219347	17	shufersal
7296073219675	5	shufersal
7296073220060	25	shufersal
7296073220121	2	shufersal
7296073220275	7	shufersal
7296073220282	7	shufersal
7296073220398	19	shufersal
7296073220442	2	shufersal
7296073221319	7	shufersal
7296073221333	7	shufersal
7296073221630	19	shufersal
7296073224402	5	shufersal
7296073224457	5	shufersal
7296073224471	5	shufersal
7296073224488	19	shufersal
7296073224495	5	shufersal
7296073224525	7	shufersal
7296073224549	5	shufersal
7296073224556	7	shufersal
7296073224662	19	shufersal
7296073224679	3	shufersal
7296073224891	19	shufersal
7296073224907	19	shufersal
7296073225072	19	shufersal
7296073225492	5	shufersal
7296073225560	7	shufersal
7296073225720	5	shufersal
7296073225737	5	shufersal
7296073229674	19	shufersal
7296073229681	3	shufersal
7296073229698	3	shufersal
7296073230427	7	shufersal
7296073230489	7	shufersal
7296073236139	3	shufersal
7296073237631	7	shufersal
7296073238379	15	shufersal
7296073238416	15	shufersal
7296073238447	15	shufersal
7296073238515	14	shufersal
7296073238539	11	shufersal
7296073238577	11	shufersal
7296073238614	11	shufersal
7296073238881	14	shufersal
7296073238966	11	shufersal
7296073239024	11	shufersal
7296073239031	11	shufersal
7296073239048	11	shufersal
7296073239055	11	shufersal
7296073239062	11	shufersal
7296073239079	11	shufersal
7296073239093	11	shufersal
7296073239109	11	shufersal
7296073239185	11	shufersal
7296073239208	11	shufersal
7296073239666	14	shufersal
7296073239673	14	shufersal
7296073240853	7	shufersal
7296073243014	14	shufersal
7296073243069	14	shufersal
7296073243342	5	shufersal
7296073244806	3	shufersal
7296073245070	16	shufersal
7296073245209	16	shufersal
7296073245285	16	shufersal
7296073246251	11	shufersal
7296073246367	2	shufersal
7296073248231	11	shufersal
7296073248293	11	shufersal
7296073248446	11	shufersal
7296073248491	11	shufersal
7296073248637	11	shufersal
7296073254256	1	shufersal
7296073255376	21	shufersal
7296073262831	5	shufersal
7296073263845	5	shufersal
7296073265481	5	shufersal
7296073266112	19	shufersal
7296073266129	7	shufersal
7296073267188	11	shufersal
7296073270157	1	shufersal
7296073270195	26	shufersal
7296073270294	19	shufersal
7296073270317	19	shufersal
7296073270348	19	shufersal
7296073270416	19	shufersal
7296073270423	19	shufersal
7296073270430	19	shufersal
7296073270980	10	shufersal
7296073271291	21	shufersal
7296073271307	21	shufersal
7296073273509	5	shufersal
7296073273851	7	shufersal
7296073274667	5	shufersal
7296073274957	5	shufersal
7296073274964	5	shufersal
7296073277255	19	shufersal
7296073277354	5	shufersal
7296073277378	5	shufersal
7296073281856	15	shufersal
7296073281863	15	shufersal
7296073281870	15	shufersal
7296073281887	15	shufersal
7296073281894	15	shufersal
7296073281924	11	shufersal
7296073281931	11	shufersal
7296073282846	19	shufersal
7296073282853	19	shufersal
7296073282860	19	shufersal
7296073283805	2	shufersal
7296073283812	2	shufersal
7296073283829	2	shufersal
7296073285267	19	shufersal
7296073285274	19	shufersal
7296073285281	19	shufersal
7296073285953	10	shufersal
7296073289586	19	shufersal
7296073289739	19	shufersal
7296073291695	16	shufersal
7296073291701	16	shufersal
7296073291718	16	shufersal
7296073291725	16	shufersal
7296073293576	25	shufersal
7296073294788	5	shufersal
7296073295228	7	shufersal
7296073320401	1	shufersal
7296073320913	19	shufersal
7296073323587	19	shufersal
7296073323594	19	shufersal
7296073326984	21	shufersal
7296073327776	21	shufersal
7296073328018	21	shufersal
7296073330400	14	shufersal
7296073330424	14	shufersal
7296073330448	14	shufersal
7296073330462	14	shufersal
7296073330493	14	shufersal
7296073330509	14	shufersal
7296073330523	14	shufersal
7296073330547	14	shufersal
7296073330615	14	shufersal
7296073330646	14	shufersal
7296073330660	14	shufersal
7296073330691	14	shufersal
7296073330790	14	shufersal
7296073331360	11	shufersal
7296073333203	25	shufersal
7296073333432	14	shufersal
7296073333449	14	shufersal
7296073333562	14	shufersal
7296073333579	14	shufersal
7296073333593	14	shufersal
7296073333753	14	shufersal
7296073333760	14	shufersal
7296073333777	14	shufersal
7296073333784	14	shufersal
7296073333791	14	shufersal
7296073333982	27	shufersal
7296073343202	7	shufersal
7296073343219	7	shufersal
7296073343264	11	shufersal
7296073343295	11	shufersal
7296073343899	16	shufersal
7296073343905	16	shufersal
7296073343912	16	shufersal
7296073343929	16	shufersal
7296073343936	16	shufersal
7296073343943	16	shufersal
7296073343950	16	shufersal
7296073343967	16	shufersal
7296073343974	16	shufersal
7296073343981	16	shufersal
7296073343998	16	shufersal
7296073344001	16	shufersal
7296073345060	5	shufersal
7296073345107	5	shufersal
7296073345114	5	shufersal
7296073345121	5	shufersal
7296073345466	15	shufersal
7296073345732	3	shufersal
7296073345749	3	shufersal
7296073345756	3	shufersal
7296073345763	3	shufersal
7296073346333	7	shufersal
7296073346340	7	shufersal
7296073352839	7	shufersal
7296073352846	7	shufersal
7296073352860	7	shufersal
7296073362944	5	shufersal
7296073362951	5	shufersal
7296073362975	5	shufersal
7296073363194	11	shufersal
7296073363200	11	shufersal
7296073363217	15	shufersal
7296073363224	15	shufersal
7296073363231	15	shufersal
7296073363248	15	shufersal
7296073363255	15	shufersal
7296073363262	15	shufersal
7296073363316	11	shufersal
7296073363347	16	shufersal
7296073363354	16	shufersal
7296073363361	16	shufersal
7296073363583	12	shufersal
7296073363804	11	shufersal
7296073363910	11	shufersal
7296073364825	20	shufersal
7296073364832	26	shufersal
7296073364917	20	shufersal
7296073366546	11	shufersal
7296073366638	11	shufersal
7296073367697	26	shufersal
7296073367789	26	shufersal
7296073368465	19	shufersal
7296073368472	2	shufersal
7296073368670	17	shufersal
7296073369042	21	shufersal
7296073373681	26	shufersal
7296073374725	16	shufersal
7296073374732	16	shufersal
7296073374749	16	shufersal
7296073374756	16	shufersal
7296073374763	16	shufersal
7296073374770	16	shufersal
7296073374794	16	shufersal
7296073374824	16	shufersal
7296073374961	16	shufersal
7296073374978	16	shufersal
7296073374985	16	shufersal
7296073374992	16	shufersal
7296073375005	16	shufersal
7296073375012	16	shufersal
7296073375029	16	shufersal
7296073375036	16	shufersal
7296073375050	16	shufersal
7296073375067	16	shufersal
7296073375166	16	shufersal
7296073375234	16	shufersal
7296073375241	16	shufersal
7296073375258	16	shufersal
7296073375524	26	shufersal
7296073375548	26	shufersal
7296073375579	11	shufersal
7296073375586	11	shufersal
7296073375593	11	shufersal
7296073375609	11	shufersal
7296073375616	11	shufersal
7296073375623	11	shufersal
7296073375630	11	shufersal
7296073375647	11	shufersal
7296073375654	11	shufersal
7296073375661	11	shufersal
7296073375715	11	shufersal
7296073375722	11	shufersal
7296073376224	11	shufersal
7296073376248	11	shufersal
7296073376255	11	shufersal
7296073376262	11	shufersal
7296073379331	1	shufersal
7296073379348	1	shufersal
7296073379362	1	shufersal
7296073379379	1	shufersal
7296073379539	27	shufersal
7296073379560	5	shufersal
7296073381112	11	shufersal
7296073381426	15	shufersal
7296073381433	15	shufersal
7296073381440	15	shufersal
7296073381525	12	shufersal
7296073381693	10	shufersal
7296073381709	10	shufersal
7296073381747	10	shufersal
7296073382386	7	shufersal
7296073384434	5	shufersal
7296073386896	26	shufersal
7296073386964	5	shufersal
7296073387008	5	shufersal
7296073387053	2	shufersal
7296073389446	5	shufersal
7296073389453	5	shufersal
7296073389460	5	shufersal
7296073389477	5	shufersal
7296073390480	26	shufersal
7296073390596	26	shufersal
7296073390664	26	shufersal
7296073390695	26	shufersal
7296073394969	25	shufersal
7296073394983	25	shufersal
7296073395065	26	shufersal
7296073395553	20	shufersal
7296073396253	26	shufersal
7296073396840	17	shufersal
7296073397182	7	shufersal
7296073397380	19	shufersal
7296073397403	19	shufersal
7296073398325	19	shufersal
7296073398875	19	shufersal
7296073400097	19	shufersal
7296073400103	19	shufersal
7296073400110	19	shufersal
7296073400127	19	shufersal
7296073400172	19	shufersal
7296073400196	19	shufersal
7296073401391	26	shufersal
7296073401759	19	shufersal
7296073401889	23	shufersal
7296073403227	7	shufersal
7296073404156	5	shufersal
7296073404712	5	shufersal
7296073404729	5	shufersal
7296073405771	19	shufersal
7296073406501	25	shufersal
7296073406518	25	shufersal
7296073406525	25	shufersal
7296073409113	19	shufersal
7296073409120	19	shufersal
7296073409175	23	shufersal
7296073409212	23	shufersal
7296073409229	23	shufersal
7296073409250	23	shufersal
7296073409281	23	shufersal
7296073409298	23	shufersal
7296073409304	23	shufersal
7296073409311	23	shufersal
7296073409328	23	shufersal
7296073409342	23	shufersal
7296073409366	23	shufersal
7296073409380	23	shufersal
7296073409397	23	shufersal
7296073409410	23	shufersal
7296073409434	23	shufersal
7296073409458	23	shufersal
7296073409465	23	shufersal
7296073409489	23	shufersal
7296073409496	24	shufersal
7296073409502	23	shufersal
7296073409526	23	shufersal
7296073409557	23	shufersal
7296073409571	23	shufersal
7296073409588	23	shufersal
7296073409595	23	shufersal
7296073409601	23	shufersal
7296073409748	26	shufersal
7296073409762	26	shufersal
7296073409908	2	shufersal
7296073409922	2	shufersal
7296073409939	20	shufersal
7296073409991	20	shufersal
7296073410171	21	shufersal
7296073413257	1	shufersal
7296073414094	19	shufersal
7296073415756	1	shufersal
7296073416036	19	shufersal
7296073416548	26	shufersal
7296073416623	26	shufersal
7296073416647	26	shufersal
7296073416661	26	shufersal
7296073416678	26	shufersal
7296073416722	26	shufersal
7296073416760	26	shufersal
7296073416777	26	shufersal
7296073417262	19	shufersal
7296073417439	1	shufersal
7296073418900	19	shufersal
7296073420323	6	shufersal
7296073420330	6	shufersal
7296073421702	19	shufersal
7296073421719	19	shufersal
7296073422228	23	shufersal
7296073422235	23	shufersal
7296073422242	23	shufersal
7296073422259	23	shufersal
7296073422266	23	shufersal
7296073422273	23	shufersal
7296073422297	23	shufersal
7296073422303	23	shufersal
7296073422327	23	shufersal
7296073422358	26	shufersal
7296073422389	23	shufersal
7296073422396	23	shufersal
7296073422419	23	shufersal
7296073422617	1	shufersal
7296073422624	1	shufersal
7296073422655	1	shufersal
7296073422679	1	shufersal
7296073422693	1	shufersal
7296073422860	20	shufersal
7296073424376	1	shufersal
7296073424451	1	shufersal
7296073424581	19	shufersal
7296073426059	23	shufersal
7296073426592	5	shufersal
7296073426608	5	shufersal
7296073427315	17	shufersal
7296073428541	2	shufersal
7296073429593	26	shufersal
7296073429807	5	shufersal
7296073429814	5	shufersal
7296073429821	5	shufersal
7296073430261	26	shufersal
7296073430278	26	shufersal
7296073430285	26	shufersal
7296073430292	26	shufersal
7296073430308	26	shufersal
7296073430322	26	shufersal
7296073430377	20	shufersal
7296073430612	1	shufersal
7296073431817	19	shufersal
7296073431848	6	shufersal
7296073431855	6	shufersal
7296073431879	19	shufersal
7296073431893	19	shufersal
7296073431909	19	shufersal
7296073431916	19	shufersal
7296073431923	6	shufersal
7296073431947	6	shufersal
7296073439967	21	shufersal
7296073440215	23	shufersal
7296073440475	1	shufersal
7296073440482	1	shufersal
7296073440499	1	shufersal
7296073440505	1	shufersal
7296073440536	1	shufersal
7296073440543	1	shufersal
7296073440550	1	shufersal
7296073440567	1	shufersal
7296073440581	1	shufersal
7296073440635	1	shufersal
7296073440772	1	shufersal
7296073440802	1	shufersal
7296073440826	1	shufersal
7296073441335	7	shufersal
7296073442097	7	shufersal
7296073444626	26	shufersal
7296073445159	2	shufersal
7296073445166	2	shufersal
7296073447443	5	shufersal
7296073448068	26	shufersal
7296073448075	26	shufersal
7296073448143	19	shufersal
7296073448167	19	shufersal
7296073448174	19	shufersal
7296073448181	19	shufersal
7296073448204	19	shufersal
7296073448303	26	shufersal
7296073449089	7	shufersal
7296073449096	7	shufersal
7296073449102	7	shufersal
7296073450245	8	shufersal
7296073450269	8	shufersal
7296073450726	7	shufersal
7296073450740	7	shufersal
7296073451044	7	shufersal
7296073451280	15	shufersal
7296073451471	5	shufersal
7296073451488	5	shufersal
7296073451495	5	shufersal
7296073451501	5	shufersal
7296073451518	5	shufersal
7296073451570	5	shufersal
7296073451914	17	shufersal
7296073451921	17	shufersal
7296073451938	19	shufersal
7296073451945	19	shufersal
7296073451969	17	shufersal
7296073451976	17	shufersal
7296073451983	17	shufersal
7296073451990	17	shufersal
7296073452546	2	shufersal
7296073453093	3	shufersal
7296073453116	3	shufersal
7296073453123	3	shufersal
7296073453154	3	shufersal
7296073453222	3	shufersal
7296073453376	3	shufersal
7296073453444	16	shufersal
7296073453451	3	shufersal
7296073453468	16	shufersal
7296073453482	3	shufersal
7296073453505	3	shufersal
7296073453512	3	shufersal
7296073453529	3	shufersal
7296073453536	3	shufersal
7296073453543	3	shufersal
7296073453611	16	shufersal
7296073453628	16	shufersal
7296073453635	16	shufersal
7296073453642	3	shufersal
7296073453659	16	shufersal
7296073453673	3	shufersal
7296073453703	3	shufersal
7296073453727	16	shufersal
7296073453734	16	shufersal
7296073453758	6	shufersal
7296073453765	6	shufersal
7296073453772	6	shufersal
7296073453789	6	shufersal
7296073453796	6	shufersal
7296073453802	19	shufersal
7296073453819	19	shufersal
7296073453826	19	shufersal
7296073453833	19	shufersal
7296073453840	6	shufersal
7296073453857	6	shufersal
7296073453888	7	shufersal
7296073454014	4	shufersal
7296073454038	4	shufersal
7296073454045	4	shufersal
7296073454083	4	shufersal
7296073454106	4	shufersal
7296073454120	4	shufersal
7296073454144	4	shufersal
7296073454151	4	shufersal
7296073454182	4	shufersal
7296073454205	4	shufersal
7296073454212	4	shufersal
7296073454236	4	shufersal
7296073456278	1	shufersal
7296073457718	4	shufersal
7296073457961	21	shufersal
7296073459200	5	shufersal
7296073459217	5	shufersal
7296073459224	5	shufersal
7296073459231	5	shufersal
7296073459255	26	shufersal
7296073459668	25	shufersal
7296073459675	25	shufersal
7296073459682	24	shufersal
7296073459699	24	shufersal
7296073459705	24	shufersal
7296073459736	24	shufersal
7296073460381	14	shufersal
7296073460398	27	shufersal
7296073461364	26	shufersal
7296073461388	26	shufersal
7296073461654	26	shufersal
7296073461661	26	shufersal
7296073461685	26	shufersal
7296073461760	26	shufersal
7296073461777	26	shufersal
7296073461784	26	shufersal
7296073463184	21	shufersal
7296073463191	21	shufersal
7296073463382	23	shufersal
7296073463412	21	shufersal
7296073467564	21	shufersal
7296073467649	21	shufersal
7296073467762	21	shufersal
7296073468226	21	shufersal
7296073468684	21	shufersal
7296073469278	26	shufersal
7296073469360	21	shufersal
7296073469384	26	shufersal
7296073469391	26	shufersal
7296073469476	21	shufersal
7296073469551	26	shufersal
7296073469582	23	shufersal
7296073469599	23	shufersal
7296073469612	23	shufersal
7296073469742	23	shufersal
7296073469889	23	shufersal
7296073470441	25	shufersal
7296073470960	26	shufersal
7296073470991	26	shufersal
7296073471004	26	shufersal
7296073471011	26	shufersal
7296073471141	26	shufersal
7296073471158	26	shufersal
7296073471288	26	shufersal
7296073472797	5	shufersal
7296073472827	5	shufersal
7296073472841	5	shufersal
7296073472896	5	shufersal
7296073473466	10	shufersal
7296073473664	5	shufersal
7296073473671	5	shufersal
7296073473688	5	shufersal
7296073483182	26	shufersal
7296073483199	26	shufersal
7296073483786	21	shufersal
7296073483793	21	shufersal
7296073483809	21	shufersal
7296073483816	21	shufersal
7296073483823	21	shufersal
7296073483830	21	shufersal
7296073483847	21	shufersal
7296073483854	21	shufersal
7296073483885	21	shufersal
7296073483908	21	shufersal
7296073483922	26	shufersal
7296073483939	26	shufersal
7296073483946	26	shufersal
7296073484417	3	shufersal
7296073484431	10	shufersal
7296073485117	23	shufersal
7296073485124	23	shufersal
7296073485698	26	shufersal
7296073485704	26	shufersal
7296073485711	26	shufersal
7296073486152	23	shufersal
7296073486169	23	shufersal
7296073486183	25	shufersal
7296073486480	22	shufersal
7296073486503	22	shufersal
7296073486572	22	shufersal
7296073487739	20	shufersal
7296073487746	20	shufersal
7296073488026	20	shufersal
7296073488033	20	shufersal
7296073488040	20	shufersal
7296073488149	20	shufersal
7296073488156	20	shufersal
7296073488163	20	shufersal
7296073488392	20	shufersal
7296073491538	22	shufersal
7296073495840	1	shufersal
7296073496113	19	shufersal
7296073496380	11	shufersal
7296073496885	17	shufersal
7296073497189	19	shufersal
7296073497196	19	shufersal
7296073497219	19	shufersal
7296073497226	19	shufersal
7296073497639	19	shufersal
7296073497721	5	shufersal
7296073497738	5	shufersal
7296073497745	5	shufersal
7296073497813	10	shufersal
7296073515104	5	shufersal
7296073515128	5	shufersal
7296073515135	5	shufersal
7296073515234	1	shufersal
7296073515357	17	shufersal
7296073515722	1	shufersal
7296073516187	1	shufersal
7296073516194	1	shufersal
7296073519140	24	shufersal
7296073519157	23	shufersal
7296073519164	24	shufersal
7296073519171	23	shufersal
7296073519188	24	shufersal
7296073519195	24	shufersal
7296073519201	24	shufersal
7296073519218	24	shufersal
7296073519225	23	shufersal
7296073526674	19	shufersal
7296073526704	1	shufersal
7296073526919	15	shufersal
7296073526926	15	shufersal
7296073526957	11	shufersal
7296073527282	8	shufersal
7296073527299	8	shufersal
7296073527473	16	shufersal
7296073527497	16	shufersal
7296073528364	4	shufersal
7296073528371	4	shufersal
7296073528388	4	shufersal
7296073528395	19	shufersal
7296073528401	4	shufersal
7296073528531	11	shufersal
7296073528562	19	shufersal
7296073528890	6	shufersal
7296073529019	6	shufersal
7296073529026	6	shufersal
7296073529033	17	shufersal
7296073529040	17	shufersal
7296073529453	5	shufersal
7296073529835	26	shufersal
7296073529934	5	shufersal
7296073530343	5	shufersal
7296073530350	5	shufersal
7296073530374	5	shufersal
7296073530381	5	shufersal
7296073530398	5	shufersal
7296073530879	1	shufersal
7296073531074	3	shufersal
7296073531081	3	shufersal
7296073531098	3	shufersal
7296073531265	11	shufersal
7296073531272	11	shufersal
7296073531289	11	shufersal
7296073547136	26	shufersal
7296073547198	26	shufersal
7296073547211	26	shufersal
7296073547242	26	shufersal
7296073547266	26	shufersal
7296073547310	26	shufersal
7296073547464	26	shufersal
7296073547532	26	shufersal
7296073548492	20	shufersal
7296073548508	20	shufersal
7296073548935	20	shufersal
7296073548959	20	shufersal
7296073548973	20	shufersal
7296073548980	20	shufersal
7296073551232	25	shufersal
7296073551478	4	shufersal
7296073551485	4	shufersal
7296073551492	4	shufersal
7296073551508	4	shufersal
7296073551515	4	shufersal
7296073551522	4	shufersal
7296073551539	4	shufersal
7296073551546	4	shufersal
7296073551553	4	shufersal
7296073551591	4	shufersal
7296073551614	4	shufersal
7296073552420	4	shufersal
7296073552451	4	shufersal
7296073552598	5	shufersal
7296073552949	5	shufersal
7296073552956	19	shufersal
7296073553274	19	shufersal
7296073553281	19	shufersal
7296073553298	19	shufersal
7296073553304	5	shufersal
7296073563204	21	shufersal
7296073564010	26	shufersal
7296073564034	26	shufersal
7296073564058	26	shufersal
7296073564256	26	shufersal
7296073564560	17	shufersal
7296073565550	6	shufersal
7296073565567	6	shufersal
7296073566014	21	shufersal
7296073566045	21	shufersal
7296073566229	3	shufersal
7296073566236	3	shufersal
7296073566243	3	shufersal
7296073567899	6	shufersal
7296073567905	6	shufersal
7296073567912	19	shufersal
7296073568315	26	shufersal
7296073568575	24	shufersal
7296073575399	26	shufersal
7296073575405	26	shufersal
7296073575412	26	shufersal
7296073575429	26	shufersal
7296073575436	26	shufersal
7296073575443	26	shufersal
7296073575467	26	shufersal
7296073575474	26	shufersal
7296073575481	26	shufersal
7296073575498	26	shufersal
7296073575504	26	shufersal
7296073578666	1	shufersal
7296073578673	1	shufersal
7296073579083	7	shufersal
7296073579090	7	shufersal
7296073579571	1	shufersal
7296073579861	3	shufersal
7296073579878	3	shufersal
7296073580201	19	shufersal
7296073580492	1	shufersal
7296073580607	8	shufersal
7296073580614	8	shufersal
7296073580621	8	shufersal
7296073586616	26	shufersal
7296073587880	23	shufersal
7296073587910	23	shufersal
7296073587989	23	shufersal
7296073590927	1	shufersal
7296073591818	21	shufersal
7296073592341	1	shufersal
7296073592440	7	shufersal
7296073592471	6	shufersal
7296073592556	5	shufersal
7296073592969	11	shufersal
7296073592976	11	shufersal
7296073593157	3	shufersal
7296073593232	3	shufersal
7296073593270	3	shufersal
7296073593287	3	shufersal
7296073593294	3	shufersal
7296073593300	3	shufersal
7296073593317	3	shufersal
7296073593331	3	shufersal
7296073593348	3	shufersal
7296073593430	3	shufersal
7296073593683	3	shufersal
7296073593706	19	shufersal
7296073593744	3	shufersal
7296073593768	3	shufersal
7296073593775	3	shufersal
7296073593782	3	shufersal
7296073593799	3	shufersal
7296073593805	16	shufersal
7296073593812	16	shufersal
7296073593829	16	shufersal
7296073593836	16	shufersal
7296073593843	16	shufersal
7296073593850	16	shufersal
7296073593867	16	shufersal
7296073593874	16	shufersal
7296073593881	16	shufersal
7296073593898	16	shufersal
7296073593904	3	shufersal
7296073593911	3	shufersal
7296073593928	3	shufersal
7296073593980	1	shufersal
7296073594192	3	shufersal
7296073594208	3	shufersal
7296073594215	3	shufersal
7296073594222	3	shufersal
7296073594253	3	shufersal
7296073594260	3	shufersal
7296073594277	3	shufersal
7296073594284	3	shufersal
7296073594406	19	shufersal
7296073594550	3	shufersal
7296073594574	3	shufersal
7296073594611	3	shufersal
7296073594659	3	shufersal
7296073594666	3	shufersal
7296073594710	3	shufersal
7296073594765	3	shufersal
7296073594802	3	shufersal
7296073594819	3	shufersal
7296073595427	25	shufersal
7296073595465	20	shufersal
7296073596363	5	shufersal
7296073596387	5	shufersal
7296073596561	19	shufersal
7296073596578	19	shufersal
7296073596585	5	shufersal
7296073596592	5	shufersal
7296073596998	4	shufersal
7296073597001	4	shufersal
7296073597230	19	shufersal
7296073597247	19	shufersal
7296073600640	19	shufersal
7296073600862	1	shufersal
7296073608462	23	shufersal
7296073611097	26	shufersal
7296073611110	26	shufersal
7296073611134	24	shufersal
7296073611158	24	shufersal
7296073611189	24	shufersal
7296073611196	26	shufersal
7296073611219	26	shufersal
7296073612643	5	shufersal
7296073612704	17	shufersal
7296073612711	17	shufersal
7296073612728	19	shufersal
7296073612735	17	shufersal
7296073612742	17	shufersal
7296073612759	19	shufersal
7296073612766	17	shufersal
7296073613213	20	shufersal
7296073613299	20	shufersal
7296073613312	26	shufersal
7296073613329	26	shufersal
7296073613336	20	shufersal
7296073613343	26	shufersal
7296073613350	26	shufersal
7296073613367	26	shufersal
7296073613374	26	shufersal
7296073614081	23	shufersal
7296073614098	23	shufersal
7296073614104	23	shufersal
7296073614111	23	shufersal
7296073614128	23	shufersal
7296073614135	23	shufersal
7296073614203	26	shufersal
7296073614333	23	shufersal
7296073614531	26	shufersal
7296073614548	26	shufersal
7296073617044	26	shufersal
7296073617051	24	shufersal
7296073617068	24	shufersal
7296073617075	24	shufersal
7296073617129	24	shufersal
7296073617174	24	shufersal
7296073617198	24	shufersal
7296073617204	24	shufersal
7296073617235	24	shufersal
7296073617242	24	shufersal
7296073617259	24	shufersal
7296073617549	20	shufersal
7296073618676	22	shufersal
7296073619611	26	shufersal
7296073619635	26	shufersal
7296073619642	26	shufersal
7296073619659	26	shufersal
7296073619666	26	shufersal
7296073619673	26	shufersal
7296073619680	26	shufersal
7296073619697	26	shufersal
7296073619963	20	shufersal
7296073619970	20	shufersal
7296073619987	20	shufersal
7296073619994	20	shufersal
7296073620006	20	shufersal
7296073621539	8	shufersal
7296073621546	8	shufersal
7296073621744	20	shufersal
7296073621751	20	shufersal
7296073621768	20	shufersal
7296073621775	20	shufersal
7296073621782	20	shufersal
7296073621799	20	shufersal
7296073621805	20	shufersal
7296073621812	20	shufersal
7296073621829	20	shufersal
7296073621836	20	shufersal
7296073622017	20	shufersal
7296073622024	20	shufersal
7296073622031	20	shufersal
7296073622048	20	shufersal
7296073622055	20	shufersal
7296073622062	20	shufersal
7296073622079	20	shufersal
7296073622086	20	shufersal
7296073622093	20	shufersal
7296073622109	20	shufersal
7296073622116	20	shufersal
7296073622123	20	shufersal
7296073622130	20	shufersal
7296073622154	20	shufersal
7296073622161	20	shufersal
7296073622185	20	shufersal
7296073622192	20	shufersal
7296073622208	20	shufersal
7296073622215	20	shufersal
7296073622239	20	shufersal
7296073622291	20	shufersal
7296073622307	20	shufersal
7296073622338	20	shufersal
7296073623939	19	shufersal
7296073625148	26	shufersal
7296073625162	26	shufersal
7296073625179	26	shufersal
7296073625278	20	shufersal
7296073625292	20	shufersal
7296073626022	26	shufersal
7296073626091	20	shufersal
7296073626541	20	shufersal
7296073626596	22	shufersal
7296073626640	3	shufersal
7296073626657	3	shufersal
7296073626664	16	shufersal
7296073626695	16	shufersal
7296073626701	10	shufersal
7296073626718	10	shufersal
7296073626831	20	shufersal
7296073627715	23	shufersal
7296073627791	26	shufersal
7296073627852	20	shufersal
7296073627937	23	shufersal
7296073627968	23	shufersal
7296073628149	26	shufersal
7296073628156	26	shufersal
7296073628163	26	shufersal
7296073628170	26	shufersal
7296073628187	26	shufersal
7296073628194	26	shufersal
7296073628637	23	shufersal
7296073628682	23	shufersal
7296073628996	26	shufersal
7296073629146	5	shufersal
7296073629153	5	shufersal
7296073629269	19	shufersal
7296073629733	17	shufersal
7296073629740	17	shufersal
7296073629757	17	shufersal
7296073629764	17	shufersal
7296073629771	17	shufersal
7296073629788	17	shufersal
7296073629795	17	shufersal
7296073629801	17	shufersal
7296073629818	17	shufersal
7296073630005	2	shufersal
7296073630425	20	shufersal
7296073630890	5	shufersal
7296073630906	5	shufersal
7296073630913	5	shufersal
7296073636052	25	shufersal
7296073636083	8	shufersal
7296073636410	26	shufersal
7296073636557	23	shufersal
7296073636571	23	shufersal
7296073636595	23	shufersal
7296073636601	23	shufersal
7296073636670	21	shufersal
7296073636694	21	shufersal
7296073636731	21	shufersal
7296073636779	21	shufersal
7296073636847	23	shufersal
7296073636861	23	shufersal
7296073636885	21	shufersal
7296073636946	23	shufersal
7296073637172	23	shufersal
7296073637974	20	shufersal
7296073638001	20	shufersal
7296073638025	20	shufersal
7296073638049	20	shufersal
7296073638056	20	shufersal
7296073638063	20	shufersal
7296073638070	20	shufersal
7296073638087	20	shufersal
7296073638094	20	shufersal
7296073639596	21	shufersal
7296073640622	23	shufersal
7296073641315	10	shufersal
7296073641322	10	shufersal
7296073641339	10	shufersal
7296073641551	17	shufersal
7296073641568	17	shufersal
7296073641575	17	shufersal
7296073641582	17	shufersal
7296073641599	17	shufersal
7296073641605	17	shufersal
7296073641612	17	shufersal
7296073641803	11	shufersal
7296073641902	3	shufersal
7296073641919	3	shufersal
7296073641940	3	shufersal
7296073641957	3	shufersal
7296073641964	3	shufersal
7296073642008	5	shufersal
7296073642022	5	shufersal
7296073643470	20	shufersal
7296073644637	21	shufersal
7296073644668	7	shufersal
7296073644675	7	shufersal
7296073644682	7	shufersal
7296073644880	19	shufersal
7296073644972	3	shufersal
7296073644989	3	shufersal
7296073644996	3	shufersal
7296073645092	20	shufersal
7296073645160	21	shufersal
7296073645191	22	shufersal
7296073645313	21	shufersal
7296073645399	20	shufersal
7296073645542	20	shufersal
7296073645610	20	shufersal
7296073645719	26	shufersal
7296073645726	26	shufersal
7296073645733	26	shufersal
7296073645740	26	shufersal
7296073645757	26	shufersal
7296073645764	26	shufersal
7296073645795	26	shufersal
7296073645825	26	shufersal
7296073645900	26	shufersal
7296073646198	26	shufersal
7296073646204	26	shufersal
7296073646242	20	shufersal
7296073646495	26	shufersal
7296073646501	26	shufersal
7296073646518	26	shufersal
7296073646792	26	shufersal
7296073646808	26	shufersal
7296073646907	1	shufersal
7296073646938	26	shufersal
7296073646945	26	shufersal
7296073646952	26	shufersal
7296073646969	26	shufersal
7296073646976	26	shufersal
7296073646983	26	shufersal
7296073647027	20	shufersal
7296073647065	20	shufersal
7296073647089	20	shufersal
7296073647119	20	shufersal
7296073649472	26	shufersal
7296073650065	20	shufersal
7296073651017	26	shufersal
7296073652052	20	shufersal
7296073652779	20	shufersal
7296073652793	20	shufersal
7296073652816	20	shufersal
7296073652823	20	shufersal
7296073652861	20	shufersal
7296073652984	20	shufersal
7296073652991	20	shufersal
7296073653004	20	shufersal
7296073653011	20	shufersal
7296073653042	20	shufersal
7296073653059	20	shufersal
7296073653073	20	shufersal
7296073653080	20	shufersal
7296073653103	20	shufersal
7296073653141	20	shufersal
7296073653158	20	shufersal
7296073653172	20	shufersal
7296073653684	20	shufersal
7296073654063	21	shufersal
7296073655800	23	shufersal
7296073657477	23	shufersal
7296073657620	26	shufersal
7296073657682	26	shufersal
7296073657743	10	shufersal
7296073657965	25	shufersal
7296073658108	26	shufersal
7296073658221	19	shufersal
7296073658238	19	shufersal
7296073658269	19	shufersal
7296073658290	19	shufersal
7296073658320	19	shufersal
7296073658337	19	shufersal
7296073658344	19	shufersal
7296073658351	19	shufersal
7296073658368	19	shufersal
7296073658375	19	shufersal
7296073658382	19	shufersal
7296073658443	19	shufersal
7296073658450	19	shufersal
7296073658467	19	shufersal
7296073658528	19	shufersal
7296073658542	19	shufersal
7296073658566	19	shufersal
7296073658603	19	shufersal
7296073658610	19	shufersal
7296073658627	19	shufersal
7296073658719	19	shufersal
7296073658788	19	shufersal
7296073659549	7	shufersal
7296073659587	7	shufersal
7296073659594	7	shufersal
7296073659662	20	shufersal
7296073659945	19	shufersal
7296073659952	19	shufersal
7296073659969	19	shufersal
7296073659976	19	shufersal
7296073660088	20	shufersal
7296073660996	20	shufersal
7296073661030	20	shufersal
7296073661054	20	shufersal
7296073661214	25	shufersal
7296073661221	25	shufersal
7296073661351	23	shufersal
7296073661368	23	shufersal
7296073661641	25	shufersal
7296073661726	7	shufersal
7296073661733	7	shufersal
7296073661795	5	shufersal
7296073661818	7	shufersal
7296073661825	7	shufersal
7296073661931	17	shufersal
7296073662051	25	shufersal
7296073663133	25	shufersal
7296073663263	19	shufersal
7296073663645	15	shufersal
7296073663768	7	shufersal
7296073663775	7	shufersal
7296073664437	20	shufersal
7296073664444	20	shufersal
7296073666103	20	shufersal
7296073666127	20	shufersal
7296073666172	26	shufersal
7296073666943	24	shufersal
7296073666998	20	shufersal
7296073667049	24	shufersal
7296073667216	20	shufersal
7296073667254	20	shufersal
7296073667261	20	shufersal
7296073668534	20	shufersal
7296073669180	26	shufersal
7296073669234	26	shufersal
7296073669265	20	shufersal
7296073669418	22	shufersal
7296073669432	20	shufersal
7296073669456	20	shufersal
7296073669463	20	shufersal
7296073669616	26	shufersal
7296073669838	24	shufersal
7296073669845	24	shufersal
7296073669852	24	shufersal
7296073669869	24	shufersal
7296073669876	26	shufersal
7296073669883	24	shufersal
7296073669906	24	shufersal
7296073669920	24	shufersal
7296073669937	26	shufersal
7296073669968	26	shufersal
7296073669982	24	shufersal
7296073669999	24	shufersal
7296073670001	24	shufersal
7296073670018	24	shufersal
7296073670025	24	shufersal
7296073670032	24	shufersal
7296073670049	24	shufersal
7296073670070	24	shufersal
7296073670087	24	shufersal
7296073670094	24	shufersal
7296073670100	24	shufersal
7296073670117	24	shufersal
7296073670124	24	shufersal
7296073670131	24	shufersal
7296073670155	24	shufersal
7296073670186	24	shufersal
7296073670223	24	shufersal
7296073670247	24	shufersal
7296073670278	24	shufersal
7296073670308	8	shufersal
7296073670315	8	shufersal
7296073670322	8	shufersal
7296073670339	8	shufersal
7296073670346	20	shufersal
7296073670353	20	shufersal
7296073670735	20	shufersal
7296073670759	25	shufersal
7296073671145	24	shufersal
7296073671152	24	shufersal
7296073671169	24	shufersal
7296073671176	24	shufersal
7296073671251	26	shufersal
7296073671275	20	shufersal
7296073671312	20	shufersal
7296073671343	20	shufersal
7296073671350	20	shufersal
7296073671398	20	shufersal
7296073671404	20	shufersal
7296073673132	20	shufersal
7296073673255	23	shufersal
7296073673552	26	shufersal
7296073675006	25	shufersal
7296073675167	19	shufersal
7296073675174	19	shufersal
7296073675181	19	shufersal
7296073676102	5	shufersal
7296073677215	19	shufersal
7296073677598	7	shufersal
7296073677758	26	shufersal
7296073677765	5	shufersal
7296073677772	5	shufersal
7296073677789	5	shufersal
7296073677925	19	shufersal
7296073677932	19	shufersal
7296073678700	22	shufersal
7296073679165	22	shufersal
7296073679257	20	shufersal
7296073679271	20	shufersal
7296073679349	20	shufersal
7296073679448	26	shufersal
7296073679479	26	shufersal
7296073679615	21	shufersal
7296073680406	26	shufersal
7296073680413	26	shufersal
7296073680420	26	shufersal
7296073680437	26	shufersal
7296073680444	26	shufersal
7296073681601	21	shufersal
7296073683551	25	shufersal
7296073683612	25	shufersal
7296073683636	25	shufersal
7296073683643	25	shufersal
7296073683674	25	shufersal
7296073684183	24	shufersal
7296073684190	24	shufersal
7296073684213	24	shufersal
7296073684220	24	shufersal
7296073684244	24	shufersal
7296073684343	23	shufersal
7296073684350	23	shufersal
7296073684367	23	shufersal
7296073684374	23	shufersal
7296073684381	23	shufersal
7296073684411	23	shufersal
7296073684428	23	shufersal
7296073684947	24	shufersal
7296073684961	24	shufersal
7296073684992	24	shufersal
7296073685012	24	shufersal
7296073685043	24	shufersal
7296073685050	24	shufersal
7296073685074	24	shufersal
7296073685104	24	shufersal
7296073685111	24	shufersal
7296073685135	24	shufersal
7296073685302	26	shufersal
7296073685340	26	shufersal
7296073685418	19	shufersal
7296073685432	19	shufersal
7296073686408	25	shufersal
7296073686460	26	shufersal
7296073686606	20	shufersal
7296073686682	26	shufersal
7296073687290	25	shufersal
7296073688136	20	shufersal
7296073688143	20	shufersal
7296073688877	24	shufersal
7296073688891	24	shufersal
7296073688907	24	shufersal
7296073688914	24	shufersal
7296073688921	24	shufersal
7296073688945	24	shufersal
7296073689027	19	shufersal
7296073689362	20	shufersal
7296073689409	26	shufersal
7296073689416	26	shufersal
7296073689447	20	shufersal
7296073689454	19	shufersal
7296073689461	20	shufersal
7296073689768	25	shufersal
7296073690658	20	shufersal
7296073690672	21	shufersal
7296073690689	21	shufersal
7296073690702	26	shufersal
7296073690726	25	shufersal
7296073691068	20	shufersal
7296073691167	20	shufersal
7296073691174	20	shufersal
7296073691198	20	shufersal
7296073691235	20	shufersal
7296073691242	26	shufersal
7296073691259	25	shufersal
7296073691372	2	shufersal
7296073691747	19	shufersal
7296073691754	19	shufersal
7296073691761	19	shufersal
7296073691778	19	shufersal
7296073691785	19	shufersal
7296073691792	19	shufersal
7296073692621	2	shufersal
7296073692638	2	shufersal
7296073692683	25	shufersal
7296073692805	19	shufersal
7296073692812	19	shufersal
7296073692829	19	shufersal
7296073692836	19	shufersal
7296073692843	19	shufersal
7296073692850	19	shufersal
7296073692867	19	shufersal
7296073692874	19	shufersal
7296073692881	19	shufersal
7296073692942	19	shufersal
7296073692959	26	shufersal
7296073693055	26	shufersal
7296073693086	26	shufersal
7296073693093	26	shufersal
7296073693109	26	shufersal
7296073693116	26	shufersal
7296073693284	5	shufersal
7296073693390	2	shufersal
7296073693406	2	shufersal
7296073693772	23	shufersal
7296073693789	23	shufersal
7296073693796	23	shufersal
7296073693802	23	shufersal
7296073693819	23	shufersal
7296073693826	23	shufersal
7296073693833	23	shufersal
7296073693840	23	shufersal
7296073693857	23	shufersal
7296073694229	23	shufersal
7296073694236	23	shufersal
7296073694250	23	shufersal
7296073694267	23	shufersal
7296073695158	21	shufersal
7296073696070	20	shufersal
7296073696353	26	shufersal
7296073696360	26	shufersal
7296073696384	26	shufersal
7296073696391	26	shufersal
7296073696407	26	shufersal
7296073696421	26	shufersal
7296073696445	26	shufersal
7296073696452	26	shufersal
7296073697633	20	shufersal
7296073698005	20	shufersal
7296073698227	20	shufersal
7296073699125	24	shufersal
7296073699132	26	shufersal
7296073699392	20	shufersal
7296073699408	20	shufersal
7296073699415	20	shufersal
7296073699422	20	shufersal
7296073699705	20	shufersal
7296073699910	26	shufersal
7296073699927	26	shufersal
7296073699934	26	shufersal
7296073699941	26	shufersal
7296073700043	20	shufersal
7296073700081	20	shufersal
7296073700098	20	shufersal
7296073700166	20	shufersal
7296073700173	26	shufersal
7296073700234	26	shufersal
7296073700494	20	shufersal
7296073700531	20	shufersal
7296073700807	20	shufersal
7296073702849	26	shufersal
7296073702856	26	shufersal
7296073702863	26	shufersal
7296073702870	26	shufersal
7296073702887	26	shufersal
7296073702894	26	shufersal
7296073703785	5	shufersal
7296073703792	5	shufersal
7296073705109	2	shufersal
7296073705116	2	shufersal
7296073705123	5	shufersal
7296073705147	5	shufersal
7296073705154	2	shufersal
7296073705161	2	shufersal
7296073705178	2	shufersal
7296073705185	2	shufersal
7296073705192	2	shufersal
7296073705208	2	shufersal
7296073705246	2	shufersal
7296073705253	5	shufersal
7296073705260	5	shufersal
7296073705277	17	shufersal
7296073705291	5	shufersal
7296073705437	5	shufersal
7296073705505	19	shufersal
7296073705512	2	shufersal
7296073705819	1	shufersal
7296073705826	1	shufersal
7296073705840	1	shufersal
7296073705857	7	shufersal
7296073705871	1	shufersal
7296073705888	1	shufersal
7296073705895	1	shufersal
7296073705901	1	shufersal
7296073705918	1	shufersal
7296073705925	1	shufersal
7296073705932	1	shufersal
7296073705949	1	shufersal
7296073705956	1	shufersal
7296073705963	1	shufersal
7296073705970	1	shufersal
7296073705987	7	shufersal
7296073705994	7	shufersal
7296073706007	1	shufersal
7296073706014	7	shufersal
7296073706021	7	shufersal
7296073706038	7	shufersal
7296073706045	7	shufersal
7296073706052	1	shufersal
7296073706069	7	shufersal
7296073706090	7	shufersal
7296073706106	1	shufersal
7296073706113	1	shufersal
7296073706120	7	shufersal
7296073706137	1	shufersal
7296073706144	1	shufersal
7296073706151	1	shufersal
7296073706168	1	shufersal
7296073706175	1	shufersal
7296073706182	1	shufersal
7296073706199	1	shufersal
7296073706212	1	shufersal
7296073706229	1	shufersal
7296073706236	1	shufersal
7296073706243	1	shufersal
7296073706250	1	shufersal
7296073706267	1	shufersal
7296073706274	1	shufersal
7296073706281	1	shufersal
7296073706298	1	shufersal
7296073706304	1	shufersal
7296073706311	1	shufersal
7296073706328	1	shufersal
7296073706335	1	shufersal
7296073706342	1	shufersal
7296073706359	1	shufersal
7296073706458	19	shufersal
7296073706472	5	shufersal
7296073706496	5	shufersal
7296073706502	5	shufersal
7296073706519	5	shufersal
7296073706762	5	shufersal
7296073706779	5	shufersal
7296073706786	5	shufersal
7296073706793	5	shufersal
7296073706809	5	shufersal
7296073706892	5	shufersal
7296073706953	25	shufersal
7296073706977	3	shufersal
7296073707042	3	shufersal
7296073707059	3	shufersal
7296073707066	3	shufersal
7296073707073	3	shufersal
7296073707097	25	shufersal
7296073707301	5	shufersal
7296073707325	19	shufersal
7296073707332	19	shufersal
7296073707349	19	shufersal
7296073707356	19	shufersal
7296073707431	17	shufersal
7296073707448	17	shufersal
7296073707455	17	shufersal
7296073707462	17	shufersal
7296073707479	17	shufersal
7296073707493	26	shufersal
7296073707509	8	shufersal
7296073707516	8	shufersal
7296073707523	8	shufersal
7296073707530	8	shufersal
7296073707547	8	shufersal
7296073707554	8	shufersal
7296073707561	8	shufersal
7296073707578	8	shufersal
7296073707653	26	shufersal
7296073707660	26	shufersal
7296073707677	26	shufersal
7296073707684	26	shufersal
7296073707691	26	shufersal
7296073707707	7	shufersal
7296073707790	7	shufersal
7296073707899	5	shufersal
7296073708308	17	shufersal
7296073708315	17	shufersal
7296073709480	20	shufersal
7296073713487	21	shufersal
7296073713517	19	shufersal
7296073714163	20	shufersal
7296073714170	20	shufersal
7296073714194	20	shufersal
7296073714248	21	shufersal
7296073714262	23	shufersal
7296073714279	23	shufersal
7296073714293	21	shufersal
7296073714309	23	shufersal
7296073714392	25	shufersal
7296073714408	25	shufersal
7296073714415	25	shufersal
7296073714491	21	shufersal
7296073714675	26	shufersal
7296073714798	23	shufersal
7296073714989	20	shufersal
7296073715016	20	shufersal
7296073715030	20	shufersal
7296073715061	20	shufersal
7296073715429	20	shufersal
7296073715436	20	shufersal
7296073715443	20	shufersal
7296073715450	20	shufersal
7296073715467	20	shufersal
7296073715474	20	shufersal
7296073715481	20	shufersal
7296073715498	20	shufersal
7296073715504	20	shufersal
7296073715511	20	shufersal
7296073715528	20	shufersal
7296073715573	25	shufersal
7296073715580	25	shufersal
7296073715597	25	shufersal
7296073715603	25	shufersal
7296073715610	25	shufersal
7296073715627	25	shufersal
7296073715658	25	shufersal
7296073715665	25	shufersal
7296073715672	25	shufersal
7296073715696	25	shufersal
7296073715702	25	shufersal
7296073715726	25	shufersal
7296073715740	25	shufersal
7296073715771	25	shufersal
7296073715788	25	shufersal
7296073715795	25	shufersal
7296073715955	26	shufersal
7296073715986	26	shufersal
7296073716051	20	shufersal
7296073717737	20	shufersal
7296073719380	3	shufersal
7296073719533	1	shufersal
7296073719618	1	shufersal
7296073719731	3	shufersal
7296073719748	3	shufersal
7296073719762	3	shufersal
7296073719779	3	shufersal
7296073719786	3	shufersal
7296073719793	3	shufersal
7296073719809	3	shufersal
7296073719816	3	shufersal
7296073720645	5	shufersal
7296073720652	26	shufersal
7296073720669	5	shufersal
7296073720676	26	shufersal
7296073720683	5	shufersal
7296073720690	5	shufersal
7296073720706	26	shufersal
7296073720713	5	shufersal
7296073720737	26	shufersal
7296073720744	26	shufersal
7296073720751	26	shufersal
7296073720768	26	shufersal
7296073720775	26	shufersal
7296073720782	26	shufersal
7296073721116	26	shufersal
7296073721123	26	shufersal
7296073721130	26	shufersal
7296073721512	17	shufersal
7296073721529	17	shufersal
7296073722038	26	shufersal
7296073722052	26	shufersal
7296073722069	26	shufersal
7296073722168	19	shufersal
7296073722175	19	shufersal
7296073722182	19	shufersal
7296073722199	19	shufersal
7296073722205	19	shufersal
7296073722212	19	shufersal
7296073722229	19	shufersal
7296073722236	19	shufersal
7296073722243	19	shufersal
7296073722250	19	shufersal
7296073722267	19	shufersal
7296073722274	19	shufersal
7296073722281	19	shufersal
7296073722298	19	shufersal
7296073722342	19	shufersal
7296073722359	19	shufersal
7296073722366	19	shufersal
7296073722441	3	shufersal
7296073722458	3	shufersal
7296073722496	19	shufersal
7296073722502	19	shufersal
7296073722519	19	shufersal
7296073722526	19	shufersal
7296073722533	19	shufersal
7296073722557	15	shufersal
7296073722564	15	shufersal
7296073722571	15	shufersal
7296073722588	15	shufersal
7296073722595	15	shufersal
7296073722601	15	shufersal
7296073722618	15	shufersal
7296073722625	15	shufersal
7296073722632	15	shufersal
7296073722649	15	shufersal
7296073722656	15	shufersal
7296073722663	15	shufersal
7296073722670	15	shufersal
7296073722687	15	shufersal
7296073722694	15	shufersal
7296073722700	15	shufersal
7296073722717	19	shufersal
7296073722724	19	shufersal
7296073722731	19	shufersal
7296073722748	19	shufersal
7296073722816	7	shufersal
7296073722861	7	shufersal
7296073722878	7	shufersal
7296073722885	7	shufersal
7296073722892	7	shufersal
7296073722915	7	shufersal
7296073722939	7	shufersal
7296073722953	19	shufersal
7296073722960	20	shufersal
7296073722977	19	shufersal
7296073723004	20	shufersal
7296073723042	26	shufersal
7296073723059	26	shufersal
7296073723066	26	shufersal
7296073723073	26	shufersal
7296073723080	20	shufersal
7296073723097	22	shufersal
7296073723127	11	shufersal
7296073723134	11	shufersal
7296073723240	7	shufersal
7296073723257	7	shufersal
7296073723264	7	shufersal
7296073723271	7	shufersal
7296073723288	7	shufersal
7296073723356	5	shufersal
7296073723400	5	shufersal
7296073723417	5	shufersal
7296073723509	5	shufersal
7296073723561	19	shufersal
7296073723578	19	shufersal
7296073723585	19	shufersal
7296073723592	19	shufersal
7296073723608	19	shufersal
7296073723615	19	shufersal
7296073723622	19	shufersal
7296073723660	3	shufersal
7296073723691	19	shufersal
7296073723707	19	shufersal
7296073723714	19	shufersal
7296073723721	19	shufersal
7296073723745	19	shufersal
7296073723752	19	shufersal
7296073723769	19	shufersal
7296073723776	19	shufersal
7296073723783	19	shufersal
7296073723790	19	shufersal
7296073723806	19	shufersal
7296073723813	19	shufersal
7296073723820	19	shufersal
7296073723837	19	shufersal
7296073723844	19	shufersal
7296073723851	19	shufersal
7296073723868	19	shufersal
7296073723875	19	shufersal
7296073723882	19	shufersal
7296073723899	19	shufersal
7296073723905	19	shufersal
7296073723912	19	shufersal
7296073723929	19	shufersal
7296073723936	19	shufersal
7296073723943	19	shufersal
7296073723950	19	shufersal
7296073723967	19	shufersal
7296073723998	19	shufersal
7296073724001	19	shufersal
7296073724018	19	shufersal
7296073724025	19	shufersal
7296073724032	19	shufersal
7296073724049	19	shufersal
7296073724056	19	shufersal
7296073724070	19	shufersal
7296073724094	19	shufersal
7296073724100	19	shufersal
7296073724117	19	shufersal
7296073724124	19	shufersal
7296073724131	19	shufersal
7296073724148	5	shufersal
7296073724414	26	shufersal
7296073724506	5	shufersal
7296073724537	5	shufersal
7296073724544	5	shufersal
7296073724650	19	shufersal
7296073724667	19	shufersal
7296073724681	20	shufersal
7296073724728	10	shufersal
7296073724773	26	shufersal
7296073724803	8	shufersal
7296073724841	8	shufersal
7296073724858	8	shufersal
7296073724865	8	shufersal
7296073724872	8	shufersal
7296073724957	26	shufersal
7296073724971	17	shufersal
7296073724995	3	shufersal
7296073725008	3	shufersal
7296073725015	3	shufersal
7296073725275	7	shufersal
7296073725367	17	shufersal
7296073725374	17	shufersal
7296073725381	4	shufersal
7296073725398	4	shufersal
7296073725404	4	shufersal
7296073725411	17	shufersal
7296073725428	17	shufersal
7296073725435	17	shufersal
7296073725442	17	shufersal
7296073725459	17	shufersal
7296073725466	17	shufersal
7296073725473	17	shufersal
7296073725480	17	shufersal
7296073725497	17	shufersal
7296073725503	17	shufersal
7296073725510	17	shufersal
7296073725527	17	shufersal
7296073725534	17	shufersal
7296073725541	17	shufersal
7296073725558	17	shufersal
7296073725565	4	shufersal
7296073725589	4	shufersal
7296073725596	17	shufersal
7296073725619	17	shufersal
7296073725633	17	shufersal
7296073725640	17	shufersal
7296073725657	17	shufersal
7296073725671	26	shufersal
7296073725923	5	shufersal
7296073725930	5	shufersal
7296073725947	5	shufersal
7296073725954	5	shufersal
7296073726111	19	shufersal
7296073726128	19	shufersal
7296073726166	26	shufersal
7296073726173	26	shufersal
7296073726180	26	shufersal
7296073726197	26	shufersal
7296073726227	25	shufersal
7296073726272	5	shufersal
7296073726296	5	shufersal
7296073726302	19	shufersal
7296073726319	19	shufersal
7296073726326	5	shufersal
7296073726333	5	shufersal
7296073726340	5	shufersal
7296073726388	3	shufersal
7296073726395	3	shufersal
7296073726401	3	shufersal
7296073726418	3	shufersal
7296073726425	3	shufersal
7296073726432	3	shufersal
7296073726449	3	shufersal
7296073726456	26	shufersal
7296073726494	15	shufersal
7296073726500	15	shufersal
7296073726517	15	shufersal
7296073726524	15	shufersal
7296073726562	10	shufersal
7296073726593	10	shufersal
7296073727590	3	shufersal
7296073727842	4	shufersal
7296073727859	4	shufersal
7296073727866	4	shufersal
7296073727873	4	shufersal
7296073727903	4	shufersal
7296073727941	17	shufersal
7296073727958	4	shufersal
7296073727965	4	shufersal
7296073727972	26	shufersal
7296073727989	26	shufersal
7296073727996	26	shufersal
7296073728009	26	shufersal
7296073728016	26	shufersal
7296073728023	26	shufersal
7296073728283	3	shufersal
7296073728306	3	shufersal
7296073728313	19	shufersal
7296073728665	2	shufersal
7296073728672	2	shufersal
7296073728689	2	shufersal
7296073728696	2	shufersal
7296073728702	2	shufersal
7296073728726	3	shufersal
7296073728733	4	shufersal
7296073728788	20	shufersal
7296073728795	5	shufersal
7296073728801	5	shufersal
7296073728818	5	shufersal
7296073728825	5	shufersal
7296073728832	5	shufersal
7296073728849	5	shufersal
7296073728856	5	shufersal
7296073728863	5	shufersal
7296073728870	5	shufersal
7296073728887	5	shufersal
7296073728894	5	shufersal
7296073728900	5	shufersal
7296073728917	5	shufersal
7296073728924	5	shufersal
7296073728931	5	shufersal
7296073728948	5	shufersal
7296073728955	5	shufersal
7296073728962	5	shufersal
7296073728979	5	shufersal
7296073728986	5	shufersal
7296073728993	5	shufersal
7296073729006	5	shufersal
7296073729112	5	shufersal
7296073729129	5	shufersal
7296073729143	5	shufersal
7296073729303	3	shufersal
7296073729501	7	shufersal
7296073729617	3	shufersal
7296073729624	3	shufersal
7296073729631	3	shufersal
7296073729662	20	shufersal
7296073729679	26	shufersal
7296073729983	1	shufersal
7296073730002	19	shufersal
7296073730019	26	shufersal
7296073730026	26	shufersal
7296073730033	26	shufersal
7296073730040	26	shufersal
7296073730064	26	shufersal
7296073730071	26	shufersal
7296073730088	26	shufersal
7296073730095	26	shufersal
7296073730125	26	shufersal
7296073730194	15	shufersal
7296073730200	15	shufersal
7296073730217	12	shufersal
7296073730231	7	shufersal
7296073730248	7	shufersal
7296073730255	26	shufersal
7296073730262	26	shufersal
7296073730286	26	shufersal
7296073730293	26	shufersal
7296073730309	26	shufersal
7296073730323	26	shufersal
7296073730354	26	shufersal
7296073730385	26	shufersal
7296073730392	26	shufersal
7296073730415	26	shufersal
7296073730422	26	shufersal
7296073730439	26	shufersal
7296073730446	26	shufersal
7296073730453	26	shufersal
7296073730460	26	shufersal
7296073730477	26	shufersal
7296073730484	26	shufersal
7296073730507	26	shufersal
7296073730514	26	shufersal
7296073730521	26	shufersal
7296073730569	26	shufersal
7296073730644	25	shufersal
7296073730651	25	shufersal
7296073730750	19	shufersal
7296073730767	2	shufersal
7296073730774	2	shufersal
7296073730781	2	shufersal
7296073730798	2	shufersal
7296073730804	2	shufersal
7296073730811	2	shufersal
7296073730828	2	shufersal
7296073730835	2	shufersal
7296073730842	1	shufersal
7296073730859	1	shufersal
7296073730866	1	shufersal
7296073730873	1	shufersal
7296073730880	1	shufersal
7296073730965	5	shufersal
7296073730972	5	shufersal
7296073730989	26	shufersal
7296073731115	8	shufersal
7296073731122	8	shufersal
7296073731146	8	shufersal
7296073731153	8	shufersal
7296073731160	8	shufersal
7296073731177	8	shufersal
7296073731184	8	shufersal
7296073731191	8	shufersal
7296073731207	8	shufersal
7296073731214	8	shufersal
7296073731221	8	shufersal
7296073731238	8	shufersal
7296073731245	8	shufersal
7296073731306	26	shufersal
7296073731313	26	shufersal
7296073731320	26	shufersal
7296073731337	26	shufersal
7296073731344	26	shufersal
7296073731351	26	shufersal
7296073731368	26	shufersal
7296073731375	26	shufersal
7296073731382	26	shufersal
7296073731399	26	shufersal
7296073731405	26	shufersal
7296073731412	26	shufersal
7296073731429	26	shufersal
7296073731436	3	shufersal
7296073731443	3	shufersal
7296073731450	3	shufersal
7296073731498	19	shufersal
7296073731504	5	shufersal
7296073731566	5	shufersal
7296073731573	5	shufersal
7296073731580	26	shufersal
7296073731634	7	shufersal
7296073731641	7	shufersal
7296073731665	5	shufersal
7296073731696	17	shufersal
7296073731702	19	shufersal
7296073731719	19	shufersal
7296073731726	19	shufersal
7296073731733	19	shufersal
7296073731740	19	shufersal
7296073731757	19	shufersal
7296073731764	19	shufersal
7296073731771	19	shufersal
7296073731788	19	shufersal
7296073731795	19	shufersal
7296073731801	19	shufersal
7296073731818	19	shufersal
7296073731825	19	shufersal
7296073731832	17	shufersal
7296073731849	17	shufersal
7296073731856	17	shufersal
7296073731863	17	shufersal
7296073731870	3	shufersal
7296073731887	3	shufersal
7296073731894	17	shufersal
7296073731900	3	shufersal
7296073731917	2	shufersal
7296073731924	2	shufersal
7296073731962	26	shufersal
7296073731986	26	shufersal
7296073732037	5	shufersal
7296073732075	26	shufersal
7296073732112	26	shufersal
7296073732136	26	shufersal
7296073732150	26	shufersal
7296073732181	5	shufersal
7296073732198	5	shufersal
7296073732204	5	shufersal
7296073732211	5	shufersal
7296073732228	5	shufersal
7296073732235	5	shufersal
7296073732242	5	shufersal
7296073732259	5	shufersal
7296073732266	5	shufersal
7296073732273	5	shufersal
7296073732280	5	shufersal
7296073732297	5	shufersal
7296073732303	5	shufersal
7296073732310	5	shufersal
7296073732327	5	shufersal
7296073732334	5	shufersal
7296073732341	5	shufersal
7296073732365	5	shufersal
7296073732372	5	shufersal
7296073732389	5	shufersal
7296073732396	5	shufersal
7296073732402	5	shufersal
7296073732426	7	shufersal
7296073732433	7	shufersal
7296073732440	21	shufersal
7296073732457	21	shufersal
7296073732464	21	shufersal
7296073732471	21	shufersal
7296073732488	21	shufersal
7296073732495	21	shufersal
7296073732631	26	shufersal
7296073732648	5	shufersal
7296073732655	5	shufersal
7296073732662	5	shufersal
7296073732679	5	shufersal
7296073732686	5	shufersal
7296073732693	19	shufersal
7296073732709	19	shufersal
7296073732808	26	shufersal
7296073732815	26	shufersal
7296073732891	19	shufersal
7296073732907	15	shufersal
7296073732914	15	shufersal
7296073732921	11	shufersal
7296073732938	15	shufersal
7296073732945	15	shufersal
7296073732952	11	shufersal
7296073732969	15	shufersal
7296073732976	15	shufersal
7296073732990	20	shufersal
7296073733010	15	shufersal
7296073733027	15	shufersal
7296073733034	15	shufersal
7296073733041	15	shufersal
7296073733058	11	shufersal
7296073733065	15	shufersal
7296073733072	11	shufersal
7296073733089	15	shufersal
7296073733096	15	shufersal
7296073733102	25	shufersal
7296073733133	19	shufersal
7296073733140	19	shufersal
7296073733157	19	shufersal
7296073733188	5	shufersal
7296073733195	5	shufersal
7296073733201	5	shufersal
7296073733218	5	shufersal
7296073733225	5	shufersal
7296073733232	5	shufersal
7296073733249	5	shufersal
7296073733256	5	shufersal
7296073733263	5	shufersal
7296073733270	5	shufersal
7296073733287	5	shufersal
7296073733294	5	shufersal
7296073733300	5	shufersal
7296073733317	5	shufersal
7296073733324	5	shufersal
7296073733331	5	shufersal
7296073733348	5	shufersal
7296073733355	5	shufersal
7296073733362	5	shufersal
7296073733379	5	shufersal
7296073733386	5	shufersal
7296073733393	5	shufersal
7296073733409	5	shufersal
7296073733416	5	shufersal
7296073733423	5	shufersal
7296073733430	5	shufersal
7296073733447	5	shufersal
7296073733454	5	shufersal
7296073733461	5	shufersal
7296073733478	5	shufersal
7296073733485	5	shufersal
7296073733492	5	shufersal
7296073733508	5	shufersal
7296073733515	5	shufersal
7296073733522	5	shufersal
7296073733539	15	shufersal
7296073733546	15	shufersal
7296073733553	15	shufersal
7296073733560	15	shufersal
7296073733577	15	shufersal
7296073733584	15	shufersal
7296073733591	15	shufersal
7296073733607	15	shufersal
7296073733799	5	shufersal
7296073733805	19	shufersal
7296073733850	15	shufersal
7296073733881	15	shufersal
7296073733898	15	shufersal
7296073733904	26	shufersal
7296073733911	17	shufersal
7296073733928	19	shufersal
7296073733935	19	shufersal
7296073733966	25	shufersal
7296073733973	25	shufersal
7296073733997	17	shufersal
7296073734017	26	shufersal
7296073734024	26	shufersal
7296073734031	26	shufersal
7296073734048	26	shufersal
7296073734055	26	shufersal
7296073734086	20	shufersal
7296073734093	20	shufersal
7296073734123	19	shufersal
7296073734154	1	shufersal
7296073734161	1	shufersal
7296073734178	1	shufersal
7296073734185	1	shufersal
7296073734192	1	shufersal
7296073734208	1	shufersal
7296073734215	1	shufersal
7296073734345	5	shufersal
7296073734352	5	shufersal
7296073734376	19	shufersal
7296073734895	2	shufersal
7296073734901	2	shufersal
7296073734918	2	shufersal
7296073734925	2	shufersal
7296073735007	5	shufersal
7296073735014	5	shufersal
7296073735021	5	shufersal
7296073735038	5	shufersal
7296073735045	5	shufersal
7296073735052	5	shufersal
7296073735069	5	shufersal
7296073735076	5	shufersal
7296073735106	8	shufersal
7296073735113	8	shufersal
7296073735120	8	shufersal
7296073735137	5	shufersal
7296073735144	5	shufersal
7296073735151	3	shufersal
7296073735168	5	shufersal
7296073735175	3	shufersal
7296073735359	21	shufersal
7296073735984	24	shufersal
7296073736004	24	shufersal
7296073736028	24	shufersal
7296073736035	24	shufersal
7296073736059	24	shufersal
7296073736066	24	shufersal
7296073736127	24	shufersal
7296073736141	26	shufersal
7296073736158	26	shufersal
7296073736165	26	shufersal
7296073736202	8	shufersal
7296073736219	8	shufersal
7296073736226	8	shufersal
7296073736233	8	shufersal
7296073736240	8	shufersal
7296073736264	26	shufersal
7296073736424	26	shufersal
7296073736431	26	shufersal
7296073736448	26	shufersal
7296073736455	26	shufersal
7296073736486	20	shufersal
7296073736981	20	shufersal
7296073736998	23	shufersal
7296073737018	19	shufersal
7296073737025	26	shufersal
7296073737100	26	shufersal
7296073737278	26	shufersal
7296073737315	26	shufersal
7296073737506	26	shufersal
7296073737537	26	shufersal
7296073737544	26	shufersal
7296073737599	20	shufersal
7296073737605	20	shufersal
7296073737643	23	shufersal
7296073737650	23	shufersal
7296073737667	21	shufersal
7296073737759	21	shufersal
7296073737766	21	shufersal
7296073737827	22	shufersal
7296073737834	22	shufersal
7296073737841	22	shufersal
7296073737858	22	shufersal
7296073737865	22	shufersal
7296073737872	22	shufersal
7296073737889	22	shufersal
7296073737896	22	shufersal
7296073737902	22	shufersal
7296073737919	22	shufersal
7296073737926	22	shufersal
7296073737933	22	shufersal
7296073737940	22	shufersal
7296073737957	22	shufersal
7296073737964	22	shufersal
7296073737971	22	shufersal
7296073737988	22	shufersal
7296073737995	22	shufersal
7296073738008	22	shufersal
7296073738015	22	shufersal
7296073738039	22	shufersal
7296073738046	22	shufersal
7296073738060	22	shufersal
7296073738077	22	shufersal
7296073738084	22	shufersal
7296073738091	22	shufersal
7296073738107	22	shufersal
7296073738114	22	shufersal
7296073738121	22	shufersal
7296073738138	22	shufersal
7296073738145	22	shufersal
7296073738152	22	shufersal
7296073738169	22	shufersal
7296073738176	22	shufersal
7296073738183	22	shufersal
7296073738190	22	shufersal
7296073738206	22	shufersal
7296073738220	22	shufersal
7296073738237	22	shufersal
7296073738244	22	shufersal
7296073738251	22	shufersal
7296073738268	22	shufersal
7296073738275	22	shufersal
7296073738282	22	shufersal
7296073738299	22	shufersal
7296073738305	22	shufersal
7296073738312	22	shufersal
7296073738329	22	shufersal
7296073738336	22	shufersal
7296073738350	22	shufersal
7296073738367	22	shufersal
7296073738381	22	shufersal
7296073738398	22	shufersal
7296073738404	22	shufersal
7296073738435	22	shufersal
7296073738442	22	shufersal
7296073738459	22	shufersal
7296073738466	22	shufersal
7296073738473	22	shufersal
7296073738480	22	shufersal
7296073738497	22	shufersal
7296073738503	22	shufersal
7296073738510	22	shufersal
7296073738527	22	shufersal
7296073738534	22	shufersal
7296073738541	22	shufersal
7296073738558	22	shufersal
7296073738565	22	shufersal
7296073738572	22	shufersal
7296073738589	22	shufersal
7296073738596	22	shufersal
7296073738602	22	shufersal
7296073738619	22	shufersal
7296073738657	22	shufersal
7296073738664	22	shufersal
7296073738718	22	shufersal
7296073738749	22	shufersal
7296073738756	22	shufersal
7296073738763	22	shufersal
7296073738770	22	shufersal
7296073738787	22	shufersal
7296073738794	22	shufersal
7296073738800	22	shufersal
7296073738817	22	shufersal
7296073738824	26	shufersal
7296073738831	20	shufersal
7296073738978	20	shufersal
7296073738985	20	shufersal
7296073739005	20	shufersal
7296073739012	20	shufersal
7296073739029	20	shufersal
7296073739081	24	shufersal
7296073739098	24	shufersal
7296073739104	24	shufersal
7296073739111	24	shufersal
7296073739128	24	shufersal
7296073739135	24	shufersal
7296073739142	24	shufersal
7296073739159	24	shufersal
7296073739166	24	shufersal
7296073739173	24	shufersal
7296073739234	24	shufersal
7296073739258	20	shufersal
7296073739555	19	shufersal
7296073739616	20	shufersal
7296073739647	20	shufersal
7296073739654	20	shufersal
7296073739661	20	shufersal
7296073739692	20	shufersal
7296073739715	20	shufersal
7296073739746	23	shufersal
7296073739753	23	shufersal
7296073739760	20	shufersal
7296073739777	25	shufersal
7296073739784	25	shufersal
7296073739791	25	shufersal
7296073739845	26	shufersal
7296073739852	26	shufersal
7296073739869	26	shufersal
7296073739876	26	shufersal
7296073740032	19	shufersal
7296073740162	20	shufersal
7296073740247	20	shufersal
7296073740254	20	shufersal
7296073740261	20	shufersal
7296073740292	26	shufersal
7296073740308	26	shufersal
7296073740315	26	shufersal
7296073740353	26	shufersal
7296073740780	25	shufersal
7296073740995	20	shufersal
7296073741008	20	shufersal
7296073741015	20	shufersal
7296073741022	20	shufersal
7296073741039	25	shufersal
7296073741053	24	shufersal
7296073741091	25	shufersal
7296073741206	24	shufersal
7296073741213	19	shufersal
7296073741220	26	shufersal
7296073741237	26	shufersal
7296073741312	23	shufersal
7296073741329	23	shufersal
7296073741367	26	shufersal
7296073741374	26	shufersal
7296073741411	26	shufersal
7296073741459	23	shufersal
7296073741497	21	shufersal
7296073741503	21	shufersal
7296073741527	21	shufersal
7296073741534	21	shufersal
7296073741541	20	shufersal
7296073741619	20	shufersal
7296073741626	20	shufersal
7296073741633	23	shufersal
7296073741640	23	shufersal
7296073741763	26	shufersal
7296073741770	23	shufersal
7296073741794	26	shufersal
7296073741817	21	shufersal
7296073741824	26	shufersal
7296073741831	26	shufersal
7296073742920	26	shufersal
7296073742937	23	shufersal
7296073742944	23	shufersal
7296073742951	23	shufersal
7296073742975	23	shufersal
7296073742982	25	shufersal
7296073743026	25	shufersal
7296073743033	25	shufersal
7296073743040	25	shufersal
7296073743057	25	shufersal
7296073743064	25	shufersal
7296073743071	25	shufersal
7296073743088	20	shufersal
7296073743118	26	shufersal
7296073743125	26	shufersal
7296073743132	26	shufersal
7296073743149	20	shufersal
7296073743156	20	shufersal
7296073743187	26	shufersal
7296073743194	26	shufersal
7296073743200	26	shufersal
7296073743224	20	shufersal
7296073743231	20	shufersal
7296073743255	20	shufersal
7296073743293	20	shufersal
7296073743309	20	shufersal
7296073743347	26	shufersal
7296073743354	26	shufersal
7296073743378	26	shufersal
7296073743422	26	shufersal
7296073743439	26	shufersal
7296073743446	26	shufersal
7296073743484	26	shufersal
7296073743521	26	shufersal
7296073743545	26	shufersal
7296073743583	26	shufersal
7296073743590	26	shufersal
7296073743613	26	shufersal
7296073743620	26	shufersal
7296073743637	26	shufersal
7296073743644	26	shufersal
7296073743651	20	shufersal
7296073743668	20	shufersal
7296073743675	20	shufersal
7296073743682	26	shufersal
7296073743699	26	shufersal
7296073743705	26	shufersal
7296073743712	20	shufersal
7296073743729	20	shufersal
7296073743736	20	shufersal
7296073743743	20	shufersal
7296073743750	20	shufersal
7296073743767	20	shufersal
7296073743774	26	shufersal
7296073743781	26	shufersal
7296073743798	26	shufersal
7296073743835	21	shufersal
7296073743842	21	shufersal
7296073743859	21	shufersal
7296073743866	21	shufersal
7296073743873	21	shufersal
7296073743880	21	shufersal
7296073743897	21	shufersal
7296073743903	21	shufersal
7296073743910	21	shufersal
7296073743927	21	shufersal
7296073743934	21	shufersal
7296073743941	21	shufersal
7296073743958	21	shufersal
7296073743965	21	shufersal
7296073743972	21	shufersal
7296073743989	21	shufersal
7296073743996	21	shufersal
7296073744009	21	shufersal
7296073744016	23	shufersal
7296073744023	23	shufersal
7296073744030	23	shufersal
7296073744047	23	shufersal
7296073744054	23	shufersal
7296073744061	23	shufersal
7296073744078	23	shufersal
7296073744085	23	shufersal
7296073744092	23	shufersal
7296073744108	23	shufersal
7296073744115	23	shufersal
7296073744122	23	shufersal
7296073744139	23	shufersal
7296073744146	23	shufersal
7296073744153	23	shufersal
7296073744160	23	shufersal
7296073744177	23	shufersal
7296073744184	23	shufersal
7296073744191	23	shufersal
7296073744207	23	shufersal
7296073744214	23	shufersal
7296073744221	23	shufersal
7296073744238	26	shufersal
7296073744252	23	shufersal
7296073744269	23	shufersal
7296073744276	23	shufersal
7296073744306	24	shufersal
7296073744313	24	shufersal
7296073744344	20	shufersal
7296073744351	20	shufersal
7296073744368	20	shufersal
7296073744375	26	shufersal
7296073744382	26	shufersal
7296073744412	24	shufersal
7296073744443	24	shufersal
7296073744450	24	shufersal
7296073744467	24	shufersal
7296073744481	24	shufersal
7296073744504	24	shufersal
7296073744535	24	shufersal
7296073744542	24	shufersal
7296073744559	24	shufersal
7296073744566	24	shufersal
7296073744573	24	shufersal
7296073744580	24	shufersal
7296073744597	24	shufersal
7296073744603	24	shufersal
7296073744610	24	shufersal
7296073744627	24	shufersal
7296073744634	24	shufersal
7296073744641	24	shufersal
7296073744658	24	shufersal
7296073744689	24	shufersal
7296073744696	24	shufersal
7296073744702	24	shufersal
7296073744757	20	shufersal
7296073744764	20	shufersal
7296073745211	20	shufersal
7296073745280	26	shufersal
7296073745297	26	shufersal
7296073745334	7	shufersal
7296073745341	7	shufersal
7296073745358	7	shufersal
7296073745365	7	shufersal
7296073745372	7	shufersal
7296073745396	7	shufersal
7296073745402	7	shufersal
7296073745419	5	shufersal
7296073745426	26	shufersal
7296073745440	5	shufersal
7296073745457	5	shufersal
7296073745471	24	shufersal
7296073745488	20	shufersal
7296073745549	1	shufersal
7296073745587	22	shufersal
7296073745600	20	shufersal
7296073745624	20	shufersal
7296073745853	20	shufersal
7296073745877	22	shufersal
7296073745891	22	shufersal
7296073746249	5	shufersal
7296073746256	15	shufersal
7296073746263	15	shufersal
7296073746287	5	shufersal
7296073746294	15	shufersal
7296073746300	11	shufersal
7296073746317	11	shufersal
7296073746331	15	shufersal
7296073746362	5	shufersal
7296073746409	19	shufersal
7296073746423	19	shufersal
7296073746430	26	shufersal
7296073746447	26	shufersal
7296073746454	26	shufersal
7296073746461	26	shufersal
7296073746478	26	shufersal
7296073746492	26	shufersal
7296073746508	26	shufersal
7296073746515	17	shufersal
7296073746546	2	shufersal
7296073746553	2	shufersal
7296073746560	2	shufersal
7296073746577	7	shufersal
7296073746584	7	shufersal
7296073746607	7	shufersal
7296073746614	7	shufersal
7296073746621	7	shufersal
7296073746638	7	shufersal
7296073746645	7	shufersal
7296073746652	7	shufersal
7296073746676	7	shufersal
7296073746690	7	shufersal
7296073746706	7	shufersal
7296073746713	7	shufersal
7296073746737	24	shufersal
7296073746768	25	shufersal
7296073746782	5	shufersal
7296073747000	5	shufersal
7296073747208	26	shufersal
7296073747215	2	shufersal
7296073747222	2	shufersal
7296073747239	2	shufersal
7296073747246	2	shufersal
7296073747291	2	shufersal
7296073747307	2	shufersal
7296073747314	2	shufersal
7296073747321	2	shufersal
7296073747338	2	shufersal
7296073747345	2	shufersal
7296073747352	2	shufersal
7296073747369	2	shufersal
7296073747376	26	shufersal
7296073747383	26	shufersal
7296073747390	2	shufersal
7296073747406	2	shufersal
7296073747413	2	shufersal
7296073747420	2	shufersal
7296073747437	2	shufersal
7296073747444	2	shufersal
7296073747451	2	shufersal
7296073747468	26	shufersal
7296073747475	26	shufersal
7296073747482	26	shufersal
7296073747499	26	shufersal
7296073747505	26	shufersal
7296073747512	26	shufersal
7296073747529	26	shufersal
7296073747536	26	shufersal
7296073747543	26	shufersal
7296073747550	2	shufersal
7296073747567	2	shufersal
7296073747574	2	shufersal
7296073747581	2	shufersal
7296073747598	22	shufersal
7296073747604	26	shufersal
7296073747611	26	shufersal
7296073747628	26	shufersal
7296073747659	25	shufersal
7296073747666	25	shufersal
7296073747673	25	shufersal
7296073747680	25	shufersal
7296073747710	2	shufersal
7296073747727	7	shufersal
7296073747734	7	shufersal
7296073747741	7	shufersal
7296073747758	7	shufersal
7296073747765	7	shufersal
7296073747772	7	shufersal
7296073747789	7	shufersal
7296073747796	7	shufersal
7296073747802	7	shufersal
7296073747819	7	shufersal
7296073747826	7	shufersal
7296073747833	5	shufersal
7296073747840	5	shufersal
7296073747925	10	shufersal
7296073747932	5	shufersal
7296073747949	5	shufersal
7296073747956	5	shufersal
7296073747963	5	shufersal
7296073747970	26	shufersal
7296073747987	26	shufersal
7296073747994	26	shufersal
7296073748007	26	shufersal
7296073748014	26	shufersal
7296073748021	26	shufersal
7296073748038	26	shufersal
7296073748045	26	shufersal
7296073748052	26	shufersal
7296073748069	26	shufersal
7296073748076	26	shufersal
7296073748090	26	shufersal
7296073748175	7	shufersal
7296073748212	7	shufersal
7296073748229	7	shufersal
7296073748236	7	shufersal
7296073748243	7	shufersal
7296073748250	7	shufersal
7296073748267	7	shufersal
7296073748274	7	shufersal
7296073748281	7	shufersal
7296073748298	7	shufersal
7296073748304	7	shufersal
7296073748311	7	shufersal
7296073748328	19	shufersal
7296073748335	19	shufersal
7296073748342	19	shufersal
7296073748359	19	shufersal
7296073748724	20	shufersal
7296073748731	26	shufersal
7296073748748	26	shufersal
7296073748755	26	shufersal
7296073748762	5	shufersal
7296073748786	5	shufersal
7296073748793	5	shufersal
7296073748809	5	shufersal
7296073748816	26	shufersal
7296073748847	26	shufersal
7296073748861	23	shufersal
7296073748878	5	shufersal
7296073748885	5	shufersal
7296073749196	7	shufersal
7296073749202	7	shufersal
7296073749219	7	shufersal
7296073749226	7	shufersal
7296073749271	22	shufersal
7296073749288	22	shufersal
7296073749318	20	shufersal
7296073749325	26	shufersal
7296073749332	26	shufersal
7296073749356	20	shufersal
7296073749394	26	shufersal
7296073749509	17	shufersal
7296073749516	17	shufersal
7296073749523	17	shufersal
7296073749554	15	shufersal
7296073749561	15	shufersal
7296073749578	15	shufersal
7296073749585	15	shufersal
7296073749615	26	shufersal
7296073749622	5	shufersal
7296073749639	5	shufersal
7296073749646	8	shufersal
7296073749653	8	shufersal
7296073749783	1	shufersal
7296073749806	26	shufersal
7296073749813	26	shufersal
7296073749837	5	shufersal
7296073749844	5	shufersal
7296073749851	5	shufersal
7296073749868	3	shufersal
7296073749875	17	shufersal
7296073749882	3	shufersal
7296073749899	7	shufersal
7296073749905	7	shufersal
7296073749929	26	shufersal
7296073749936	26	shufersal
7296073749943	26	shufersal
7296073749981	22	shufersal
7296073749998	22	shufersal
7296073750000	22	shufersal
7296073750017	22	shufersal
7296073750024	22	shufersal
7296073750031	22	shufersal
7296073750048	22	shufersal
7296073750055	22	shufersal
7296073750062	22	shufersal
7296073750079	22	shufersal
7296073750086	22	shufersal
7296073750093	22	shufersal
7296073750161	1	shufersal
7296073750178	1	shufersal
7296073750239	1	shufersal
7296073750307	1	shufersal
7296073750321	1	shufersal
7296073750383	1	shufersal
7296073750390	1	shufersal
7296073750420	5	shufersal
7296073750437	7	shufersal
7296073750444	7	shufersal
7296073750451	7	shufersal
7296073750468	7	shufersal
7296073750475	7	shufersal
7296073750482	7	shufersal
7296073750499	7	shufersal
7296073750505	7	shufersal
7296073750598	19	shufersal
7296073750604	19	shufersal
7296073750611	19	shufersal
7296073750628	19	shufersal
7296073750635	19	shufersal
7296073750642	19	shufersal
7296073750659	19	shufersal
7296073750666	19	shufersal
7296073750673	19	shufersal
7296073750680	19	shufersal
7296073750697	19	shufersal
7296073750703	19	shufersal
7296073750710	19	shufersal
7296073750819	13	shufersal
7296073750925	7	shufersal
7296073750949	8	shufersal
7296073750963	3	shufersal
7296073750994	3	shufersal
7296073751007	1	shufersal
7296073751045	1	shufersal
7296073751052	1	shufersal
7296073751069	1	shufersal
7296073751076	26	shufersal
7296073751106	20	shufersal
7296073751168	8	shufersal
7296073751175	8	shufersal
7296073751182	8	shufersal
7296073751199	8	shufersal
7296073751205	8	shufersal
7296073751229	1	shufersal
7296073751380	7	shufersal
7296073751397	7	shufersal
7296073751403	7	shufersal
7296073751410	7	shufersal
7296073751427	7	shufersal
7296073751434	7	shufersal
7296073751441	7	shufersal
7296073751458	7	shufersal
7296073751465	7	shufersal
7296073751472	7	shufersal
7296073751489	7	shufersal
7296073751496	7	shufersal
7296073751519	1	shufersal
7296073751571	26	shufersal
7296073751588	26	shufersal
7296073751618	4	shufersal
7296073751625	4	shufersal
7296073751632	19	shufersal
7296073751649	2	shufersal
7296073751656	2	shufersal
7296073751663	2	shufersal
7296073751670	2	shufersal
7296073751687	2	shufersal
7296073751786	1	shufersal
7296073751991	2	shufersal
7296073752004	2	shufersal
7296073752011	2	shufersal
7296073752028	2	shufersal
7296073752059	2	shufersal
7296073752066	26	shufersal
7296073752073	26	shufersal
7296073752097	5	shufersal
7296073752103	26	shufersal
7296073752110	5	shufersal
7296073752318	7	shufersal
7296073752349	25	shufersal
7296073752356	25	shufersal
7296073752370	25	shufersal
7296073752387	3	shufersal
7296073752394	25	shufersal
7296073752417	3	shufersal
7296073752424	3	shufersal
7296073752431	25	shufersal
7296073752448	25	shufersal
7296073752486	1	shufersal
7296073752493	1	shufersal
7296073752547	17	shufersal
7296073752554	17	shufersal
7296073752561	17	shufersal
7296073752585	1	shufersal
7296073752714	3	shufersal
7296073752813	25	shufersal
7296073752844	25	shufersal
7296073752851	25	shufersal
7296073752868	25	shufersal
7296073752875	20	shufersal
7296073752882	20	shufersal
7296073752899	20	shufersal
7296073752905	7	shufersal
7296073752912	7	shufersal
7296073752929	7	shufersal
7296073752936	7	shufersal
7296073752943	7	shufersal
7296073752998	20	shufersal
7296073753001	20	shufersal
7296073753018	20	shufersal
7296073753025	11	shufersal
7296073753032	11	shufersal
7296073753049	11	shufersal
7296073753056	11	shufersal
7296073753087	1	shufersal
7296073753094	25	shufersal
7296073753124	1	shufersal
7296073753131	1	shufersal
7296073753179	20	shufersal
7296073753186	20	shufersal
7296073753193	20	shufersal
7296073753209	25	shufersal
7296073753216	25	shufersal
7296073753377	2	shufersal
7296073753384	2	shufersal
7296073753391	2	shufersal
7296073753407	2	shufersal
7296073753414	2	shufersal
7296073753421	2	shufersal
7296073753438	2	shufersal
7296073753599	3	shufersal
7296073753605	3	shufersal
7296073753612	26	shufersal
7296073753704	5	shufersal
7296073753711	17	shufersal
7296073753728	17	shufersal
7296073753735	4	shufersal
7296073753759	17	shufersal
7296073753766	4	shufersal
7296073753773	4	shufersal
7296073753780	17	shufersal
7296073753797	17	shufersal
7296073753803	17	shufersal
7296073753810	17	shufersal
7296073753827	17	shufersal
7296073753834	17	shufersal
7296073753841	17	shufersal
7296073753858	17	shufersal
7296073753865	17	shufersal
7296073753872	17	shufersal
7296073753889	17	shufersal
7296073753902	17	shufersal
7296073753919	17	shufersal
7296073753926	4	shufersal
7296073753971	1	shufersal
7296073754022	25	shufersal
7296073754046	26	shufersal
7296073754091	2	shufersal
7296073754107	2	shufersal
7296073754114	2	shufersal
7296073754121	2	shufersal
7296073754268	5	shufersal
7296073754275	5	shufersal
7296073754282	5	shufersal
7296073754299	5	shufersal
7296073754305	5	shufersal
7296073754312	5	shufersal
7296073754343	5	shufersal
7296073754411	2	shufersal
7296073754459	7	shufersal
7296073754466	7	shufersal
7296073754473	7	shufersal
7296073754480	7	shufersal
7296073754497	5	shufersal
7296073754633	20	shufersal
7296073754640	20	shufersal
7296073754701	8	shufersal
7296073754718	8	shufersal
7296073754725	8	shufersal
7296073754732	8	shufersal
7296073754749	8	shufersal
7296073754756	8	shufersal
7296073754763	1	shufersal
7296073754787	1	shufersal
7296073754824	1	shufersal
7296073754831	1	shufersal
7296073754855	1	shufersal
7296073754862	1	shufersal
7296073755104	2	shufersal
7296073755340	5	shufersal
7296073755395	1	shufersal
7296073755401	1	shufersal
7296073755418	1	shufersal
7296073755425	1	shufersal
7296073755470	4	shufersal
7296073755487	4	shufersal
7296073755494	4	shufersal
7296073755500	4	shufersal
7296073755517	4	shufersal
7296073756231	17	shufersal
7296073756484	2	shufersal
7296073756491	2	shufersal
7296073756507	2	shufersal
7296073756514	2	shufersal
7296073756521	2	shufersal
7296073756538	2	shufersal
7296073757184	19	shufersal
7296073757207	19	shufersal
7296073757221	19	shufersal
7296073757245	19	shufersal
7296073757405	1	shufersal
7296073757641	2	shufersal
7296073757658	2	shufersal
7296073757665	2	shufersal
7296073757672	2	shufersal
7296073757689	2	shufersal
7296073757955	3	shufersal
7296073757962	3	shufersal
7296073758020	3	shufersal
7296073758075	3	shufersal
7296073758761	20	shufersal
7296073758778	20	shufersal
7296073758884	26	shufersal
7296073758891	26	shufersal
7296073758907	26	shufersal
7296073758914	26	shufersal
7296073758983	20	shufersal
7296073758990	20	shufersal
7296073759003	20	shufersal
7296073759027	26	shufersal
7296073759034	26	shufersal
7296073759058	26	shufersal
7296073759065	26	shufersal
7296073759072	24	shufersal
7296073759089	24	shufersal
7296073759096	26	shufersal
7296073759102	26	shufersal
7296073759119	26	shufersal
7296073759126	26	shufersal
7296073759133	26	shufersal
7296073759140	20	shufersal
7296073759164	23	shufersal
7296073759171	20	shufersal
7296073759188	23	shufersal
7296073759225	24	shufersal
7296073759256	26	shufersal
7296073759263	26	shufersal
7296073759270	26	shufersal
7296073759294	23	shufersal
7296073759461	24	shufersal
7296073759492	26	shufersal
7296073759508	26	shufersal
7296073759515	26	shufersal
7296073759522	26	shufersal
7296073759539	26	shufersal
7296073759669	23	shufersal
7296073759676	23	shufersal
7296073759683	23	shufersal
7296073759690	23	shufersal
7296073759706	24	shufersal
7296073759713	24	shufersal
7296073759720	24	shufersal
7296073761310	8	shufersal
7296073761488	5	shufersal
7296073763062	21	shufersal
7296073763086	21	shufersal
7296073763093	21	shufersal
7296073763109	21	shufersal
7296073763116	21	shufersal
7296073763123	21	shufersal
7296073763130	21	shufersal
7296073763147	26	shufersal
7296073763154	26	shufersal
7296073763161	26	shufersal
7296073763178	23	shufersal
7296073763192	21	shufersal
7296073763208	21	shufersal
7296073763215	21	shufersal
7296073763239	26	shufersal
7296073763246	20	shufersal
7296073763253	20	shufersal
7296073763284	26	shufersal
7296073763291	26	shufersal
7296073763307	26	shufersal
7296073763376	23	shufersal
7296073763383	26	shufersal
7296073763390	26	shufersal
7296073763406	26	shufersal
7296073763413	26	shufersal
7296073763437	26	shufersal
7296073763444	24	shufersal
7296073763451	24	shufersal
7296073763468	26	shufersal
7296073763475	26	shufersal
7296073763482	26	shufersal
7296073763499	21	shufersal
7296073763505	21	shufersal
7296073763512	21	shufersal
7296073763529	21	shufersal
7296073763536	21	shufersal
7296073763543	21	shufersal
7296073763550	21	shufersal
7296073763567	21	shufersal
7296073763574	21	shufersal
7296073763581	21	shufersal
7296073763598	26	shufersal
7296073763604	23	shufersal
7296073763611	20	shufersal
7296073763628	24	shufersal
7296073763635	24	shufersal
7296073763642	21	shufersal
7296073763659	21	shufersal
7296073763666	26	shufersal
7296073763673	21	shufersal
7296073763680	21	shufersal
7296073763697	21	shufersal
7296073764830	24	shufersal
7296073764847	24	shufersal
7296073764854	24	shufersal
7296073764861	24	shufersal
7296073764878	24	shufersal
7296073764885	24	shufersal
7296073764892	24	shufersal
7296073764908	20	shufersal
7296073764915	20	shufersal
7296073764922	26	shufersal
7296073764939	26	shufersal
7296073764946	26	shufersal
7296073764953	26	shufersal
7296073764960	26	shufersal
7296073764977	26	shufersal
7296073764984	26	shufersal
7296073764991	26	shufersal
7296073765004	26	shufersal
7296073765011	26	shufersal
7296073765028	26	shufersal
7296073765035	26	shufersal
7296073765042	20	shufersal
7296073765059	20	shufersal
7296073765066	20	shufersal
7296073765073	20	shufersal
7296073765080	20	shufersal
7296073765097	20	shufersal
7296073765103	8	shufersal
7296073765110	8	shufersal
7296073765127	26	shufersal
7296073765134	20	shufersal
7296073765141	20	shufersal
7296073765158	26	shufersal
7296073765165	25	shufersal
7296073765172	25	shufersal
7296073765189	25	shufersal
7296073765196	26	shufersal
7296073765202	21	shufersal
7296073765219	21	shufersal
7296073765226	21	shufersal
7296073765233	26	shufersal
7296073765240	26	shufersal
7296073765257	26	shufersal
7296073765264	21	shufersal
7296073765271	21	shufersal
7296073765288	23	shufersal
7296073765295	23	shufersal
7296073765301	23	shufersal
7296073765318	24	shufersal
7296073765325	24	shufersal
7296073765332	24	shufersal
7296073765349	23	shufersal
7296073765356	23	shufersal
7296073765363	21	shufersal
7296073765370	21	shufersal
7296073765387	21	shufersal
7296073765394	23	shufersal
7296073765400	21	shufersal
7296073765417	21	shufersal
7296073772460	19	shufersal
7296073772477	19	shufersal
7296073772620	6	shufersal
7296073772637	6	shufersal
7296082000172	3	tiv_taam
7296089000205	12	shufersal
7296089000212	12	shufersal
7296089000274	15	shufersal
7296089000298	15	shufersal
7296089000427	11	shufersal
7296089001851	11	shufersal
7296102001691	20	shufersal
7296102002049	22	shufersal
7296102002056	22	shufersal
7296102002063	22	shufersal
7296102002070	22	shufersal
7296102004937	20	shufersal
7296102006771	20	shufersal
7296102006788	20	shufersal
7296102012987	19	shufersal
7296102183755	20	shufersal
7296102191064	20	shufersal
7296102191354	20	shufersal
7296102261835	20	shufersal
7296102401255	20	shufersal
7296102460580	22	shufersal
7296102597293	21	shufersal
7296102619049	20	shufersal
7296102619056	20	shufersal
7296102619070	20	shufersal
7296102691946	20	shufersal
7296102692004	20	shufersal
7296102692035	20	shufersal
7296102771075	23	shufersal
7296102777411	22	shufersal
7296102830253	19	shufersal
7296102830499	20	shufersal
7296149065052	17	shufersal
7296149175843	17	shufersal
7296149175911	17	shufersal
7296149175928	17	shufersal
7296149175935	17	shufersal
7296149176130	17	shufersal
7296149176154	17	shufersal
7296149176284	17	shufersal
7296149176352	17	shufersal
7296149176406	17	shufersal
7296149176413	17	shufersal
7296149176420	17	shufersal
7296149176437	17	shufersal
72961506	17	shufersal
72961544	17	shufersal
7296155056785	20	shufersal
7296155150025	20	shufersal
7296160115033	9	shufersal
7296160115057	9	shufersal
7296168001055	16	shufersal
7296168001109	16	shufersal
7296168001123	16	shufersal
7296168001253	16	shufersal
7296168001345	16	shufersal
7296168001369	16	shufersal
7296168001390	11	shufersal
7296168001406	16	shufersal
7296168001413	16	shufersal
7296168001420	16	shufersal
7296168001628	17	shufersal
7296168001703	16	shufersal
7296168001741	16	shufersal
7296168001796	17	shufersal
7296168001833	16	shufersal
7296168001840	16	shufersal
7296168003073	16	shufersal
7296168003080	16	shufersal
7296168003288	16	shufersal
7296168003318	17	shufersal
7296168004018	17	shufersal
7296168004339	11	shufersal
7296168004483	12	shufersal
7296168008047	17	shufersal
7296168008078	17	shufersal
7296168009259	11	shufersal
7296168009631	11	shufersal
7296168010033	16	shufersal
7296168011030	16	shufersal
7296168013447	16	shufersal
7296168013768	11	shufersal
7296168014000	16	shufersal
7296168014109	17	shufersal
7296168014314	17	shufersal
7296168015205	11	shufersal
7296168015465	16	shufersal
7296168015786	17	shufersal
7296168017032	16	shufersal
7296168017117	16	shufersal
7296168017285	16	shufersal
7296168017353	15	shufersal
7296168017582	16	shufersal
7296168017780	16	shufersal
7296168021763	16	shufersal
7296168021886	16	shufersal
7296168021893	16	shufersal
7296168021909	16	shufersal
7296168021916	16	shufersal
7296168021923	16	shufersal
7296168021930	16	shufersal
7296168021947	16	shufersal
7296168022005	11	shufersal
7296168022012	17	shufersal
7296168025389	17	shufersal
7296168076732	12	shufersal
7296168077203	12	shufersal
7296168088810	11	shufersal
7296168089015	11	shufersal
7296168089077	11	shufersal
7296168089114	11	shufersal
7296168089169	11	shufersal
7296168089176	11	shufersal
7296168089183	11	shufersal
7296168100062	11	shufersal
7296168113338	16	shufersal
7296168113567	16	shufersal
7296168113574	16	shufersal
7296168113581	16	shufersal
7296168131677	16	shufersal
7296168134463	16	shufersal
7296168134470	16	shufersal
7296168134487	16	shufersal
7296168143885	17	shufersal
7296168154232	11	shufersal
7296168173110	16	shufersal
7296168173226	16	shufersal
7296168173332	16	shufersal
7296168174605	16	shufersal
7296168175442	16	shufersal
7296168710018	15	shufersal
7296168810077	11	shufersal
7296173619627	26	shufersal
7296179000658	12	shufersal
7296179007398	11	shufersal
7296179007411	11	shufersal
7296179008074	11	shufersal
7296179008098	11	shufersal
7296179008128	11	shufersal
7296179008241	11	shufersal
7296179011784	11	shufersal
7296179011791	11	shufersal
7296179011807	11	shufersal
7296179011814	11	shufersal
7296179011821	11	shufersal
7296179011883	11	shufersal
7296179011999	11	shufersal
7296179012309	11	shufersal
7296179012392	11	shufersal
7296179012606	11	shufersal
7296179020113	12	shufersal
7296179021660	11	shufersal
7296179021745	12	shufersal
7296179021776	12	shufersal
7296179021820	12	shufersal
7296179024579	11	shufersal
7296179026337	12	shufersal
7296179026887	11	shufersal
7296179026900	11	shufersal
7296179026917	11	shufersal
7296179026924	11	shufersal
7296179026931	11	shufersal
7296179028614	15	shufersal
7296179029550	12	shufersal
7296179029567	12	shufersal
7296179029659	11	shufersal
7296179030723	12	shufersal
7296179030730	12	shufersal
7296179030747	12	shufersal
7296179030754	12	shufersal
7296179030761	11	shufersal
7296179030778	12	shufersal
7296179030785	12	shufersal
7296179030792	12	shufersal
7296179030808	11	shufersal
72963746	3	tiv_taam
72963753	3	shufersal
72964132	17	shufersal
72968	7	shufersal
7297028185472	27	shufersal
7297028186776	27	shufersal
7297028186783	27	shufersal
7297028188077	27	shufersal
7297028193255	27	shufersal
7297028193262	27	shufersal
7297028202353	27	shufersal
7297028202384	27	shufersal
7297046104400	16	shufersal
7297046104738	16	shufersal
7297046110555	16	shufersal
7297046110562	16	shufersal
7297046110616	16	shufersal
7297046110722	16	shufersal
7297046110807	16	shufersal
7297046110821	16	shufersal
7297046110838	16	shufersal
7297046111064	16	shufersal
7297046111071	16	shufersal
7297046111088	16	shufersal
7297046111262	16	shufersal
7297046111606	16	shufersal
7297046111651	16	shufersal
7297046111682	16	shufersal
7297046112054	16	shufersal
7297046112061	16	shufersal
7297046112078	16	shufersal
7297046112092	16	shufersal
7297046112146	16	shufersal
7297046112153	16	shufersal
7297046112566	16	shufersal
7297046112573	16	shufersal
7297046112580	16	shufersal
7297046112672	16	shufersal
7297046112689	16	shufersal
7297046112696	16	shufersal
7297046112733	16	shufersal
7297046112740	16	shufersal
7297046112764	16	shufersal
7297046112818	16	shufersal
7297046112825	16	shufersal
7297046112849	11	shufersal
7297046112863	16	shufersal
7297046112870	16	shufersal
7297046113082	16	shufersal
7297046113112	16	shufersal
7297046113297	16	shufersal
7297046113419	16	shufersal
7297046113693	16	shufersal
7297046113709	16	shufersal
7297046113761	16	shufersal
7297046114195	16	shufersal
7297046114379	16	shufersal
7297046114409	16	shufersal
7297046114522	16	shufersal
7297046114614	16	shufersal
7297046114706	16	shufersal
7297046114744	16	shufersal
7297046114751	16	shufersal
7297046114775	16	shufersal
7297046120554	16	shufersal
7297046120561	16	shufersal
7297046120615	16	shufersal
7297046120721	16	shufersal
7297046120806	16	shufersal
7297046120813	16	shufersal
7297046120820	16	shufersal
7297046120837	16	shufersal
7297046120905	16	shufersal
7297046121063	16	shufersal
7297046121070	16	shufersal
7297046121087	16	shufersal
7297046121131	16	shufersal
7297046121261	16	shufersal
7297046121605	16	shufersal
7297046121681	16	shufersal
7297046123265	16	shufersal
7297046124408	16	shufersal
7297046124750	16	shufersal
7297046124774	16	shufersal
7297046124811	16	shufersal
7297046130553	16	shufersal
7297046130560	16	shufersal
7297046130614	16	shufersal
7297046130720	16	shufersal
7297046130805	16	shufersal
7297046130829	16	shufersal
7297046130836	16	shufersal
7297046131062	16	shufersal
7297046131079	16	shufersal
7297046131086	16	shufersal
7297046131130	16	shufersal
7297046131260	16	shufersal
7297046131543	16	shufersal
7297046131604	16	shufersal
7297046131680	16	shufersal
7297046133264	16	shufersal
7297046134377	16	shufersal
7297046134407	16	shufersal
7297046134605	16	shufersal
7297046134759	16	shufersal
7297046134773	16	shufersal
7297046134810	16	shufersal
7297046140552	16	shufersal
7297046140569	16	shufersal
7297046140613	16	shufersal
7297046140729	16	shufersal
7297046140804	16	shufersal
7297046140828	16	shufersal
7297046140835	16	shufersal
7297046141061	16	shufersal
7297046141078	16	shufersal
7297046141085	16	shufersal
7297046141139	16	shufersal
7297046141269	16	shufersal
7297046141603	16	shufersal
7297046141689	16	shufersal
7297046142099	16	shufersal
7297046142419	16	shufersal
7297046143263	16	shufersal
7297046144376	16	shufersal
7297046144406	16	shufersal
7297046144772	16	shufersal
7297046150421	16	shufersal
7297046151084	16	shufersal
7297046151541	16	shufersal
7297046210149	16	shufersal
7297046210170	16	shufersal
7297046210231	16	shufersal
7297046230147	16	shufersal
7297046230239	16	shufersal
7297046240313	16	shufersal
7297046510034	16	shufersal
7297046510072	16	shufersal
7297046510195	16	shufersal
7297046510256	16	shufersal
7297046510287	16	shufersal
7297046710045	11	shufersal
7297046710137	16	shufersal
7297046710144	16	shufersal
7297046710151	16	shufersal
7297046710199	16	shufersal
7297046710243	11	shufersal
7297046710281	11	shufersal
7297046710458	16	shufersal
7297046720174	16	shufersal
7297046730173	16	shufersal
7297046810011	16	shufersal
7297046810035	16	shufersal
7297046810042	16	shufersal
7297234896889	27	shufersal
7297234901910	27	shufersal
7297234902214	27	shufersal
7297234902238	27	shufersal
7297234902245	27	shufersal
7297234903013	27	shufersal
7297234903266	27	shufersal
7297234913487	27	shufersal
7297234913494	27	shufersal
7297234913500	27	shufersal
7297234913517	27	shufersal
7297234913524	27	shufersal
7297425130587	21	shufersal
7297425130594	21	shufersal
7297425130600	21	shufersal
7297425130617	21	shufersal
7297425130631	21	shufersal
7297425130723	21	shufersal
7297425130730	21	shufersal
7297425130747	21	shufersal
7297425130754	21	shufersal
7297425130778	21	shufersal
7297425130877	21	shufersal
7297425130914	21	shufersal
7297425311245	21	shufersal
7297425311276	21	shufersal
7297425313928	21	shufersal
7297425313935	21	shufersal
7297425323910	21	shufersal
7297425336569	22	shufersal
7297425336576	22	shufersal
7297425336583	22	shufersal
7297425336590	22	shufersal
7297425336620	22	shufersal
7297425341105	21	shufersal
7297425600370	26	shufersal
7297425680082	21	shufersal
7297425680105	21	shufersal
7297425680112	21	shufersal
7297425680167	21	shufersal
7297425680181	21	shufersal
7297425680198	21	shufersal
7297425680204	21	shufersal
7297425680228	21	shufersal
7297425680235	21	shufersal
7297425683991	22	shufersal
7297425684004	22	shufersal
7297425684011	22	shufersal
7297425684028	22	shufersal
7297425684035	22	shufersal
7297425684042	22	shufersal
7297425684059	22	shufersal
7297425684066	22	shufersal
7297425684073	22	shufersal
7297425685209	21	shufersal
7297425685223	21	shufersal
7297425685247	21	shufersal
7297425687975	23	shufersal
7297425688491	21	shufersal
7297425688507	21	shufersal
7297425688514	21	shufersal
7297425688521	21	shufersal
7297425691132	21	shufersal
7297425691149	21	shufersal
7297425691163	21	shufersal
7297425691170	21	shufersal
7297425691552	21	shufersal
7297425691569	21	shufersal
7297425692887	21	shufersal
7297425692900	21	shufersal
7297425692924	21	shufersal
7297425692931	21	shufersal
7297425696267	23	shufersal
7297425696274	19	shufersal
7297425696298	19	shufersal
7297425696304	19	shufersal
7297425699398	23	shufersal
7297425699404	23	shufersal
7297425699435	23	shufersal
7297425699459	23	shufersal
7297425702760	21	shufersal
7297425702791	21	shufersal
7297425702814	21	shufersal
7297425702869	21	shufersal
7297425702876	21	shufersal
7297425702890	21	shufersal
7297425914521	26	shufersal
7297425926203	21	shufersal
7297425926562	21	shufersal
7297425926982	21	shufersal
7297425927224	21	shufersal
7297425927644	23	shufersal
7297425928252	21	shufersal
7297425948083	21	shufersal
7297425952776	21	shufersal
7297425953117	21	shufersal
7297425953124	21	shufersal
7297425953490	22	shufersal
7297425954244	22	shufersal
7297425954329	21	shufersal
7297425954503	21	shufersal
7297425954633	21	shufersal
7297425954794	20	shufersal
7297425955333	21	shufersal
7297425955487	21	shufersal
7297425955500	21	shufersal
7297425955678	20	shufersal
7297425955722	22	shufersal
7297425955791	22	shufersal
7297425956040	21	shufersal
7297425956071	21	shufersal
7297425956262	21	shufersal
7297425956989	19	shufersal
7297425956996	19	shufersal
7297425957023	26	shufersal
7297425957030	26	shufersal
7297425957580	21	shufersal
7297425957597	21	shufersal
7297425957603	21	shufersal
7297425957610	21	shufersal
7297425957627	20	shufersal
7297425957672	20	shufersal
7297425957771	26	shufersal
7297425957795	26	shufersal
7297425958594	26	shufersal
7297425959072	22	shufersal
7297425959317	21	shufersal
7297425970053	26	shufersal
7297425970275	21	shufersal
7297425970282	21	shufersal
7297425970350	26	shufersal
7297425970534	21	shufersal
7297425970541	26	shufersal
7297425970558	26	shufersal
7297425970565	26	shufersal
7297425970862	20	shufersal
7297425971500	21	shufersal
7297425971531	21	shufersal
7297425971678	21	shufersal
7297425971760	21	shufersal
7297425971777	21	shufersal
7297425971807	21	shufersal
7297425971814	21	shufersal
7297425971845	21	shufersal
7297425971883	21	shufersal
7297425971890	21	shufersal
7297425971906	21	shufersal
7297425971913	21	shufersal
7297425971920	21	shufersal
7297425971937	21	shufersal
7297425971968	21	shufersal
7297425972088	26	shufersal
7297425972187	26	shufersal
7297425972200	26	shufersal
7297425972262	26	shufersal
7297425972286	26	shufersal
7297425972347	26	shufersal
7297425972354	26	shufersal
7297425972361	26	shufersal
7297425972378	26	shufersal
7297425972385	26	shufersal
7297425972392	26	shufersal
7297425972408	26	shufersal
7297425972415	26	shufersal
7297425972422	26	shufersal
7297425972439	26	shufersal
7297425972446	26	shufersal
7297425972477	26	shufersal
7297425972484	26	shufersal
7297425972491	26	shufersal
7297425972507	26	shufersal
7297425972545	26	shufersal
7297425972576	26	shufersal
7297425972583	26	shufersal
7297425972590	21	shufersal
7297425972606	21	shufersal
7297425972613	26	shufersal
7297425972620	26	shufersal
7297425972644	26	shufersal
7297425972699	26	shufersal
7297425972705	26	shufersal
7297425972712	26	shufersal
7297425972729	26	shufersal
7297425972767	26	shufersal
7297425972774	26	shufersal
7297425972781	26	shufersal
7297425972798	26	shufersal
7297425972804	26	shufersal
7297425972811	26	shufersal
7297425973603	22	shufersal
7297425975157	21	shufersal
7297425975164	21	shufersal
7297425975171	21	shufersal
7297425975195	26	shufersal
7297425975201	21	shufersal
7297425975218	22	shufersal
7297425975225	22	shufersal
7297425975232	22	shufersal
7297425975249	22	shufersal
7297425975256	22	shufersal
7297425975263	22	shufersal
7297425975270	22	shufersal
7297425975287	22	shufersal
7297425975294	22	shufersal
7297425975300	22	shufersal
7297425975317	22	shufersal
7297425975324	21	shufersal
7297425975331	21	shufersal
7297425975348	21	shufersal
7297425975355	21	shufersal
7297425975362	21	shufersal
7297425975379	21	shufersal
7297425975386	21	shufersal
7297425975393	21	shufersal
7297425975409	21	shufersal
7297425975416	21	shufersal
7297425975423	21	shufersal
7297425975430	21	shufersal
7297425975447	21	shufersal
7297425975454	21	shufersal
7297425975461	21	shufersal
7297425975478	21	shufersal
7297425975485	21	shufersal
7297425975492	21	shufersal
7297425975508	21	shufersal
7297425975515	21	shufersal
7297425975539	21	shufersal
7297425975546	21	shufersal
7297425975553	21	shufersal
7297425975577	21	shufersal
7297425975591	21	shufersal
7297425975614	21	shufersal
7297425975638	21	shufersal
7297425975645	21	shufersal
7297425975652	21	shufersal
7297425975669	21	shufersal
7297425975676	21	shufersal
7297425975690	21	shufersal
7297425975706	21	shufersal
7297425975713	21	shufersal
7297425975720	21	shufersal
7297425975737	21	shufersal
7297425975751	21	shufersal
7297425975775	21	shufersal
7297425975782	21	shufersal
7297425975799	21	shufersal
7297425975836	22	shufersal
7297425975843	21	shufersal
7297425975850	21	shufersal
7297425975867	21	shufersal
7297425975874	21	shufersal
7297425975881	21	shufersal
7297425975898	21	shufersal
7297425975904	21	shufersal
7297425975911	21	shufersal
7297425975928	21	shufersal
7297425975935	21	shufersal
7297425975942	21	shufersal
7297425975959	21	shufersal
7297425975966	21	shufersal
7297425975973	21	shufersal
7297425975980	21	shufersal
7297425975997	21	shufersal
7297425976093	23	shufersal
7297425976109	23	shufersal
7297425976116	23	shufersal
7297425976123	23	shufersal
7297425976130	23	shufersal
7297425976147	23	shufersal
7297425976154	23	shufersal
7297425976161	23	shufersal
7297425976390	23	shufersal
7297425976406	23	shufersal
7297425976413	23	shufersal
7297425976420	23	shufersal
7297425976437	23	shufersal
7297425976444	23	shufersal
7297425976451	23	shufersal
7297425976468	23	shufersal
7297425976475	23	shufersal
7297425976482	23	shufersal
7297464145856	22	shufersal
7297464164659	11	shufersal
7297464385993	15	shufersal
7297488097995	5	shufersal
7297488098015	5	shufersal
7297488098152	5	shufersal
7297488098183	5	shufersal
7297488098305	5	shufersal
7297488099890	19	shufersal
7297488199682	10	shufersal
7297488199781	5	shufersal
7297488199859	5	shufersal
7297491329373	27	shufersal
7297519235259	23	shufersal
7297519235280	23	shufersal
7297529281208	27	shufersal
7297529404065	27	shufersal
7297529404072	27	shufersal
7297529404089	27	shufersal
7297579009982	26	shufersal
7297588028547	25	shufersal
7297588028585	25	shufersal
7297591034603	27	shufersal
7297591034948	27	shufersal
7297591034955	27	shufersal
7297591034962	27	shufersal
7297591034979	27	shufersal
7297591034986	27	shufersal
7297591035044	27	shufersal
7297591035051	27	shufersal
7297591035068	27	shufersal
7297591035075	27	shufersal
7297591035082	27	shufersal
7297591071301	27	shufersal
7297591071318	27	shufersal
7297591071349	27	shufersal
7297591071363	27	shufersal
7297591071882	27	shufersal
7297591138271	27	shufersal
7297591138288	27	shufersal
7297591138295	27	shufersal
7297591138301	27	shufersal
7297591138318	27	shufersal
7297591138325	27	shufersal
7297591138332	27	shufersal
7297591501761	27	shufersal
7297591501778	27	shufersal
7297591501785	27	shufersal
7297591501792	27	shufersal
7297591767587	25	shufersal
7297591767594	25	shufersal
7297591767631	25	shufersal
7297591767648	25	shufersal
7297591767655	25	shufersal
7297591767709	25	shufersal
7297591767716	25	shufersal
7297591767723	25	shufersal
7297591767761	25	shufersal
7297591767778	25	shufersal
7297591767785	25	shufersal
7297591767839	25	shufersal
7297591767846	25	shufersal
7297611968154	27	shufersal
7297611968284	27	shufersal
7297611968406	27	shufersal
7297611968482	27	shufersal
7297611968581	27	shufersal
7297611968611	27	shufersal
7297617001541	26	shufersal
7297617001558	26	shufersal
7297770032673	26	shufersal
7297770058413	25	shufersal
7297770058420	25	shufersal
7297770070842	26	shufersal
7297770077698	24	shufersal
7297770078718	26	shufersal
7297770079845	26	shufersal
7297770087598	25	shufersal
7297770091670	25	shufersal
7297770091687	25	shufersal
7297770091694	25	shufersal
7297770091700	25	shufersal
7297770091717	25	shufersal
7297770091724	25	shufersal
7297770091946	26	shufersal
7297770092639	24	shufersal
7297770097948	24	shufersal
7297770098808	24	shufersal
7297770106121	25	shufersal
7297770106428	25	shufersal
7297770106466	25	shufersal
7297770108606	25	shufersal
7297770108934	25	shufersal
7297770111453	25	shufersal
7297770111460	24	shufersal
7297770111545	25	shufersal
7297770117936	25	shufersal
7297770117943	25	shufersal
7297770120318	25	shufersal
7297770122824	25	shufersal
7297770134131	24	shufersal
7297770135244	26	shufersal
7297770135282	25	shufersal
7297770135640	25	shufersal
7297770135657	25	shufersal
7297770139211	24	shufersal
7297770144888	25	shufersal
7297770147735	24	shufersal
7297770147742	24	shufersal
7297770147773	24	shufersal
7297770150124	26	shufersal
7297770150131	26	shufersal
7297770150148	26	shufersal
7297770152036	26	shufersal
7297770152111	26	shufersal
7297770152272	25	shufersal
7297770152289	25	shufersal
7297770153453	25	shufersal
7297770154283	24	shufersal
7297770154290	24	shufersal
7297770155556	24	shufersal
7297770157222	24	shufersal
7297770157260	24	shufersal
7297770157277	24	shufersal
7297770157291	24	shufersal
7297770157307	24	shufersal
7297770157338	24	shufersal
7297770157345	24	shufersal
7297770157420	24	shufersal
7297770157437	24	shufersal
7298074500615	16	shufersal
7298074500622	16	shufersal
7298074501087	12	shufersal
7298074501247	16	shufersal
7298074501933	12	shufersal
7298074502220	12	shufersal
7298074502268	12	shufersal
7298074502343	12	shufersal
7298074502374	12	shufersal
7298074502398	12	shufersal
7298074502695	12	shufersal
7298074502701	12	shufersal
7298074502909	12	shufersal
7298074502923	12	shufersal
7298074502930	12	shufersal
7298074502954	12	shufersal
7298171164437	25	shufersal
7298171201927	26	shufersal
7298171203013	20	shufersal
7298171217997	25	shufersal
72986370	2	shufersal
72986424	2	shufersal
72986448	2	shufersal
72986455	19	shufersal
72986479	19	shufersal
7298881008830	24	shufersal
7298881009004	24	shufersal
7298881009011	20	shufersal
7298881009035	24	shufersal
7298881009042	24	shufersal
7298881009752	25	shufersal
7298881009875	25	shufersal
7298881009882	25	shufersal
7298881009899	25	shufersal
7298881010031	24	shufersal
7298881010048	24	shufersal
7298881010055	24	shufersal
7298881010062	24	shufersal
7298881010079	24	shufersal
7298881010086	24	shufersal
7298881010147	24	shufersal
7298881010154	24	shufersal
7298881010161	26	shufersal
7298881010178	26	shufersal
7298881010185	26	shufersal
7298881010192	24	shufersal
7298881010208	24	shufersal
7298881010222	24	shufersal
7298881010338	24	shufersal
7298881010376	24	shufersal
7298881010383	24	shufersal
7298881010406	24	shufersal
7298881010413	24	shufersal
7298881010444	24	shufersal
7298881010468	24	shufersal
7298881010475	24	shufersal
7298881010482	24	shufersal
7298881010499	24	shufersal
7298881010505	24	shufersal
7298881010512	24	shufersal
7298881010536	24	shufersal
7298881010567	24	shufersal
7298881010666	26	shufersal
7298881010789	24	shufersal
7298881010796	24	shufersal
7298881010802	24	shufersal
7298881010819	24	shufersal
7298881010932	24	shufersal
7298881011335	25	shufersal
7298881011748	26	shufersal
7298881012189	25	shufersal
7298881012424	24	shufersal
7298881012431	24	shufersal
7298881012769	24	shufersal
7298881012882	24	shufersal
72989425	2	shufersal
72991008	7	shufersal
72991886	2	shufersal
72993637	17	shufersal
72994818	3	shufersal
7299996489132	9	shufersal
730821988460	16	shufersal
730821988484	16	shufersal
730821988514	16	shufersal
730870159835	27	shufersal
7312040017683	8	shufersal
73125	5	shufersal
732	1	shufersal
733045354820	26	shufersal
733045355803	26	shufersal
733045360463	26	shufersal
733045360470	26	shufersal
7332531003087	11	shufersal
733905562839	16	shufersal
733905577123	16	shufersal
733905577130	16	shufersal
733905577147	16	shufersal
733905577154	16	shufersal
733905577161	16	shufersal
733905577178	16	shufersal
733905577185	16	shufersal
733905577192	16	shufersal
733905577215	16	shufersal
733905577222	16	shufersal
733905577239	16	shufersal
733905577246	16	shufersal
733905577253	16	shufersal
733905577260	16	shufersal
733905577277	16	shufersal
733905577284	16	shufersal
733905577291	16	shufersal
733905577307	16	shufersal
733905577314	16	shufersal
733905577321	16	shufersal
733905992803	16	shufersal
733905992810	16	shufersal
733905992827	16	shufersal
733905992834	16	shufersal
733905992841	16	shufersal
733905992858	16	shufersal
733905992865	16	shufersal
733905992872	16	shufersal
733905992889	16	shufersal
733905992896	16	shufersal
733905992902	16	shufersal
733905992919	16	shufersal
733905992926	16	shufersal
733905992933	16	shufersal
733905992940	16	shufersal
733905992957	16	shufersal
733905992964	16	shufersal
733905992971	16	shufersal
733905992988	16	shufersal
733905992995	16	shufersal
7340032860320	13	shufersal
7340032860368	13	shufersal
7340032860894	13	shufersal
7340032875393	13	shufersal
7340055316323	26	shufersal
7340055318679	26	shufersal
7340055330145	26	shufersal
7340055385305	26	shufersal
7340055385336	26	shufersal
73415	19	shufersal
734896880414	25	shufersal
7350012551797	9	shufersal
7350012554354	9	shufersal
7350041950103	8	shufersal
7350068604096	11	shufersal
7350068604102	11	shufersal
7350068604119	11	shufersal
7350075690228	15	shufersal
7350075690235	15	shufersal
7350075690242	15	shufersal
7350075690402	15	shufersal
7350075690426	15	shufersal
7350075690860	16	shufersal
7350115295253	8	shufersal
735282174070	11	shufersal
735471304004	17	shufersal
736211108968	11	shufersal
736211109163	11	shufersal
737052339047	27	shufersal
737052351100	27	shufersal
7371234568950	2	shufersal
7371234569018	2	shufersal
7371234569254	2	shufersal
7371234569490	2	shufersal
7371234569568	2	shufersal
7371234570380	2	shufersal
7371234570526	2	shufersal
7371234570694	2	shufersal
73750	19	shufersal
73767	5	shufersal
73774	5	shufersal
7394376123337	3	shufersal
7394376616778	9	tiv_taam
7394376620904	10	shufersal
7394376621451	3	shufersal
7394376621703	3	shufersal
7394376623691	3	shufersal
7394376623707	3	shufersal
7394376623769	3	shufersal
74184	7	shufersal
74245	7	shufersal
74252	7	shufersal
743434022155	7	shufersal
74375	19	shufersal
74481	7	shufersal
7450026839888	24	shufersal
7450026848842	24	shufersal
7450026848859	24	shufersal
7453140789558	1	shufersal
7465603183759	8	shufersal
7465603183797	8	shufersal
7465603183803	8	shufersal
74764638212	11	shufersal
74764650573	14	shufersal
74764664266	11	shufersal
748322762427	11	shufersal
748322762861	11	shufersal
748322763066	11	shufersal
748322763073	11	shufersal
748322763080	15	shufersal
748322763097	15	shufersal
748322763103	15	shufersal
748322763141	15	shufersal
748322763158	11	shufersal
748322763172	11	shufersal
748322763189	11	shufersal
748322763196	11	shufersal
748322763240	11	shufersal
749	1	shufersal
7500435218221	26	shufersal
7500435238335	26	shufersal
7500435238366	11	shufersal
7501064191527	8	shufersal
75020086730	26	shufersal
7509546057545	15	shufersal
7509546061672	27	shufersal
7509546063515	15	shufersal
7509546677118	27	shufersal
7509546688886	15	shufersal
7509546688916	15	shufersal
7509546688923	17	tiv_taam
7509546689623	15	shufersal
7509546699790	15	shufersal
7509546701219	15	shufersal
75143	7	shufersal
75204	7	shufersal
75693	7	shufersal
75810001356	5	shufersal
75810021354	5	shufersal
760851603019	14	shufersal
760851603026	14	shufersal
760851603033	14	shufersal
760851603040	14	shufersal
760851603057	14	shufersal
760851603071	14	shufersal
760851603088	14	shufersal
760851603095	14	shufersal
760851603101	14	shufersal
760851603118	14	shufersal
760851603125	14	shufersal
7610008040590	7	shufersal
7610008056959	7	tiv_taam
7610008622000	7	tiv_taam
7610008641001	7	shufersal
7610008641506	7	shufersal
7610008700807	7	shufersal
7610008760009	7	shufersal
7610113023716	8	shufersal
7610113027684	8	shufersal
7610113033210	8	shufersal
7610400030632	7	tiv_taam
7610400066037	7	shufersal
7610400068505	7	shufersal
7610400068529	7	shufersal
7610400075770	7	shufersal
7610400075787	7	shufersal
7610400085946	7	shufersal
7610400091060	7	shufersal
7610400098878	7	shufersal
7610400099776	7	shufersal
7610458007099	15	shufersal
7610458007143	15	shufersal
7610458007150	15	shufersal
7610458007266	15	shufersal
7610458007396	15	shufersal
7610458007426	15	shufersal
7610458007440	15	shufersal
7610458010037	15	shufersal
7610458010105	15	shufersal
7610458010129	15	shufersal
7610458010136	15	shufersal
7610458010143	15	shufersal
7610458010150	15	shufersal
7610458010167	15	shufersal
7610458010402	15	shufersal
7610458010419	15	shufersal
7610458010426	15	shufersal
7610458010433	15	shufersal
7610458010440	15	shufersal
7610458010464	15	shufersal
7610458010488	15	shufersal
7610458010495	15	shufersal
7610458010617	15	shufersal
7610458010716	15	shufersal
7610458010723	15	shufersal
7610458010730	15	shufersal
7610458010747	15	shufersal
7610458010754	15	shufersal
7610458010778	15	shufersal
7610458010792	15	shufersal
7610458010914	15	shufersal
7610458010921	15	shufersal
7610458010938	15	shufersal
7610458010945	15	shufersal
7610458017500	15	shufersal
7610458017517	15	shufersal
7610458017555	15	shufersal
7610458017609	15	shufersal
7610458017623	15	shufersal
7610458017661	15	shufersal
7610458026892	15	shufersal
76106071	5	shufersal
76106842	5	shufersal
7610700001264	10	shufersal
7610700002681	10	shufersal
7610700009956	10	shufersal
7610700010709	10	shufersal
7610700010778	10	shufersal
7610700012642	10	shufersal
7610700013083	10	shufersal
7610700600863	10	shufersal
7610700607077	10	shufersal
7610700612293	10	shufersal
7610700614952	10	shufersal
7612206003216	26	shufersal
7612206003254	26	shufersal
7612206006828	26	shufersal
7612206028509	26	shufersal
7612206029865	26	shufersal
7612206029872	26	shufersal
7612206044370	26	shufersal
7612206047142	26	shufersal
7612206053259	26	shufersal
7612206055123	26	shufersal
7612206067782	26	shufersal
7612206718516	26	shufersal
7612367003094	11	shufersal
7612367003537	17	shufersal
7612367014069	11	shufersal
7612367016797	11	shufersal
7612367056090	11	shufersal
7612367056199	11	shufersal
7612367060080	11	shufersal
7612367060493	11	shufersal
761236900532	16	shufersal
761236900549	16	shufersal
761236900556	16	shufersal
761236900617	16	shufersal
761236900624	16	shufersal
761236900693	16	shufersal
76126	7	shufersal
7613030979647	19	shufersal
7613031380992	18	shufersal
7613031381494	18	shufersal
7613032045753	7	shufersal
7613033548192	7	shufersal
7613034146656	18	shufersal
7613035027022	18	shufersal
7613035378643	18	shufersal
7613035379794	18	shufersal
7613035379817	18	shufersal
7613035622623	7	shufersal
7613035635845	7	shufersal
7613035807778	5	shufersal
7613035809109	5	shufersal
7613035809857	5	shufersal
7613036105545	18	shufersal
7613036105576	18	shufersal
7613036105606	18	shufersal
7613036105651	18	shufersal
7613036120395	18	shufersal
7613036288026	18	shufersal
7613036314114	8	shufersal
7613036520492	5	shufersal
7613036725286	18	shufersal
7613036725309	18	shufersal
7613036962230	18	shufersal
7613036962278	18	shufersal
7613036965248	18	shufersal
7613036965262	18	shufersal
7613036984379	19	shufersal
7613036984430	19	shufersal
7613036984478	8	tiv_taam
7613036984492	19	shufersal
7613037204797	8	shufersal
7613037204889	8	shufersal
7613037686906	7	shufersal
7613038451954	7	shufersal
7613039770450	2	shufersal
7613039771174	2	shufersal
7613287186843	8	tiv_taam
7613287302151	19	shufersal
7613287476678	7	shufersal
7613287821348	2	shufersal
7613287855565	19	shufersal
76133	7	shufersal
7613600003796	8	shufersal
7613600003819	8	shufersal
7614500010013	7	shufersal
7614500010310	7	shufersal
7614500010617	7	shufersal
7616805696282	20	shufersal
7616805697159	20	shufersal
7616805697302	20	shufersal
7616805697418	20	shufersal
7616805697630	20	shufersal
7616805697647	20	shufersal
7616805697654	20	shufersal
7616805697883	20	shufersal
7616805698484	20	shufersal
7616805698873	20	shufersal
7616805698903	20	shufersal
7616805698910	20	shufersal
7616805698927	20	shufersal
7616805698934	20	shufersal
7616805699016	20	shufersal
7616805699030	20	shufersal
7616805699054	20	shufersal
7616805699900	20	shufersal
7617014149316	8	shufersal
7617014149330	8	shufersal
7617014149354	8	shufersal
761742026184	7	shufersal
761742026191	7	shufersal
761742026825	7	shufersal
7622010001858	19	shufersal
7622201050757	7	shufersal
7622201139278	17	shufersal
7622201401900	7	shufersal
7622201521493	17	shufersal
7622201798154	17	shufersal
7622201809188	7	shufersal
7622201813390	7	shufersal
7622201823733	7	shufersal
7622202030635	3	shufersal
7622202257506	7	shufersal
7622202257803	7	shufersal
7622202262593	7	shufersal
7622202265648	7	shufersal
7622202269790	7	shufersal
7622202269844	7	shufersal
7622202273452	7	shufersal
7622202286476	7	shufersal
7622202287879	7	shufersal
7622202365430	7	shufersal
7622210078131	7	tiv_taam
7622210137234	7	shufersal
7622210163899	7	tiv_taam
7622210413147	7	shufersal
7622210413888	7	shufersal
7622210453327	19	shufersal
7622210696878	7	shufersal
7622210826053	7	shufersal
7622300107949	7	shufersal
7622300270506	7	shufersal
7622300356767	7	shufersal
7622300489427	7	shufersal
7622300489434	7	shufersal
7622300503079	7	shufersal
7622300617820	7	shufersal
7622300772314	7	tiv_taam
763	1	shufersal
7630039648770	8	shufersal
7630040409315	8	shufersal
7630040409339	8	shufersal
7630040409360	8	shufersal
7630311506934	19	shufersal
7630311528974	8	shufersal
7630311562640	8	shufersal
7630428744830	8	shufersal
7630477855235	8	shufersal
7638900083071	26	shufersal
7638900248357	26	shufersal
7638900426663	26	shufersal
7638900426809	26	shufersal
7638900426823	26	shufersal
7638900437775	26	shufersal
7640105059270	13	shufersal
7640105059300	13	shufersal
7640105059362	13	shufersal
7640105059379	13	shufersal
7640105059393	13	shufersal
7640105059416	13	shufersal
7640105059423	13	shufersal
7640105059430	13	shufersal
7640105059454	13	shufersal
7640105059492	13	shufersal
7640105059508	13	shufersal
7640119234670	15	shufersal
7640137510015	12	shufersal
7640137510046	12	shufersal
7640170984132	19	shufersal
7640184450036	13	shufersal
7640184454454	13	shufersal
7640184454522	13	shufersal
7640184457042	13	shufersal
7640184457967	13	shufersal
7640184458483	13	shufersal
7640184458513	13	shufersal
7640233340035	13	shufersal
7640233340097	13	shufersal
7640233340721	13	shufersal
7640233341711	13	shufersal
7640365140039	27	shufersal
766961302880	9	shufersal
76840002542	2	shufersal
76840100156	2	shufersal
76840100583	19	shufersal
768404001640	2	shufersal
76840400218	2	shufersal
768614102014	13	shufersal
768614102021	13	shufersal
769493104762	8	shufersal
769493200518	7	shufersal
769904000997	5	shufersal
77	1	shufersal
77017	7	shufersal
7702018070794	11	shufersal
7702018271788	27	shufersal
7702018347629	11	shufersal
7702018441075	27	shufersal
7702018468447	27	shufersal
7702018482740	11	shufersal
7702018539468	17	tiv_taam
7702018552344	17	tiv_taam
7702018578252	27	shufersal
7702018614240	11	shufersal
7702018866984	27	shufersal
7702018867110	17	tiv_taam
7702018980819	27	shufersal
7702018980833	17	tiv_taam
7702024074625	7	shufersal
7702174066631	7	shufersal
7702174068833	7	shufersal
7702174073783	7	shufersal
7702174085458	7	shufersal
7702174085465	7	shufersal
77253	7	shufersal
7791293048574	15	shufersal
7791293048581	15	shufersal
7791293048598	15	shufersal
7791293048611	15	shufersal
7791293048857	27	shufersal
7791293048864	27	shufersal
7791293048871	27	shufersal
7791293048888	27	shufersal
7791293048895	27	shufersal
7791293048901	27	shufersal
7791293048918	27	shufersal
7791293050638	27	shufersal
7791875005353	5	shufersal
7791940020014	11	shufersal
7792860006218	7	shufersal
77975094624	7	shufersal
77975094631	7	shufersal
77975095263	7	shufersal
77975095270	7	shufersal
7798141877836	8	shufersal
7804414000860	8	shufersal
7804414000877	8	shufersal
7804414000884	8	shufersal
7804414017134	8	shufersal
780519424978	11	shufersal
7806723188642	13	shufersal
78212	5	shufersal
782126003003	15	shufersal
782126003058	15	shufersal
782126003072	15	shufersal
782126003089	15	shufersal
782126003102	15	shufersal
782126009005	15	shufersal
783320411946	13	shufersal
783320413698	27	shufersal
783320420672	13	shufersal
783320425394	27	shufersal
783495008811	17	shufersal
783495539629	14	shufersal
783495539643	14	shufersal
783495539650	14	shufersal
78522000198	11	shufersal
78522001652	11	shufersal
78522021056	11	shufersal
78522021131	11	shufersal
78522021230	11	shufersal
78522030270	11	shufersal
78522040118	12	shufersal
78522050124	12	shufersal
78522070122	11	shufersal
785571750973	9	shufersal
785571751000	9	shufersal
786521011113	26	shufersal
78652105619	24	shufersal
78652131113	26	shufersal
78652321101	26	shufersal
78652425069	24	shufersal
78652439004	24	shufersal
78652467106	20	shufersal
78652475064	25	shufersal
78652558118	26	shufersal
78652668114	26	shufersal
78652717119	20	shufersal
787068119034	20	shufersal
787068119058	20	shufersal
787269603240	25	shufersal
787269603301	25	shufersal
787269603394	25	shufersal
787269613577	14	shufersal
78762	7	shufersal
788364808004	14	shufersal
788364808011	14	shufersal
788364808028	14	shufersal
788364930026	20	shufersal
788364930033	20	shufersal
788364930040	20	shufersal
788364930057	20	shufersal
788364930064	20	shufersal
788364930071	20	shufersal
788364930088	20	shufersal
788364930095	20	shufersal
788364930125	20	shufersal
788364930132	20	shufersal
788364930149	20	shufersal
788364930156	20	shufersal
788364930163	20	shufersal
788364930170	20	shufersal
788364930187	20	shufersal
788364930200	23	shufersal
788364930217	20	shufersal
7890732316226	25	shufersal
7890732316240	25	shufersal
7891024030974	15	shufersal
7891024124253	17	tiv_taam
7891024124826	15	shufersal
7891024179482	15	shufersal
7891155042181	26	shufersal
7891155043003	20	shufersal
7891155044413	20	shufersal
7898582396443	11	shufersal
792649533772	9	shufersal
792649533789	9	shufersal
793945893669	21	shufersal
794677368067	9	shufersal
7958537101062	17	shufersal
7958537101130	17	shufersal
7958537101208	17	shufersal
7958537101376	17	shufersal
7958537101444	17	shufersal
7958537101512	17	shufersal
7958537104100	17	shufersal
7958537106876	17	shufersal
7958537111962	17	shufersal
7958537112020	17	shufersal
7958537112402	17	shufersal
79625014013	14	shufersal
79625014075	14	shufersal
79625014112	14	shufersal
79625014136	14	shufersal
79625014624	14	shufersal
79625017861	14	shufersal
79625018943	14	shufersal
79625018950	14	shufersal
79625018981	14	shufersal
79625440867	14	shufersal
79625443745	14	shufersal
79625446364	14	shufersal
79625459920	14	shufersal
79625915297	14	shufersal
79625915426	14	shufersal
79625915662	14	shufersal
796554369488	15	shufersal
799439301368	15	shufersal
799439318182	15	shufersal
8000040001106	8	shufersal
8000070003774	8	shufersal
8000070003798	8	shufersal
8000070003811	8	shufersal
8000070003880	8	shufersal
8000070003972	8	shufersal
8000070041776	8	shufersal
80001287	7	shufersal
80001461	7	shufersal
80001485	7	shufersal
80001799	7	shufersal
80001911	7	shufersal
8000215204219	10	shufersal
8000215204240	10	shufersal
8000215204271	10	shufersal
8000215204370	3	shufersal
8000215204387	10	shufersal
8000215204394	10	shufersal
8000215204554	10	shufersal
8000215204677	3	shufersal
8000215204684	10	shufersal
8000215204714	3	shufersal
8000380003723	7	shufersal
8000380003761	7	shufersal
8000380004676	7	shufersal
8000380004881	7	shufersal
8000380004911	7	shufersal
8000380004942	7	shufersal
8000380004966	7	shufersal
8000380005598	7	shufersal
8000380007219	19	shufersal
8000380007257	7	shufersal
8000380007264	19	shufersal
8000380106028	7	shufersal
8000380144044	7	shufersal
8000380153534	7	shufersal
8000380180721	19	shufersal
8000380180745	7	shufersal
8000380189281	7	shufersal
8000380192199	7	shufersal
8000380201396	7	shufersal
8000380220434	7	shufersal
8000392006132	19	shufersal
8000500023624	7	shufersal
8000500023976	7	shufersal
8000500026731	7	shufersal
8000500029350	7	shufersal
8000500037874	7	shufersal
8000500071083	7	shufersal
8000500094976	7	shufersal
8000500121436	7	shufersal
8000500167656	7	shufersal
8000500170359	7	shufersal
8000500172810	7	shufersal
8000500227848	7	shufersal
8000500247150	7	shufersal
8000500249352	19	shufersal
8000500256213	7	shufersal
8000500267103	7	shufersal
8000500269169	7	shufersal
8000500289877	7	shufersal
8000500310397	7	shufersal
8000500325384	7	tiv_taam
8000500353738	7	shufersal
8000500359358	7	shufersal
8000500359488	7	shufersal
8000500359556	7	shufersal
8000500359884	7	shufersal
8000500366073	7	shufersal
8000500384794	7	shufersal
8000500386941	5	shufersal
8000500389652	7	tiv_taam
8000500391228	7	shufersal
8000500396780	7	shufersal
8000500406069	7	shufersal
8000500411254	7	tiv_taam
8000500411278	7	tiv_taam
8000500426494	5	shufersal
8000500447130	7	shufersal
8000500447833	7	shufersal
8000500447895	7	shufersal
8000500454121	7	shufersal
8000500459461	7	shufersal
8000734	11	shufersal
8000796	15	shufersal
8000826	15	shufersal
8001010062844	5	shufersal
8001060042070	5	shufersal
8001060042087	5	shufersal
8001060042100	5	shufersal
8001090111715	15	shufersal
8001090131263	15	shufersal
8001090291035	17	tiv_taam
8001090700025	26	shufersal
8001090819536	27	shufersal
8001090899194	15	shufersal
8001090899224	17	tiv_taam
8001100051055	7	tiv_taam
8001100058979	7	tiv_taam
8001100059198	7	tiv_taam
8001100064802	7	tiv_taam
8001100070810	7	tiv_taam
8001359006530	11	shufersal
8001359008138	16	shufersal
8001359008541	12	shufersal
8001359008589	11	shufersal
8001359008640	11	shufersal
8001359008800	11	shufersal
8001359009937	11	shufersal
8001359108319	11	shufersal
8001359108326	11	shufersal
8001359108340	11	shufersal
8001359108654	11	shufersal
8001505000177	10	shufersal
8001505000184	5	shufersal
8001620011935	8	shufersal
8001620015636	8	shufersal
8001620017456	8	shufersal
8001620019177	8	shufersal
8001841053806	15	shufersal
8001841131269	19	shufersal
8001841625188	19	shufersal
8001841625461	19	shufersal
8001841689425	15	shufersal
8001841689494	15	shufersal
8001841907536	19	shufersal
8002230000012	8	shufersal
8002267002270	2	shufersal
8002267002416	2	shufersal
8002267011753	2	shufersal
8002270015656	8	shufersal
8002270226823	8	tiv_taam
8002270436581	8	shufersal
8002270866524	8	shufersal
8002450201008	8	shufersal
8002450204009	8	shufersal
8002670006308	3	shufersal
8002910043476	11	shufersal
8002960103199	5	shufersal
8002960103205	5	shufersal
8002960103212	5	shufersal
8003340091280	7	shufersal
8003340801674	7	shufersal
8003340806808	7	shufersal
8003340806815	7	shufersal
8003340807751	7	shufersal
8003340807775	7	shufersal
8003445000866	11	shufersal
8003520033659	15	shufersal
8004030022010	5	shufersal
8004030026018	5	shufersal
8004030044005	5	shufersal
8004030081024	5	shufersal
8004030271418	5	shufersal
8004030271425	5	shufersal
8004030271432	5	shufersal
8004030344938	5	shufersal
8004030352513	5	shufersal
8004030352612	5	shufersal
8004030845046	5	shufersal
8004030855038	5	shufersal
8004030860001	5	shufersal
80042563	5	shufersal
80043638	10	shufersal
80043645	10	shufersal
8004399021921	8	shufersal
8004399025370	8	shufersal
8004399327924	8	shufersal
8004399331198	8	shufersal
8004399331372	8	shufersal
8004399331396	8	shufersal
8004399331402	8	shufersal
8004399332928	8	shufersal
80044079	10	shufersal
8004690050507	5	shufersal
8004690050620	5	shufersal
8004690051573	5	shufersal
8004690052044	5	shufersal
8004690052846	5	shufersal
8004690053195	5	shufersal
8004690053225	5	shufersal
8004690057308	5	shufersal
8004690058008	5	shufersal
8004690101513	5	shufersal
8004690106600	5	shufersal
80050025	7	shufersal
80050124	7	shufersal
80050278	7	shufersal
8005110001772	5	shufersal
8005110002243	5	shufersal
8005110002533	5	shufersal
8005110002557	5	shufersal
8005110170300	5	shufersal
8005110191015	5	shufersal
80052760	7	shufersal
8005610328256	27	shufersal
8005610481005	13	shufersal
8006530089234	15	shufersal
8006530089326	15	shufersal
8006530259217	17	shufersal
8006530264457	17	shufersal
8006530264464	17	shufersal
8006530264495	17	shufersal
8006530264525	17	shufersal
8006530264570	17	shufersal
8006530264600	17	shufersal
8006530264617	17	shufersal
8006530264655	17	shufersal
8006530264686	17	shufersal
8006530264693	17	shufersal
8006540093849	15	shufersal
8006540124758	11	shufersal
8006540124833	11	shufersal
8006540429327	19	shufersal
8006540544020	27	shufersal
8006540544068	17	tiv_taam
8006540544105	27	shufersal
8006540544143	27	shufersal
8006540688892	15	shufersal
8006540688939	15	shufersal
8006540689059	15	shufersal
8006540689110	15	shufersal
8006540689233	15	shufersal
8006540822258	17	tiv_taam
8006540822708	17	tiv_taam
8006540822944	17	tiv_taam
8006540847961	15	shufersal
8006540865729	19	shufersal
8006540865750	19	shufersal
8006540865781	19	shufersal
8006540865828	19	shufersal
8006540883211	15	shufersal
8006540888346	19	tiv_taam
8006540910320	19	shufersal
8006540910399	19	shufersal
8006540953617	19	tiv_taam
8006540986141	27	shufersal
8006540993767	17	tiv_taam
8006540995839	15	shufersal
8006663001042	3	tiv_taam
8006837000918	6	shufersal
8006837003100	6	shufersal
8007178120310	5	shufersal
8007178223547	5	shufersal
8007270999012	5	shufersal
8008087299661	25	shufersal
8008131001028	16	shufersal
80083665	10	shufersal
80083764	10	shufersal
8008698002025	10	shufersal
8008698002100	5	shufersal
8008698003503	5	shufersal
8008698004548	5	shufersal
8008698004807	5	shufersal
8008698004852	5	shufersal
8008698005231	5	shufersal
8008698005286	7	tiv_taam
8008698008157	5	shufersal
8008698012857	5	shufersal
8008698024065	5	shufersal
8008698024188	5	shufersal
8008698033876	5	shufersal
8008698037171	5	shufersal
8008698037874	5	shufersal
8008698054109	5	shufersal
8008843003945	9	shufersal
8008843004294	15	shufersal
8008857200156	5	shufersal
8008857200194	5	shufersal
8008857300030	5	shufersal
8008857400587	5	shufersal
8008857400839	5	shufersal
8008857400846	5	shufersal
8008857406145	5	shufersal
8008857406152	5	shufersal
8008857410074	5	shufersal
8008857500003	5	shufersal
8008857611075	5	shufersal
8008912010034	5	shufersal
8008912010072	5	shufersal
8008912010300	5	shufersal
8008912010317	5	shufersal
8008912010331	5	shufersal
8008912010423	5	shufersal
800897003777	14	shufersal
800897003937	14	shufersal
800897004200	14	shufersal
800897004507	14	shufersal
800897005078	14	shufersal
800897005269	14	shufersal
800897024307	14	shufersal
800897024918	14	shufersal
800897078133	14	shufersal
800897085605	14	shufersal
800897100018	14	shufersal
800897100025	14	shufersal
800897100032	14	shufersal
800897100049	14	shufersal
800897108038	14	shufersal
800897114992	14	shufersal
800897129774	14	shufersal
800897129965	14	shufersal
800897168735	14	shufersal
800897184674	14	shufersal
800897197148	14	shufersal
800897207205	14	shufersal
800897207441	14	shufersal
800897215361	14	shufersal
800897225261	14	shufersal
800897234331	14	shufersal
800897240318	14	shufersal
800897243531	14	shufersal
800897245047	14	shufersal
800897246488	14	shufersal
800897246501	14	shufersal
800897249205	14	shufersal
800897249588	14	shufersal
800897249977	14	shufersal
800897250232	14	shufersal
800897254704	14	shufersal
800897255077	14	shufersal
800897255428	14	shufersal
800897257422	14	shufersal
800897257576	14	shufersal
800897261535	14	shufersal
800897261764	14	shufersal
800897265885	14	shufersal
800897266004	14	shufersal
800897266707	14	shufersal
800897266752	14	shufersal
800897266974	14	shufersal
800897268909	14	shufersal
800897269340	14	shufersal
800897271015	14	shufersal
800897271176	14	shufersal
800897271541	14	shufersal
800897274801	14	shufersal
800897275044	14	shufersal
800897275129	14	shufersal
800897275792	14	shufersal
800897275921	14	shufersal
800897276102	14	shufersal
800897277420	14	shufersal
800897277444	14	shufersal
800897277451	14	shufersal
800897277475	14	shufersal
800897813710	14	shufersal
800897813727	14	shufersal
800897824884	14	shufersal
800897836245	14	shufersal
800897836894	14	shufersal
8008990009593	16	shufersal
8008990009753	16	shufersal
8008990095831	16	shufersal
8009271003989	26	shufersal
8009470009164	18	shufersal
8009470009539	18	shufersal
8009470009607	18	shufersal
8009470013017	18	shufersal
8009470013024	18	shufersal
8009470013031	18	shufersal
8009470013055	18	shufersal
8009470013062	18	shufersal
8009470013079	18	shufersal
8009470013086	18	shufersal
8010024006010	17	shufersal
8011003801619	27	shufersal
8011003803132	27	shufersal
8011003804566	13	shufersal
8011003809219	27	shufersal
8011003813858	27	shufersal
8011003818112	13	shufersal
8011003823093	13	shufersal
8011003823529	13	shufersal
8011003823536	13	shufersal
8011003825745	27	shufersal
8011003826490	27	shufersal
8011003838493	27	shufersal
8011003839117	13	shufersal
8011003845354	27	shufersal
8011003852741	27	shufersal
8011003861224	27	shufersal
8011003864294	27	shufersal
8011003872077	27	shufersal
8011003872855	27	shufersal
8011003876280	13	shufersal
8011003890804	27	shufersal
8011003891061	13	shufersal
8011003891092	13	shufersal
8011003895755	27	shufersal
8011003899906	13	shufersal
8011003993819	13	shufersal
8011003993826	13	shufersal
8011003995967	27	shufersal
8011530000134	27	shufersal
8011530820015	13	shufersal
8011889500026	13	shufersal
8011889500057	27	shufersal
8011889500118	27	shufersal
8011889500132	13	shufersal
8011889500170	27	shufersal
8011889500194	13	shufersal
8011889500231	27	shufersal
8011889500255	13	shufersal
8011889500347	13	shufersal
8011889500354	13	shufersal
8011889500361	13	shufersal
8011889500378	13	shufersal
8011889500453	27	shufersal
8012335910505	8	shufersal
8013298201211	26	shufersal
8013298203017	26	shufersal
8013298210978	26	shufersal
80135876	5	shufersal
80136194	7	shufersal
8014515335351	10	shufersal
8014515335368	10	shufersal
8014515335382	10	shufersal
8015219	10	shufersal
8015332	11	shufersal
8015677	16	shufersal
8016063	11	shufersal
8016070	11	shufersal
8016094	11	shufersal
8016124	11	shufersal
8016287154642	26	shufersal
8016650	11	shufersal
8016741012587	13	shufersal
8016741022579	13	shufersal
8016741032684	13	shufersal
8016741042492	13	shufersal
8016741052590	13	shufersal
8016741062599	13	shufersal
8016741063930	13	shufersal
8016741072482	27	shufersal
8016741092480	13	shufersal
8016741092701	13	shufersal
8016741122323	13	shufersal
8016741142536	13	shufersal
8016741142703	13	shufersal
8016741142710	13	shufersal
8016741152535	13	shufersal
8016741162534	13	shufersal
8016741162664	13	shufersal
8016741172434	13	shufersal
8016741192432	13	shufersal
8016741192708	13	shufersal
8016741202711	13	shufersal
8016741212666	13	shufersal
8016741242700	13	shufersal
8016741262500	13	shufersal
8016741262715	13	shufersal
8016741266614	13	shufersal
8016741282508	13	shufersal
8016741292705	13	shufersal
8016741332517	13	shufersal
8016741342516	13	shufersal
8016741362682	13	shufersal
8016741372629	13	shufersal
8016741422683	13	shufersal
8016741432606	13	shufersal
8016741452536	13	shufersal
8016741502620	13	shufersal
8016741502712	13	shufersal
8016741522284	13	shufersal
8016741542282	13	shufersal
8016741552717	13	shufersal
8016741562570	13	shufersal
8016741572555	13	shufersal
8016741582554	27	shufersal
8016741582578	13	shufersal
8016741602511	13	shufersal
8016741602559	13	shufersal
8016741632433	13	shufersal
8016741642432	13	shufersal
8016741642555	13	shufersal
8016741642678	13	shufersal
8016741652721	13	shufersal
8016741672606	13	shufersal
8016741682551	13	shufersal
8016741682605	13	shufersal
8016741692673	13	shufersal
8016741702556	13	shufersal
8016741702600	13	shufersal
8016741712555	13	shufersal
8016741712609	13	shufersal
8016741732638	13	shufersal
8016741752582	13	shufersal
8016741792632	13	shufersal
8016741802638	13	shufersal
8016741812422	13	shufersal
8016741812583	13	shufersal
8016741812637	13	shufersal
8016741832550	13	shufersal
8016741842511	13	shufersal
8016741842559	13	shufersal
8016741842580	13	shufersal
8016741852510	13	shufersal
8016741852558	13	shufersal
8016741872587	13	shufersal
8016741872600	13	shufersal
8016741882586	13	shufersal
8016741882609	13	shufersal
8016741932588	13	shufersal
8016741932632	13	shufersal
8016741942587	13	shufersal
8016741952203	13	shufersal
8016741962202	13	shufersal
8016741962608	13	shufersal
8016867002646	15	shufersal
8016867003056	15	shufersal
8016867007023	16	shufersal
8016867007030	16	shufersal
8016867008945	15	shufersal
8016867008969	15	shufersal
8016867008976	15	shufersal
8016867009904	15	shufersal
8016867009911	15	shufersal
8016867009928	15	shufersal
8016867009935	15	shufersal
8016867009942	15	shufersal
8016867009959	15	shufersal
8016867012584	15	shufersal
8016867014779	15	shufersal
8016867014786	15	shufersal
8016867014793	15	shufersal
8016867015080	15	shufersal
8016867015912	15	shufersal
8016867015929	15	shufersal
8016867015943	15	shufersal
8016867017923	15	shufersal
8016887000158	9	shufersal
8016887001070	16	shufersal
8017138	11	shufersal
8017367	11	shufersal
8017404	12	shufersal
8017459	11	shufersal
8017466	11	shufersal
8017473	11	shufersal
8017589	11	shufersal
8017596	12	shufersal
8017602	12	shufersal
8017626	16	shufersal
8017633	11	shufersal
8017640	11	shufersal
8017657	11	shufersal
80176800	5	shufersal
8017718	11	shufersal
8017732	12	shufersal
80177609	7	shufersal
80177616	7	shufersal
8017886	11	shufersal
8017893	12	shufersal
8017909	12	shufersal
8017916	16	shufersal
8017930	12	shufersal
8017938005122	5	shufersal
8017938005764	8	shufersal
8017947	16	shufersal
8017954	16	shufersal
8017961	11	shufersal
8017978	11	shufersal
8017985	12	shufersal
8018080458545	26	shufersal
8018365070264	13	shufersal
8018365071261	13	shufersal
8018365071469	13	shufersal
8018365500037	27	shufersal
8021098001955	20	shufersal
8021098002297	20	shufersal
8021098002709	20	shufersal
8021098003416	20	shufersal
8021098004536	20	shufersal
8021098770141	20	shufersal
8021098770561	20	shufersal
8021098771018	20	shufersal
8021098771100	20	shufersal
8021098773111	20	shufersal
8021098773159	20	shufersal
8021098773166	20	shufersal
8021098773197	20	shufersal
8021098773203	20	shufersal
8021098773524	20	shufersal
8021098774620	20	shufersal
8021098774637	20	shufersal
8021098774873	19	shufersal
8021098774897	20	shufersal
8021098774903	19	shufersal
8022836000063	7	shufersal
8023542	19	shufersal
8024985002783	17	shufersal
8024985002943	17	shufersal
8024985002950	17	shufersal
8024985002967	17	shufersal
8024985003988	17	shufersal
8024985005234	17	shufersal
8024985008037	17	shufersal
8024985008044	17	shufersal
8024985008051	17	shufersal
8024985011204	17	shufersal
8024985011990	17	shufersal
8024985012003	17	shufersal
8024985013468	17	shufersal
8024985013475	17	shufersal
8024985013482	17	shufersal
8028544101122	13	shufersal
8028544101177	13	shufersal
8028544101252	13	shufersal
8028544101337	27	shufersal
8028544101399	27	shufersal
8028544102716	15	shufersal
8028544102723	15	shufersal
8028544102891	13	shufersal
8028544103706	13	shufersal
803067	15	shufersal
80310167	7	shufersal
80310891	7	shufersal
803180	15	shufersal
8032472017264	9	shufersal
8032472017301	9	shufersal
8032472024354	16	shufersal
8032472035732	9	shufersal
8032472035749	9	shufersal
8032804430471	5	shufersal
8032880800243	7	shufersal
8033020444501	5	shufersal
8033020444518	5	shufersal
8033020444525	5	shufersal
8033020444549	5	shufersal
8033020445980	5	shufersal
8033087660012	15	shufersal
8033087660029	15	shufersal
8033087660050	15	shufersal
8033087660180	15	shufersal
8033413430708	8	shufersal
8033488150112	27	shufersal
8033488151539	27	shufersal
8033488151959	13	shufersal
8033488151973	13	shufersal
8033488151980	13	shufersal
8033488152864	13	shufersal
8033488152871	13	shufersal
8033488153267	27	shufersal
8033488153281	27	shufersal
8033488153434	13	shufersal
8033488153557	27	shufersal
8033488153564	27	shufersal
8033488153588	27	shufersal
8033488153595	13	shufersal
8033488153601	27	shufersal
8033488153762	27	shufersal
8033488154158	27	shufersal
8033488154622	13	shufersal
8033488154882	27	shufersal
8033488155063	13	shufersal
8033488155124	13	shufersal
8033488155162	13	shufersal
8033488155186	13	shufersal
8033488155421	13	shufersal
8033488155452	13	shufersal
8033488155469	13	shufersal
8033488155490	13	shufersal
8033488155520	13	shufersal
8033488155537	13	shufersal
8033488155551	13	shufersal
8033488157463	13	shufersal
8033488157555	13	shufersal
8033488157784	13	shufersal
8033488157890	13	shufersal
8033488157906	13	shufersal
8033488157968	13	shufersal
8033488158026	13	shufersal
8033488158163	27	shufersal
8033488159139	13	shufersal
8033488159160	13	shufersal
8033488159207	27	shufersal
8033829380093	5	shufersal
8033829380239	5	shufersal
80432402931	8	shufersal
80473206	10	shufersal
80473213	10	shufersal
80473336	10	shufersal
8052086377240	13	shufersal
8052086377974	27	shufersal
8052204136032	13	shufersal
8052204136216	27	shufersal
8052204136254	13	shufersal
8052204136322	13	shufersal
8052204136353	13	shufersal
8052204136414	13	shufersal
8052204136421	27	shufersal
8052204137107	13	shufersal
8052204137145	13	shufersal
8052204137183	13	shufersal
8052440756315	5	shufersal
8052464890705	27	shufersal
8052464890965	27	shufersal
8052464893324	13	shufersal
8052464896028	27	shufersal
8052464896677	13	shufersal
8052464897070	13	shufersal
8052464897759	13	shufersal
8052464898299	13	shufersal
8052464898350	13	shufersal
8052464898367	13	shufersal
8052464898374	13	shufersal
8052464898381	13	shufersal
8053259248725	5	shufersal
80541776	10	shufersal
8054320900078	13	shufersal
8054320900214	13	shufersal
8054320900252	13	shufersal
8054320901457	13	shufersal
8054320902348	13	shufersal
8054320902485	13	shufersal
8054320902522	27	shufersal
8054320902584	27	shufersal
8054320902720	13	shufersal
8054320902959	13	shufersal
8054320903062	13	shufersal
8054320903123	13	shufersal
8054320904021	13	shufersal
8054320904182	13	shufersal
8054754401059	27	shufersal
8054754401134	14	shufersal
8054754401158	14	shufersal
8054754401165	14	shufersal
8054754403138	27	shufersal
8054754403282	27	shufersal
8054754405057	13	shufersal
8054754405095	27	shufersal
8054754407235	13	shufersal
8054754407280	27	shufersal
8056669925705	27	shufersal
8056669925774	13	shufersal
8056669925781	13	shufersal
8056669925859	27	shufersal
8056669925897	27	shufersal
8056669925941	13	shufersal
8056860210815	27	shufersal
8056860212031	13	shufersal
8056860214660	13	shufersal
8057587870054	27	shufersal
8057587872270	27	shufersal
8057971180424	27	shufersal
8057971180448	27	shufersal
8057971180493	13	shufersal
8057971180509	27	shufersal
8057971181544	27	shufersal
8057971181568	27	shufersal
8057971183128	27	shufersal
8057971183579	27	shufersal
8057971183661	13	shufersal
8057971183739	13	shufersal
8057971183913	27	shufersal
8057971183937	27	shufersal
8057971186655	13	shufersal
8057971187829	13	shufersal
8057971187911	27	shufersal
8057971188116	27	shufersal
8057971188123	27	shufersal
8057971188192	13	shufersal
8057971188291	13	shufersal
8057971188727	27	shufersal
8058045420804	13	shufersal
8058045432937	27	shufersal
8058056170484	6	shufersal
805900	18	shufersal
805917	18	shufersal
805924	18	shufersal
80655404	10	shufersal
80686000440	8	shufersal
807251101223	25	shufersal
807254001230	25	shufersal
807259441581	25	shufersal
80761761	7	shufersal
8076800195019	5	shufersal
8076800195033	5	shufersal
8076800195057	5	shufersal
8076800195132	5	shufersal
8076800315097	5	shufersal
8076802085738	5	shufersal
8076802085936	5	shufersal
8076802085981	5	shufersal
8076808070882	5	shufersal
8076808150072	5	shufersal
8076809501415	5	shufersal
8076809512268	5	shufersal
8076809513388	5	shufersal
8076809513395	5	shufersal
8076809513654	5	shufersal
8076809513692	5	shufersal
8076809513739	5	shufersal
8076809514774	5	shufersal
8076809523561	5	shufersal
8076809523714	5	shufersal
8076809523738	5	shufersal
8076809529419	5	shufersal
8076809545440	5	shufersal
8076809545457	5	shufersal
8076809545464	5	shufersal
8076809570626	10	shufersal
8076809570657	10	shufersal
8076809574631	5	shufersal
8076809576352	5	shufersal
8076809580144	5	shufersal
8076809583503	5	shufersal
8076809584920	5	shufersal
8076809587174	5	shufersal
80771418	7	shufersal
80773429	7	shufersal
80773443	7	shufersal
80776307	7	shufersal
80785385	7	shufersal
80790990	7	shufersal
80794233	7	shufersal
80798026	7	shufersal
80831402	7	shufersal
80832560	7	shufersal
80843184	7	shufersal
8084956	17	shufersal
80854753	7	shufersal
80864295	7	shufersal
80874652	7	shufersal
80896081	7	shufersal
80906056	7	shufersal
80906889	7	shufersal
80913467	7	shufersal
8092241	9	shufersal
80926481	7	shufersal
80936848	7	shufersal
80940234	7	shufersal
80945468	7	shufersal
80974215	7	shufersal
80979128	7	shufersal
80986348	7	shufersal
8098786	12	shufersal
80995128	7	shufersal
810023672913	13	shufersal
810023677345	13	shufersal
810023677451	13	shufersal
810023678649	13	shufersal
810028070516	20	shufersal
810028071674	20	shufersal
810028071681	20	shufersal
810028071698	20	shufersal
810034225528	24	shufersal
810043374446	26	shufersal
810051826883	17	shufersal
810051826890	17	shufersal
810051826906	17	shufersal
810051826913	17	shufersal
810092675761	26	shufersal
810092678595	26	shufersal
810092678601	26	shufersal
810092678663	26	shufersal
810092678687	26	shufersal
810092678922	26	shufersal
810092678939	26	shufersal
810092679646	26	shufersal
810106771267	11	shufersal
810106771304	11	shufersal
810106771489	11	shufersal
810106771847	11	shufersal
810106772042	11	shufersal
810106772332	11	shufersal
810106772493	11	shufersal
810106774824	11	shufersal
810106774831	11	shufersal
810106774909	11	shufersal
810106774916	11	shufersal
810106774923	11	shufersal
810106774930	11	shufersal
810106774985	11	shufersal
810139300243	26	shufersal
810160666288	26	shufersal
810160666295	26	shufersal
8103206	9	shufersal
8103367	9	shufersal
8104036	11	shufersal
8104050	15	shufersal
810725022726	11	shufersal
810905030503	11	shufersal
810905033276	11	shufersal
810905033405	11	shufersal
810905038066	11	shufersal
810905038332	11	shufersal
810905039018	11	shufersal
810905039186	11	shufersal
810912030848	11	shufersal
810912031555	11	shufersal
810912031968	11	shufersal
810912031975	11	shufersal
810912032019	11	shufersal
810912032040	11	shufersal
810912032200	11	shufersal
810912032224	11	shufersal
810912032248	11	shufersal
810912032255	11	shufersal
810912032569	11	shufersal
810912032576	11	shufersal
810912032613	15	shufersal
810912033191	11	shufersal
810912033603	11	shufersal
810912033610	11	shufersal
810912034150	15	shufersal
810912034815	11	shufersal
810912035218	11	shufersal
810912035232	11	shufersal
810912035720	14	shufersal
810912035911	11	shufersal
810912035935	11	shufersal
810912035980	15	shufersal
810912036253	11	shufersal
810912036314	11	shufersal
8110433	9	shufersal
8110501	9	shufersal
8110563	9	shufersal
8110587	9	shufersal
8110594	9	shufersal
8110693	9	shufersal
8110785	9	shufersal
8110983	9	shufersal
8111041	9	shufersal
811434010509	22	shufersal
811434010516	22	shufersal
811434016020	26	shufersal
8116503	9	shufersal
8116862	11	shufersal
8116886	11	shufersal
811901022967	13	shufersal
811901023001	13	shufersal
8121300206946	10	shufersal
8121300207004	10	shufersal
8121300208780	10	shufersal
812130021141	10	shufersal
812256022480	13	shufersal
812256023289	13	shufersal
812256028611	13	shufersal
8123723	11	shufersal
812400495160	8	shufersal
813724023756	5	shufersal
8141017	16	shufersal
8144032	16	shufersal
8144063	9	shufersal
8144070	16	shufersal
8144186	16	shufersal
815151025747	11	shufersal
815151025778	11	shufersal
815151027000	11	shufersal
815151027116	11	shufersal
815151028519	11	shufersal
815151029646	11	shufersal
815151029653	11	shufersal
81663	7	shufersal
8175173	3	shufersal
8175210	3	shufersal
8175814	5	shufersal
8175906	19	shufersal
818275299438	26	shufersal
818570007066	5	shufersal
819122000238	9	shufersal
819122000252	9	shufersal
819804020967	11	shufersal
819804020998	11	shufersal
8212137	21	shufersal
8212328	23	shufersal
8212342	21	shufersal
8212359	21	shufersal
8212588	26	shufersal
8212656	26	shufersal
8212670	21	shufersal
8212687	21	shufersal
8212694	26	shufersal
8212717	23	shufersal
8212861	21	shufersal
8212991	21	shufersal
82184090473	8	shufersal
8232521301232	8	shufersal
824	1	shufersal
8255004	4	shufersal
8255202	4	shufersal
8255257	4	shufersal
8255271	4	shufersal
8255332	4	shufersal
8255349	4	shufersal
8255356	4	shufersal
8255363	4	shufersal
8255431	24	shufersal
8255479	4	shufersal
8255486	4	shufersal
8255509	4	shufersal
8255523	4	shufersal
8255530	4	shufersal
8255554	4	shufersal
8255578	4	shufersal
8255592	4	shufersal
8263054	10	shufersal
8263658	10	shufersal
8264334	11	shufersal
827854001973	27	shufersal
827854010746	27	shufersal
8278540177380	15	shufersal
8324007	9	shufersal
8324021	9	shufersal
8324038	9	shufersal
8324052	9	shufersal
8324069	9	shufersal
8324083	9	shufersal
8324267	9	shufersal
8324342	9	shufersal
8335485	4	shufersal
833949000264	5	shufersal
8340618	4	shufersal
8343466	19	shufersal
8343558	19	shufersal
8343565	19	shufersal
8343572	2	shufersal
8343602	19	shufersal
8343619	19	shufersal
8343626	19	shufersal
8344272	2	shufersal
8345132	4	shufersal
8345156	2	shufersal
8345576	4	shufersal
8345583	4	shufersal
8349949	5	shufersal
8349956	5	shufersal
8349994	5	shufersal
8350273	4	shufersal
8350280	4	shufersal
8350297	4	shufersal
8350303	4	shufersal
8350327	4	shufersal
8350358	4	shufersal
8350365	4	shufersal
8350372	4	shufersal
8350501	3	shufersal
8350570	4	shufersal
8351461	4	shufersal
8351799	4	shufersal
8351843	4	shufersal
835811000853	5	shufersal
835811002277	25	shufersal
835811002390	25	shufersal
835811006053	5	shufersal
835811006312	5	shufersal
835811006985	5	shufersal
835811008279	5	shufersal
835811008347	8	shufersal
8367240	6	shufersal
837524000038	11	shufersal
837524000953	11	shufersal
837524001257	11	shufersal
837524001806	11	shufersal
837524002407	11	shufersal
837524002414	11	shufersal
837524002421	11	shufersal
837524002544	11	shufersal
839762000641	8	shufersal
839762000658	8	shufersal
84	1	shufersal
840117801875	11	shufersal
840117802506	11	shufersal
840117802537	11	shufersal
840117803695	11	shufersal
840117804111	11	shufersal
840117804135	11	shufersal
840117804197	11	shufersal
840117804364	15	shufersal
840117804470	11	shufersal
840117804487	11	shufersal
840117804647	11	shufersal
840117804654	11	shufersal
840117804661	11	shufersal
840117804685	11	shufersal
840117804883	11	shufersal
840117805316	15	shufersal
840117805545	11	shufersal
840117805583	11	shufersal
840117805637	15	shufersal
840117805644	15	shufersal
840117805651	15	shufersal
840117805712	15	shufersal
840117805729	15	shufersal
840117805736	15	shufersal
840117805743	15	shufersal
840117806085	11	shufersal
840117806528	11	shufersal
840117806788	11	shufersal
840117806986	11	shufersal
840117807327	15	shufersal
840117807334	15	shufersal
840117807426	11	shufersal
840117807945	11	shufersal
840117807976	11	shufersal
840117808171	11	shufersal
840117808546	15	shufersal
840117808812	11	shufersal
840117810556	11	shufersal
840117811447	15	shufersal
840117811867	11	shufersal
840117812079	15	shufersal
840117812086	15	shufersal
840117812123	11	shufersal
840117815308	11	shufersal
840155600836	14	shufersal
840155600850	14	shufersal
840155601994	11	shufersal
840155602366	11	shufersal
840155603011	11	shufersal
840268997748	26	shufersal
8403238	3	shufersal
8403535	3	shufersal
8403863	19	shufersal
8403870	3	shufersal
840414659810	26	shufersal
8409049	19	shufersal
8409100	19	shufersal
8409124	19	shufersal
8409216	19	shufersal
8409315	2	shufersal
8409551	2	shufersal
8409582	19	shufersal
8409605	2	shufersal
8410066140190	5	shufersal
8410076602251	7	shufersal
8410076610379	7	shufersal
8410076610386	7	tiv_taam
8410076610492	7	shufersal
8410076610508	7	shufersal
8410104039134	19	shufersal
8410104045111	19	shufersal
8410104437268	19	shufersal
8410104511340	11	shufersal
8410179000411	5	shufersal
8410179014821	5	shufersal
8410179018027	5	shufersal
8410179018034	5	shufersal
8410179020310	5	shufersal
8410179020327	5	shufersal
8410179020341	5	shufersal
8410179100043	5	shufersal
8410179100340	5	shufersal
8410179100845	5	shufersal
8410179100944	5	shufersal
8410179203027	5	shufersal
8410376009392	10	shufersal
8410376010701	10	shufersal
8410376017359	5	shufersal
8410376023831	10	shufersal
8410376037821	10	shufersal
8410376040135	7	shufersal
8410376042498	10	shufersal
8410376044393	10	shufersal
8410376044959	5	shufersal
8410376045017	5	shufersal
8410376059380	10	shufersal
8410376059397	10	shufersal
8410376075786	5	shufersal
8410376075915	5	shufersal
841058005285	27	shufersal
8410644611203	8	shufersal
8410644611210	8	shufersal
8410793283832	8	shufersal
8411061001646	27	shufersal
8411061043844	27	shufersal
8411061043868	27	shufersal
8411061083482	13	shufersal
8411061088166	27	shufersal
8411061088180	13	shufersal
8411061088197	13	shufersal
8411061106228	13	shufersal
8411061106518	13	shufersal
8411061124994	27	shufersal
8411061894026	13	shufersal
8411061972656	27	shufersal
8411114057187	13	shufersal
8411114057194	27	shufersal
8411287003127	26	shufersal
8411287003318	26	shufersal
8411287003363	26	shufersal
8411287004223	26	shufersal
8411287004407	26	shufersal
8411287004506	26	shufersal
8411287005954	26	shufersal
8411287009327	20	shufersal
8411287019579	21	shufersal
8411660005434	19	shufersal
8411660005441	19	shufersal
8412497212330	24	shufersal
8412497743865	24	shufersal
8412955000301	26	shufersal
8412955000363	26	shufersal
8412955003326	26	shufersal
8412955003371	26	shufersal
8412955003401	26	shufersal
8412955020170	22	shufersal
8412955020910	26	shufersal
8412955020989	22	shufersal
8412955021009	26	shufersal
8412955021030	26	shufersal
8412955021092	21	shufersal
8412955022006	20	shufersal
8412955023034	26	shufersal
8412955023409	22	shufersal
8412955023416	22	shufersal
8412955023676	26	shufersal
8412955023683	26	shufersal
8412955023980	26	shufersal
8412955024000	22	shufersal
8412955060848	21	shufersal
8412955060862	21	shufersal
8412955061173	26	shufersal
8412955061241	22	shufersal
8412955061326	26	shufersal
8412955061371	26	shufersal
8412955061418	26	shufersal
8412955061630	21	shufersal
8412955061647	26	shufersal
8412955061814	26	shufersal
8412955061852	21	shufersal
8412955061883	26	shufersal
8412955062026	21	shufersal
8412955062057	26	shufersal
8412955062279	21	shufersal
8412955062330	21	shufersal
8412955062347	21	shufersal
8412955062354	21	shufersal
8412955062361	21	shufersal
8412955062842	26	shufersal
8412955063108	21	shufersal
8412955063214	21	shufersal
8412955063221	21	shufersal
8412955200923	26	shufersal
8412955201401	22	shufersal
8412955201418	26	shufersal
8412955300128	26	shufersal
8412955300135	26	shufersal
8412955300661	21	shufersal
8412955301057	26	shufersal
8412955301064	26	shufersal
8412955301156	21	shufersal
8412955301170	26	shufersal
8412955301187	21	shufersal
8412955301316	20	shufersal
8412955301484	22	shufersal
8412955301514	21	shufersal
8412955301569	22	shufersal
841557	19	shufersal
8420812920778	25	shufersal
8420822131669	19	shufersal
8420822132475	19	shufersal
8420822132482	19	shufersal
8420822134547	19	shufersal
8420822134578	19	shufersal
8420822135001	19	shufersal
8421002180606	20	shufersal
8421002379307	20	shufersal
8421002379406	20	shufersal
8421002379505	20	shufersal
8421367801	17	shufersal
8422160050657	26	shufersal
8422160052408	20	shufersal
8422160053979	20	shufersal
8423207206488	7	shufersal
8423207206495	7	shufersal
8423207207362	7	shufersal
8423207208260	5	shufersal
8423207208680	7	shufersal
8423207208697	7	shufersal
8423207208703	7	shufersal
8423207208871	7	shufersal
8423207208888	7	shufersal
8423207208895	7	shufersal
8423207210287	7	shufersal
8423207210928	7	shufersal
8423207213493	7	shufersal
8423207213509	7	shufersal
8425414	3	shufersal
8425438	3	shufersal
8425445	3	shufersal
8425476	3	shufersal
8425513	3	shufersal
8425704	3	shufersal
8427030007281	11	shufersal
8427030007298	11	shufersal
8427324891923	16	shufersal
8427324891978	16	shufersal
8429449108276	11	shufersal
8429449108283	11	shufersal
8429449108290	11	shufersal
8429449108306	11	shufersal
8430104106506	25	shufersal
8430104201027	26	shufersal
8430104275011	26	shufersal
8430104275028	26	shufersal
8431754006031	27	shufersal
8431754007250	27	shufersal
8431754008912	13	shufersal
8431754342016	13	shufersal
8431754462516	27	shufersal
8432225076270	11	shufersal
8432225076751	11	shufersal
8432225085791	11	shufersal
8432225113319	11	shufersal
8432225129853	11	shufersal
8432406180192	26	shufersal
8432406180291	26	shufersal
8432406680081	20	shufersal
8434165466166	7	shufersal
8434165466326	7	shufersal
8434165466333	7	shufersal
8434165503724	7	shufersal
8434165655768	7	shufersal
8434165656338	7	shufersal
8434165658523	7	shufersal
8434165658530	7	shufersal
8434165671140	7	shufersal
8435137729180	27	shufersal
8435137743155	13	shufersal
8435137749607	27	shufersal
8435137759781	27	shufersal
8435137764433	13	shufersal
8435137764730	27	shufersal
8435137782949	27	shufersal
8435415006408	13	shufersal
8435415012669	27	shufersal
8435415012690	27	shufersal
8435415030885	27	shufersal
8435415032315	27	shufersal
8435415050760	13	shufersal
8435415058346	13	shufersal
8435415059060	13	shufersal
8435415065191	27	shufersal
8435415076838	13	shufersal
8435415076944	27	shufersal
8435415080385	27	shufersal
8435415080422	13	shufersal
8435415091169	13	shufersal
8435415102346	27	shufersal
8435415113960	13	shufersal
8435415114028	27	shufersal
8435415114790	27	shufersal
8435495840497	19	tiv_taam
8436018276175	13	shufersal
8436018276182	13	shufersal
8436018276199	13	shufersal
8436018276212	27	shufersal
8436018276380	13	shufersal
8436025305608	15	shufersal
8436038834935	13	shufersal
8436048965513	7	shufersal
8436048965520	7	shufersal
8436048965575	7	shufersal
8436540952882	15	shufersal
8436540952929	11	shufersal
8436540954046	11	shufersal
8436550507584	13	shufersal
8436550508918	13	shufersal
8436550509847	13	shufersal
8436562150013	8	shufersal
8436575292205	2	shufersal
8436581940268	27	shufersal
8436581940305	13	shufersal
8436581942538	13	shufersal
8436581942545	27	shufersal
8436581944693	13	shufersal
8436581945133	13	shufersal
8436581945140	27	shufersal
8436581947182	13	shufersal
8436581949278	27	shufersal
8436581949308	27	shufersal
8436603740005	13	shufersal
8436603740180	13	shufersal
8436603740197	13	shufersal
8436603740203	13	shufersal
8436603740272	13	shufersal
8436611101119	27	shufersal
8436611101126	13	shufersal
8436611101218	13	shufersal
8436611101225	27	shufersal
8436611101607	27	shufersal
8436611101614	13	shufersal
8436611101737	13	shufersal
8436611104547	27	shufersal
8436611104554	13	shufersal
8437009458907	11	shufersal
8437009458921	11	shufersal
8437009458938	15	shufersal
8437009458976	15	shufersal
8437010135019	15	shufersal
8437010135040	15	shufersal
8437010135071	11	shufersal
8437010135088	11	shufersal
8437010135156	11	shufersal
8437010135163	11	shufersal
8437010135309	15	shufersal
8437010135316	15	shufersal
8437010135323	15	shufersal
8437010135446	11	shufersal
8437010135507	15	shufersal
8437018498444	13	shufersal
8444231	12	shufersal
8444668	11	shufersal
8445290014337	18	shufersal
8445290018878	18	shufersal
8445290018892	18	shufersal
8445290109613	18	shufersal
8445290154552	19	shufersal
8445290156136	19	shufersal
8445290348265	18	shufersal
8445290776846	18	shufersal
8445290776907	18	shufersal
8445290964595	7	shufersal
8445291028838	17	tiv_taam
8445291028852	17	tiv_taam
8445291050358	11	shufersal
8445291050396	11	shufersal
8445291081345	11	shufersal
8445291081390	11	shufersal
8445291081574	11	shufersal
8445291301948	7	shufersal
8445291363687	8	shufersal
8445291367425	8	shufersal
8445291373921	2	tiv_taam
8445291426320	7	shufersal
8445291451728	19	shufersal
8445291513365	8	shufersal
8445291537163	18	shufersal
8445291537590	18	shufersal
8445291537927	18	shufersal
8445291563667	8	shufersal
8445291638839	7	shufersal
8445291964983	7	tiv_taam
8445292354769	8	shufersal
8455800	4	shufersal
8455824	4	shufersal
8455831	4	shufersal
8455848	4	shufersal
8455855	4	shufersal
8455862	4	shufersal
8455879	4	shufersal
8455886	4	shufersal
8455893	4	shufersal
8455916	4	shufersal
8455961	4	shufersal
845632131131	11	shufersal
8458009	2	shufersal
8458726	2	shufersal
8458788	2	shufersal
8458801	2	shufersal
8458818	2	shufersal
8458825	2	shufersal
8458832	2	shufersal
8458863	2	shufersal
8458979	2	shufersal
8461047	3	shufersal
8462310	3	shufersal
8464024	8	shufersal
8464130	8	shufersal
8464222	8	shufersal
8464406	8	shufersal
8464468	8	shufersal
8464475	8	shufersal
8464604	8	shufersal
8464611	8	shufersal
8464673	8	shufersal
8464697	8	shufersal
8464703	8	shufersal
8464734	8	shufersal
8464741	19	shufersal
8464796	8	shufersal
8464802	8	shufersal
8469890	2	shufersal
8470002573376	15	shufersal
8470002636651	15	shufersal
847539084619	21	shufersal
847539088037	21	shufersal
847539089430	26	shufersal
847539089447	26	shufersal
847539091945	21	shufersal
847539093383	26	shufersal
847539094175	20	shufersal
847539094250	20	shufersal
847539094274	20	shufersal
847539095257	21	shufersal
847922025496	18	shufersal
847922033033	18	shufersal
847922033552	18	shufersal
847922059149	18	shufersal
847922059156	18	shufersal
847922060916	18	shufersal
847922060923	18	shufersal
847922075613	18	shufersal
847922077037	18	shufersal
847922077112	18	shufersal
847922080778	18	shufersal
847922080952	18	shufersal
848039000710	1	shufersal
848039001557	1	shufersal
848039006415	1	shufersal
848533010437	17	shufersal
848603421934	15	shufersal
8493413	19	shufersal
8493710	19	shufersal
8499842	4	shufersal
8499903	4	shufersal
8500005	5	shufersal
850002922226	20	shufersal
850002922233	20	shufersal
850002922240	20	shufersal
850002922257	20	shufersal
850002922264	20	shufersal
850002922271	20	shufersal
850002922288	20	shufersal
850002922295	20	shufersal
850002922301	20	shufersal
850002922318	20	shufersal
850002922325	20	shufersal
850002922332	20	shufersal
850002922363	20	shufersal
850002922479	20	shufersal
850002922486	20	shufersal
850002922509	20	shufersal
850002922516	20	shufersal
850002922523	20	shufersal
850018802017	11	shufersal
850018802215	11	shufersal
850018802444	15	shufersal
850018802451	15	shufersal
850018802567	15	shufersal
850018802642	11	shufersal
850018802710	15	shufersal
850018802772	15	shufersal
850028162613	26	shufersal
850028162910	26	shufersal
850033806267	26	shufersal
850045076610	14	shufersal
850049716178	27	shufersal
850049716321	13	shufersal
850066415665	15	shufersal
850066415672	11	shufersal
850066415689	11	shufersal
850066415696	11	shufersal
850067456803	2	tiv_taam
850067456841	2	tiv_taam
851604006697	11	shufersal
851621000050	8	shufersal
8533058	9	shufersal
8533126	9	shufersal
8533997	9	shufersal
855111003224	17	shufersal
855384000012	16	shufersal
8563140008357	9	shufersal
856591000109	7	tiv_taam
856591000512	7	tiv_taam
85715000538	27	shufersal
85715004178	13	shufersal
85715004802	13	shufersal
85715151018	13	shufersal
85715151100	13	shufersal
85715151209	27	shufersal
85715163103	27	shufersal
85715167224	27	shufersal
85715168405	13	shufersal
85715169587	27	shufersal
85715169594	27	shufersal
85715170088	27	shufersal
85715321732	27	shufersal
85715323538	13	shufersal
85715323644	27	shufersal
85715324009	13	shufersal
85715326607	27	shufersal
85715333001	13	shufersal
85715333100	13	shufersal
85715343444	13	shufersal
85715349309	13	shufersal
85715350008	27	shufersal
85805156602	13	shufersal
85805210458	13	shufersal
85805214845	13	shufersal
85805260156	13	shufersal
85805261078	13	shufersal
85805261085	13	shufersal
85805261122	13	shufersal
85805557331	13	shufersal
85805574024	13	shufersal
85805574109	13	shufersal
8581153348932	26	shufersal
858511000749	15	shufersal
858511001098	11	shufersal
858511001128	11	shufersal
858511001135	11	shufersal
858511001159	15	shufersal
8588009456681	9	shufersal
85939868	8	shufersal
85942707	8	shufersal
8594403709018	8	shufersal
8595134503302	8	shufersal
8595134503487	8	shufersal
8595134503975	8	shufersal
85951730	8	shufersal
859547004466	19	tiv_taam
8595657301164	18	shufersal
8595657302734	18	shufersal
8595657302741	18	shufersal
8595657302758	18	shufersal
8595657302765	18	shufersal
8595657302789	18	shufersal
8595657302802	18	shufersal
8595657304066	18	shufersal
8595657304073	18	shufersal
8595657305568	18	shufersal
8595657305575	18	shufersal
8595657305599	18	shufersal
8595657306558	18	shufersal
8595657306565	18	shufersal
8595657306572	18	shufersal
8595657306589	18	shufersal
8595657306718	18	shufersal
8595657306800	18	shufersal
8595657306817	18	shufersal
8595657306824	18	shufersal
8595657306831	18	shufersal
8595657307777	18	shufersal
8595657307784	18	shufersal
8595657307791	18	shufersal
859581006877	12	shufersal
85966611	8	shufersal
85967069	8	shufersal
8597906	5	shufersal
8606018615827	19	shufersal
8606018615841	19	shufersal
8606018615865	19	shufersal
8606030051801	8	shufersal
8606030051818	8	shufersal
8606363	3	shufersal
8606370	5	shufersal
8606608	3	shufersal
8606615	3	shufersal
8606622	3	shufersal
8606639	3	shufersal
8606646	3	shufersal
8606950	3	shufersal
8606974	3	shufersal
8612067	16	shufersal
8612074	16	shufersal
8612081	16	shufersal
8612098	16	shufersal
8612104	16	shufersal
8612166	16	shufersal
8612203	11	shufersal
8612227	16	shufersal
8612272	16	shufersal
8612333	11	shufersal
8612340	16	shufersal
8612401	16	shufersal
8612432	16	shufersal
8612449	16	shufersal
8612463	16	shufersal
8612494	16	shufersal
8612593	16	shufersal
8612609	16	shufersal
8612616	16	shufersal
8612760	16	shufersal
8612876	16	shufersal
861940000006	13	shufersal
8620251360528	26	shufersal
8636102732529	26	shufersal
8639095	19	shufersal
866371009628	24	shufersal
866371009635	24	shufersal
866371009659	24	shufersal
8670142	8	shufersal
8670159	8	shufersal
8670913	8	shufersal
8670920	8	shufersal
8670937	8	shufersal
8681008055524	13	shufersal
8681982062259	20	shufersal
8682539003800	19	shufersal
8682539005033	19	shufersal
8682655106898	20	shufersal
8682655106911	20	shufersal
8682655106935	20	shufersal
8683608070532	13	shufersal
8683608070587	13	shufersal
8683608070600	13	shufersal
8683608070914	27	shufersal
8683608071010	13	shufersal
8683608071027	13	shufersal
8683608071034	13	shufersal
8683608071041	13	shufersal
8683608071058	13	shufersal
8683608071065	13	shufersal
8683608071201	13	shufersal
8683608071294	13	shufersal
8683608071508	13	shufersal
8683608071522	13	shufersal
8683608071621	13	shufersal
8683659925270	18	shufersal
8690531032377	5	shufersal
8690531401722	5	shufersal
8690713	8	shufersal
8690777204071	19	shufersal
8690777206051	5	shufersal
8690777221405	5	shufersal
8690784516440	19	shufersal
8690784711777	19	tiv_taam
8691900174032	15	shufersal
8691900174049	15	shufersal
8691900174056	15	shufersal
8693134	19	shufersal
8693495030243	15	shufersal
8693495036498	15	shufersal
8693495051057	11	shufersal
8693495051118	11	shufersal
8693495051132	11	shufersal
8693495051156	11	shufersal
8693495052177	17	tiv_taam
8693495409414	19	shufersal
8693495409438	19	shufersal
8695543007924	3	shufersal
8695543009126	3	shufersal
8696814056740	14	shufersal
8696814056788	14	shufersal
8697530910941	8	shufersal
8697530910989	8	shufersal
8697530911313	8	shufersal
8697562019056	11	shufersal
8697581984809	14	shufersal
8697659225186	19	shufersal
8697659230807	19	shufersal
8697659230821	19	shufersal
8697826469092	6	shufersal
8697853093543	20	shufersal
8697926016776	11	shufersal
8697926016783	11	shufersal
8698703025868	11	shufersal
8698703025875	11	shufersal
8698771820631	16	shufersal
8698782712567	19	shufersal
8699568531952	11	shufersal
8700216057417	11	shufersal
8700216134668	19	shufersal
8700216163224	15	shufersal
8700216163378	15	shufersal
8700216163811	19	tiv_taam
8700216171380	15	shufersal
8700216178068	11	shufersal
8700216179041	15	shufersal
8700216179386	15	shufersal
8700216211727	15	shufersal
8700216211826	15	shufersal
8700216212120	15	shufersal
8700216212410	11	shufersal
8700216213073	15	shufersal
8700216213226	15	shufersal
8700216213868	15	shufersal
8700216236164	19	shufersal
8700216237239	19	shufersal
8700216237420	19	shufersal
8700216270786	11	shufersal
8700216350358	17	shufersal
8700216350433	17	shufersal
8700216418287	15	shufersal
8700216418300	15	shufersal
8700216418416	15	shufersal
8700216418492	15	shufersal
8700216419291	17	shufersal
8700216420365	17	tiv_taam
8700216420464	17	shufersal
8700216421881	15	shufersal
8700216421928	15	shufersal
8700216461962	15	shufersal
8700216506250	15	shufersal
8700216527637	15	shufersal
8700216527675	15	shufersal
8700216527729	15	shufersal
8700216527736	15	shufersal
8700216527767	15	shufersal
8700216527842	15	shufersal
8700216527897	15	shufersal
8700216527941	15	shufersal
8700216593694	15	shufersal
8700216596596	17	shufersal
8700216596633	17	shufersal
8700216596701	17	shufersal
8700216601337	15	shufersal
8700216601405	15	shufersal
8700216601498	15	shufersal
8700216601528	15	shufersal
8700216614931	15	shufersal
8700216619851	15	shufersal
8700216623834	15	shufersal
8700216623872	15	shufersal
8700216640367	15	shufersal
8700216640466	15	shufersal
8700216708500	19	shufersal
8700216708807	19	shufersal
8700216744461	19	tiv_taam
8700216744560	19	shufersal
8700216744614	19	shufersal
8700216804189	19	shufersal
8700216804714	19	shufersal
8700216889094	27	shufersal
8700216890946	17	tiv_taam
8700216890984	17	shufersal
8700216891011	17	shufersal
8700216891080	17	shufersal
8700216891103	17	shufersal
8700216891134	17	shufersal
8700216916011	15	shufersal
8700216961868	19	shufersal
8700216965606	19	shufersal
8700216965644	19	shufersal
8700216965743	19	shufersal
8700216965774	19	shufersal
8705493	11	shufersal
8710103527800	11	shufersal
8710103556879	11	shufersal
8710103786689	11	shufersal
8710103786696	11	shufersal
8710103831624	27	shufersal
8710103851820	11	shufersal
8710103855545	11	shufersal
8710103859734	26	shufersal
8710103867364	8	shufersal
8710103869528	8	shufersal
8710103896227	11	shufersal
8710103896241	11	shufersal
8710103907152	11	shufersal
8710103910961	26	shufersal
8710103940913	27	shufersal
8710103942566	26	shufersal
8710103942788	11	shufersal
8710103943808	8	shufersal
8710103943815	8	shufersal
8710103952299	8	shufersal
8710103985105	11	shufersal
8710103985129	11	shufersal
8710103989622	11	shufersal
8710103989660	11	shufersal
8710103989684	11	shufersal
8710103989707	11	shufersal
8710103989721	11	shufersal
8710103989783	11	shufersal
8710428005755	11	shufersal
8710428016348	11	shufersal
8710428017000	11	shufersal
8710428017024	11	shufersal
8710428023728	11	shufersal
8710428023742	11	shufersal
8710447275306	11	shufersal
8710447275313	11	shufersal
8710447284117	15	shufersal
8710447320655	15	shufersal
8710502064814	7	shufersal
8710502194825	7	shufersal
8710502279010	7	shufersal
8710502447006	7	shufersal
8710502470028	7	shufersal
8710732229908	8	shufersal
8710800961310	7	shufersal
87108538	7	shufersal
87108651	7	shufersal
87108712	7	shufersal
8710908404184	15	shufersal
8711000371176	8	shufersal
8711000371183	8	shufersal
8711000371206	8	shufersal
8711000371244	8	shufersal
8711000601587	8	shufersal
8711295257865	22	shufersal
8711300999964	8	shufersal
8711428077155	16	shufersal
8711678	16	shufersal
8711700796712	15	shufersal
8712000051099	8	shufersal
8712000051945	8	shufersal
8712100679360	8	tiv_taam
8712100858970	2	shufersal
8712400714105	11	shufersal
8712400717984	11	shufersal
8712400802499	11	shufersal
8712400802512	11	shufersal
8712400802536	11	shufersal
8712561384704	15	shufersal
8712561384841	15	shufersal
8712561485524	11	shufersal
8712561488280	15	shufersal
8712561571333	15	shufersal
8712561571388	15	shufersal
8712561594240	15	shufersal
8712561594608	15	shufersal
8712561611183	17	tiv_taam
8712561611411	17	tiv_taam
8712561626286	15	shufersal
8713900	17	shufersal
8713917	17	shufersal
8714207410501	15	shufersal
8714207441000	15	shufersal
8714207452501	15	shufersal
8714574572536	26	shufersal
8714574572581	26	shufersal
8714574572604	26	shufersal
8714789177229	15	shufersal
8714789218465	15	shufersal
8714789303925	15	shufersal
8714789402918	19	shufersal
8714789402932	19	shufersal
8714789402970	19	shufersal
8714789572543	15	shufersal
8714789582764	19	shufersal
8714789733159	15	shufersal
8714789733272	15	shufersal
8714789733289	15	shufersal
8714789733296	15	shufersal
8714789831275	15	shufersal
8714789966403	15	shufersal
8715035110502	5	shufersal
8715700110141	5	shufersal
8715700110158	5	shufersal
8715700115641	5	shufersal
8715700117805	5	shufersal
8715700118925	5	shufersal
8715700124964	19	shufersal
8715700419732	5	shufersal
8715700422473	5	shufersal
8715946655161	26	shufersal
8715946663562	26	shufersal
8715946703510	26	shufersal
8715946716817	26	shufersal
8715946716848	26	shufersal
8715946741222	26	shufersal
8715946741239	26	shufersal
8715946741253	26	shufersal
8715946741277	26	shufersal
8715946741284	26	shufersal
8717163647196	15	shufersal
8717163647202	27	shufersal
8717163647226	27	shufersal
8717163647233	27	shufersal
8717163647240	27	shufersal
8717163647257	27	shufersal
8717163647264	27	shufersal
8717163647301	27	shufersal
8717163648667	15	shufersal
8717163655764	15	shufersal
8717163655825	15	shufersal
8717163663493	27	shufersal
8717163714850	15	shufersal
8717344390026	11	shufersal
871760000407	11	shufersal
871760000414	11	shufersal
871760000421	11	shufersal
871760008212	15	shufersal
871760008243	15	shufersal
871760008304	11	shufersal
871760008335	11	shufersal
871760008359	11	shufersal
871760008403	14	shufersal
871760008496	12	shufersal
871760008540	11	shufersal
8717774840009	27	shufersal
8717774840054	27	shufersal
8717774840061	27	shufersal
8717774840313	27	shufersal
8717774840344	13	shufersal
8717774840580	13	shufersal
8718114734484	19	shufersal
8718309700089	16	shufersal
8718309701017	16	shufersal
8718951001589	19	shufersal
8718951030206	15	shufersal
8718951093331	15	shufersal
8718951119413	15	shufersal
8718951122857	15	shufersal
8718951144064	15	shufersal
8718951160897	19	shufersal
8718951170445	15	shufersal
8718951175600	15	shufersal
8718951176874	15	shufersal
8718951187115	15	shufersal
8718951187122	15	shufersal
8718951320093	15	shufersal
8718951385290	19	shufersal
8718951409798	15	shufersal
8718951433120	15	shufersal
8718951452572	17	tiv_taam
8718951483934	17	tiv_taam
8718951483972	17	tiv_taam
8718951509627	15	shufersal
8718951540262	15	shufersal
8718951541085	15	shufersal
8718951541122	15	shufersal
8718951543669	15	shufersal
8718951543874	15	shufersal
8718951551893	19	shufersal
8718951560802	15	shufersal
8718951561267	15	shufersal
8718951579590	15	shufersal
8718951579897	19	shufersal
8718951603424	15	shufersal
8718951610583	15	shufersal
8718951618619	17	tiv_taam
8718951626164	15	shufersal
8718951626195	15	shufersal
8718951634077	15	shufersal
8718951643789	19	shufersal
8718951646407	15	shufersal
8718951656123	15	shufersal
8718951669888	17	tiv_taam
8718951675681	15	shufersal
8718951689756	15	shufersal
8718951689848	15	shufersal
8718951689879	15	shufersal
8718951689985	15	shufersal
8718951722576	15	shufersal
8718951758209	15	shufersal
8718951763517	15	shufersal
8718951819917	15	shufersal
8719128112749	8	shufersal
8719128117232	8	shufersal
8719128117249	8	shufersal
8719128117256	8	shufersal
8719128117263	8	shufersal
8719128117294	8	shufersal
8719128117430	8	shufersal
8719128117454	8	shufersal
8719128118499	8	shufersal
8719128119519	8	shufersal
8719128119908	8	shufersal
8719200294448	3	shufersal
8719200997998	3	shufersal
8719200998001	3	shufersal
8719200998018	3	shufersal
8719200998032	3	shufersal
8719200998094	3	shufersal
8719202890709	25	shufersal
8719987199431	22	shufersal
8720181025891	17	tiv_taam
8720181043093	27	shufersal
8720181045639	15	shufersal
8720181046605	15	shufersal
8720181057946	17	tiv_taam
8720181058004	27	shufersal
8720181204111	15	shufersal
8720181238055	11	shufersal
8720181238079	11	shufersal
8720181238390	11	shufersal
8720181291869	15	shufersal
8720181291999	17	tiv_taam
8720181482748	27	shufersal
8720181483219	27	shufersal
8720181640506	27	shufersal
8720181640544	27	shufersal
8720181673580	19	shufersal
8720181673597	19	shufersal
8720181673603	19	shufersal
8720181863325	17	tiv_taam
8720182253194	15	shufersal
8720182256362	15	shufersal
8720182556738	5	shufersal
8720182557452	5	shufersal
8720389016196	20	shufersal
8720389075971	8	shufersal
8720689008570	26	shufersal
8720689008877	26	shufersal
8720689013161	26	shufersal
8720689029070	27	shufersal
8720689030762	27	shufersal
8720701141308	7	tiv_taam
8721037356343	25	shufersal
8721975897014	20	shufersal
8723300710685	16	shufersal
8739955	23	shufersal
874034008185	27	shufersal
874034008208	27	shufersal
874034009373	13	shufersal
874034010553	13	shufersal
8745239	19	shufersal
8747547	19	shufersal
8750677	7	shufersal
8752244	19	shufersal
8753111	19	shufersal
8757034	8	shufersal
8757980	8	shufersal
8758390	11	shufersal
8758505	11	shufersal
8758642	11	shufersal
87752025406	8	shufersal
8775816	7	shufersal
8775823	7	shufersal
8800412142914	20	shufersal
8800412143218	20	shufersal
8800412143225	20	shufersal
8800412143232	20	shufersal
8800412143249	20	shufersal
8801010	8	shufersal
8801055709472	8	tiv_taam
8801055709489	8	tiv_taam
8801055709526	8	tiv_taam
8801055724284	8	shufersal
8801089	8	shufersal
8801522	8	shufersal
8801546	8	shufersal
8801843	8	shufersal
8801850	8	shufersal
8802241132821	19	shufersal
8802241136249	19	shufersal
8802241900123	6	shufersal
8802241902684	19	shufersal
8802291	8	shufersal
8802529	8	shufersal
8802895	8	shufersal
8803090	8	shufersal
8803733045865	20	shufersal
8803733045872	20	shufersal
8803733070119	20	shufersal
8803733070133	20	shufersal
8803733070140	20	shufersal
8803733070157	20	shufersal
8803733070171	20	shufersal
8803733070188	20	shufersal
8803733070201	20	shufersal
8803733084512	26	shufersal
8803733105804	20	shufersal
8803733135788	20	shufersal
8803733135795	20	shufersal
8803733138857	20	shufersal
8803733180887	20	shufersal
8803733180986	26	shufersal
8803733181112	26	shufersal
8803733181433	20	shufersal
8803733181518	20	shufersal
8803733181686	26	shufersal
8803733181716	26	shufersal
8803733181785	26	shufersal
8803733182409	26	shufersal
8803733182577	26	shufersal
8803733182676	26	shufersal
8803733183680	26	shufersal
8803733261388	20	shufersal
8803733273879	20	shufersal
8803733281300	20	shufersal
8803733281805	20	shufersal
8803733294423	20	shufersal
8803733301732	20	shufersal
8803733301749	20	shufersal
8803733302265	20	shufersal
8803733384452	26	shufersal
8803733713016	20	shufersal
8803733817677	20	shufersal
8804189	8	shufersal
8804332	8	shufersal
8805520	8	shufersal
8805964	8	shufersal
8806088356105	26	shufersal
8806095695174	26	shufersal
8806095695280	26	shufersal
8806097048312	26	shufersal
8806097416319	26	shufersal
8806097416401	26	shufersal
8806097416777	26	shufersal
8806097416821	26	shufersal
8806097424864	26	shufersal
8806097865117	26	shufersal
8806097865148	26	shufersal
8806097865667	26	shufersal
8806097866237	26	shufersal
8806097866855	26	shufersal
8806097866992	26	shufersal
8806097868033	26	shufersal
8806097868248	26	shufersal
8806097869276	26	shufersal
8806097869320	26	shufersal
8806097869863	26	shufersal
8806097869931	26	shufersal
8806097984771	26	shufersal
8806097985228	26	shufersal
8806097998181	26	shufersal
8806097998556	26	shufersal
8806099049478	26	shufersal
8806099049515	26	shufersal
8806099055714	26	shufersal
8806099325312	26	shufersal
8806099325350	26	shufersal
8806099325398	26	shufersal
8806099325459	26	shufersal
8806099331474	26	shufersal
8806099331580	26	shufersal
8806099332235	26	shufersal
8806099332457	26	shufersal
8806099333850	26	shufersal
8806099334086	26	shufersal
8806099481452	26	shufersal
8806099481469	26	shufersal
8806099481483	26	shufersal
8806099481490	26	shufersal
8806099481506	26	shufersal
8806099481520	26	shufersal
8806099481537	26	shufersal
8806099481544	26	shufersal
8806099481612	26	shufersal
8806099481629	26	shufersal
8806099481636	26	shufersal
8806099481643	26	shufersal
8806099481650	26	shufersal
8806099481667	26	shufersal
8806099482305	26	shufersal
8806099482336	26	shufersal
8806099482350	26	shufersal
8806099482367	26	shufersal
8806099482374	26	shufersal
8806099482381	26	shufersal
8806099482435	26	shufersal
8806961	2	shufersal
8806985	2	shufersal
8808888855949	20	shufersal
8808993309870	26	shufersal
8809115027917	14	shufersal
8809115027924	14	shufersal
8809187042108	14	shufersal
8809187048544	14	shufersal
8809305993831	11	shufersal
8809305994616	11	shufersal
8809416470009	14	shufersal
8809416470016	14	shufersal
8809416470030	14	shufersal
8809416470054	14	shufersal
8809416470085	14	shufersal
8809416470368	14	shufersal
8809416470511	14	shufersal
8809416470559	14	shufersal
8809416471112	14	shufersal
8809447255071	14	shufersal
8809447255101	14	shufersal
8809447255385	14	shufersal
8809481760678	14	shufersal
8809481760722	14	shufersal
8809481760890	14	shufersal
8809525930531	14	shufersal
8809568740838	11	shufersal
8809568740845	11	shufersal
8809568746458	11	shufersal
8809576260601	14	shufersal
8809576260663	14	shufersal
8809576261110	14	shufersal
8809576261127	12	shufersal
8809576261141	14	shufersal
8809576261172	14	shufersal
8809576261462	12	shufersal
8809576261677	11	shufersal
8809576261752	11	shufersal
8809576261868	11	shufersal
8809581074767	14	shufersal
8809595050603	14	shufersal
8809595050610	14	shufersal
8809595052546	14	shufersal
8809597083920	20	shufersal
8809598451070	14	shufersal
8809598451896	14	shufersal
8809598452350	14	shufersal
8809598454637	14	shufersal
8809598454644	14	shufersal
8809598454668	14	shufersal
8809598456242	14	shufersal
8809598457058	14	shufersal
8809634610027	14	shufersal
8809634610034	14	shufersal
8809634610249	14	shufersal
8809634610881	14	shufersal
8809663751654	14	shufersal
8809663756888	14	shufersal
8809663756895	14	shufersal
8809663756918	14	shufersal
8809685797173	14	shufersal
8809875453193	14	shufersal
8809875454275	14	shufersal
8809875456026	14	shufersal
8809875456347	14	shufersal
8809875456460	14	shufersal
8809875456477	14	shufersal
8809875456484	14	shufersal
8809875457788	14	shufersal
8809886481413	14	shufersal
8809886481581	14	shufersal
8809886482076	14	shufersal
8809886482366	14	shufersal
8809886482441	14	shufersal
8809886482458	14	shufersal
8809886482465	14	shufersal
8809886482595	14	shufersal
8809913830085	14	shufersal
8809913830115	14	shufersal
8809925170865	14	shufersal
8809925170896	14	shufersal
88300104437	27	shufersal
88300162543	13	shufersal
88300162550	13	shufersal
88300178278	27	shufersal
88352117942	8	shufersal
884420588689	26	shufersal
884420588702	26	shufersal
884912126115	7	shufersal
884912129512	7	shufersal
884912129710	7	shufersal
884912359155	7	shufersal
884912359162	7	shufersal
884912359421	7	shufersal
884912359483	7	shufersal
8850006491591	11	shufersal
8850006491607	11	shufersal
8850006491621	11	shufersal
8850006536322	15	shufersal
8850006536339	15	shufersal
8850006536346	15	shufersal
8850006943595	15	shufersal
8850006950852	17	tiv_taam
8850006955529	15	shufersal
8850161160851	8	tiv_taam
8850161161513	10	shufersal
8850161161742	10	shufersal
8850161166204	19	shufersal
8850206110476	5	shufersal
8850389103111	8	shufersal
8850389103128	8	shufersal
8850389103159	8	shufersal
8850389104637	8	tiv_taam
8850389105825	8	shufersal
8850389105832	8	shufersal
8850389105849	8	shufersal
8850389107492	8	tiv_taam
8850389107515	8	shufersal
8850389111352	8	shufersal
8850389111628	8	shufersal
8850389115312	8	shufersal
8850389115336	8	shufersal
8850389118856	8	tiv_taam
8850389120125	8	tiv_taam
8850389120149	8	tiv_taam
8852633119039	19	shufersal
88541426084	27	shufersal
8857101301008	19	shufersal
8858744800071	19	shufersal
8859740800140	6	shufersal
8859740800164	6	shufersal
8859740800188	6	shufersal
8859740800225	6	shufersal
886111144143	26	shufersal
886284613200	18	shufersal
8866972	3	shufersal
886876201020	8	shufersal
887167031586	12	shufersal
887167124783	11	shufersal
887167142534	11	shufersal
887167147751	14	shufersal
887167157330	12	shufersal
887167189973	14	shufersal
887167225473	14	shufersal
887167279995	11	shufersal
887167308039	12	shufersal
887167316096	12	shufersal
887167327665	12	shufersal
887167368637	11	shufersal
887167368651	11	shufersal
887167368668	12	shufersal
887167383524	14	shufersal
887167388505	11	shufersal
887167412910	11	shufersal
887167425958	11	shufersal
887167446502	14	shufersal
887167451810	14	shufersal
887167464070	14	shufersal
887167466715	14	shufersal
887167480520	14	shufersal
887167485471	12	shufersal
887167485488	12	shufersal
887167495524	14	shufersal
887167500235	14	shufersal
887167512986	11	shufersal
887167525573	13	shufersal
887167533011	12	shufersal
887167539525	11	shufersal
887167539532	11	shufersal
887167539549	11	shufersal
887167539556	11	shufersal
887167539563	11	shufersal
887167539587	11	shufersal
887167539594	11	shufersal
887167557772	12	shufersal
887167558496	12	shufersal
887167558717	14	shufersal
887167561861	11	shufersal
887167564442	12	shufersal
887167565692	14	shufersal
887167567443	12	shufersal
887167567498	11	shufersal
887167570153	12	shufersal
887167582873	14	shufersal
887167588509	12	shufersal
887167601505	14	shufersal
887167608061	14	shufersal
887167610606	12	shufersal
887167610620	11	shufersal
887167615267	14	shufersal
887167620834	12	shufersal
887167626126	11	shufersal
887167626140	11	shufersal
887167628731	14	shufersal
887167646407	12	shufersal
887167655942	14	shufersal
887167655966	14	shufersal
887167655973	14	shufersal
887167660953	14	shufersal
887167670624	12	shufersal
887167672895	11	shufersal
887167677036	14	shufersal
887167681354	14	shufersal
887167698994	11	shufersal
887167709751	14	shufersal
887167709874	14	shufersal
887167712331	14	shufersal
887167712645	14	shufersal
887167724297	14	shufersal
887167727793	11	shufersal
887167746831	11	shufersal
887167755826	12	shufersal
887167774803	14	shufersal
887167785076	14	shufersal
887167785250	14	shufersal
887167785762	12	shufersal
887167793316	12	shufersal
887167812437	14	shufersal
887167819313	14	shufersal
887167823556	12	shufersal
88801124	8	shufersal
888066000062	27	shufersal
888066000079	27	shufersal
888066006743	27	shufersal
888066007795	27	shufersal
888066023948	27	shufersal
888066023955	27	shufersal
888066035392	27	shufersal
888066075138	27	shufersal
888066075145	27	shufersal
888066112727	27	shufersal
888066117470	27	shufersal
888066117678	27	shufersal
888066117692	27	shufersal
888066124287	27	shufersal
888066136785	27	shufersal
888066136921	27	shufersal
888066144254	27	shufersal
888066144599	27	shufersal
888066149068	27	shufersal
888066152051	27	shufersal
888066172059	27	shufersal
888066181570	27	shufersal
8884852121104	26	shufersal
8886419333265	26	shufersal
8886419333487	26	shufersal
8886419334071	26	shufersal
8886419345749	26	shufersal
8886419349815	26	shufersal
8886419378082	26	shufersal
8886467514418	18	shufersal
8886467514623	18	shufersal
8886467515927	18	shufersal
8886467515989	18	shufersal
8886467516054	18	shufersal
8886467547089	18	shufersal
8886467550775	18	shufersal
888793237946	26	shufersal
888793237953	26	shufersal
888793237960	26	shufersal
888793237977	26	shufersal
888793237991	26	shufersal
888793238004	26	shufersal
888793238011	26	shufersal
8888351200070	3	shufersal
8888351200124	3	shufersal
889296154761	26	shufersal
8893367	14	shufersal
8894050	14	shufersal
8894166	11	shufersal
889809002633	12	shufersal
889894797407	26	shufersal
889894797452	26	shufersal
889894797469	26	shufersal
8901057321068	25	shufersal
8901138500306	15	shufersal
8901138506384	12	shufersal
8901138509231	12	shufersal
8901138511784	12	shufersal
8901138711900	12	shufersal
8901138712235	12	shufersal
8901138823344	12	shufersal
8901314118264	15	shufersal
8901314218346	15	shufersal
8901314779823	15	shufersal
8901537024014	5	shufersal
8905718	9	shufersal
8905855	15	shufersal
8906008231229	15	shufersal
8906008231236	11	shufersal
8906008231281	15	shufersal
8906008231298	15	shufersal
8906008231304	15	shufersal
8906015041781	19	shufersal
8906038740814	1	shufersal
8906038740821	1	shufersal
8906163078370	5	shufersal
8909853	8	shufersal
8909884	8	shufersal
8926812	4	shufersal
8926829	4	shufersal
8935001728047	7	tiv_taam
8935001729228	7	shufersal
8935001729259	7	shufersal
8936045040010	1	shufersal
8936045040188	1	shufersal
8936045040195	1	shufersal
8936045040201	1	shufersal
8936146200269	10	shufersal
8936146200290	10	shufersal
8952160100	27	shufersal
8961592	5	shufersal
896364002763	15	shufersal
8968157	15	shufersal
8968560	16	shufersal
8968645	11	shufersal
8968751	16	shufersal
8968867	11	shufersal
8968881	16	shufersal
8968959	15	shufersal
8975551	11	shufersal
8975780	18	shufersal
8989473	17	shufersal
8994692541038	8	shufersal
8999999594275	27	shufersal
8999999594282	27	shufersal
8999999594299	27	shufersal
8999999594312	27	shufersal
8999999594329	27	shufersal
8999999594350	27	shufersal
9000100590693	11	shufersal
9000100591058	11	shufersal
9000100806657	15	shufersal
9000101375268	19	shufersal
9000101509151	19	shufersal
9000101565287	19	tiv_taam
9000101588514	19	tiv_taam
9000101588545	19	shufersal
9000101589085	19	tiv_taam
9000101610352	11	shufersal
9000101804416	19	shufersal
9000101805161	19	shufersal
9000101830767	19	shufersal
9000101830941	19	shufersal
9001616203305	11	shufersal
9001616203350	11	shufersal
9001616203367	11	shufersal
9001616203626	11	shufersal
9001616205835	11	shufersal
9001616620065	11	shufersal
9001616680991	11	shufersal
9001616682216	11	shufersal
9001616703089	11	shufersal
9001616703096	11	shufersal
9001616703102	11	shufersal
9001616703140	11	shufersal
9001616804564	11	shufersal
9001616804571	11	shufersal
9001616820687	11	shufersal
9001616860911	11	shufersal
9001616860973	11	shufersal
9001616860980	11	shufersal
9001616860997	11	shufersal
9001616861307	11	shufersal
9001616861338	11	shufersal
9001616861345	11	shufersal
9001616861352	11	shufersal
9001616861376	11	shufersal
9001616861383	11	shufersal
9001616861437	11	shufersal
9001616861444	11	shufersal
9001616861451	11	shufersal
9001616861475	11	shufersal
9001616861482	11	shufersal
9001616861499	11	shufersal
9002240001138	15	shufersal
9002240009011	15	shufersal
9002490100490	8	shufersal
9002975000550	19	shufersal
9002975393812	19	shufersal
9002975393829	19	shufersal
9002975393836	19	shufersal
9002975393843	19	shufersal
9002975393850	19	shufersal
9005800343143	27	shufersal
9005800352244	27	shufersal
9005800379654	11	shufersal
9005800379661	11	shufersal
9005800379678	11	shufersal
9005800388618	12	shufersal
9005800388625	12	shufersal
9005800388632	12	shufersal
9005800388649	12	shufersal
9007224970158	11	shufersal
90087011	8	shufersal
9011043	4	shufersal
9011050	4	shufersal
9011067	4	shufersal
9011098	4	shufersal
9011111	4	shufersal
9011128	4	shufersal
9011142	4	shufersal
9011159	4	shufersal
9012125	4	shufersal
9012501004730	5	shufersal
9012866	4	shufersal
9013023	4	shufersal
90162602	19	shufersal
90162800	8	shufersal
90169250	5	shufersal
9044400855502	7	shufersal
90446269	8	shufersal
9068818	1	shufersal
9068955	1	shufersal
9069518	1	shufersal
9069990	5	shufersal
9077490	5	shufersal
908731	4	shufersal
90891248537	15	shufersal
90891500000	15	shufersal
90891500253	15	shufersal
90891500284	15	shufersal
90891501168	15	shufersal
90891600205	15	shufersal
90891800001	15	shufersal
90891945054	15	shufersal
90891945061	15	shufersal
90891945078	15	shufersal
90891949359	15	shufersal
9098563	1	shufersal
9099461	5	shufersal
9105353	1	shufersal
911410	2	shufersal
911581534085	12	shufersal
911748	4	shufersal
911816	4	shufersal
9130133	1	shufersal
9130157	1	shufersal
913292	2	shufersal
9136876	1	shufersal
9136883	1	shufersal
9136913	1	shufersal
9136920	1	shufersal
9136951	1	shufersal
9136968	1	shufersal
9136982	1	shufersal
9137026	1	shufersal
9137057	1	shufersal
9137118	1	shufersal
9137156	1	shufersal
9137255	1	shufersal
9137279	1	shufersal
9137378	1	shufersal
9137385	1	shufersal
9137422	2	shufersal
9137439	2	shufersal
9137446	2	shufersal
9137453	1	shufersal
9137576	1	shufersal
9137613	3	shufersal
9137774	4	shufersal
9137842	19	shufersal
9137866	3	shufersal
9147759	1	shufersal
9148855	1	shufersal
9149340	4	shufersal
9149357	4	shufersal
9149371	4	shufersal
9149593	6	shufersal
9149609	6	shufersal
9149616	6	shufersal
9149623	6	shufersal
9149760	17	shufersal
9149777	17	shufersal
9149784	17	shufersal
9149814	17	shufersal
9149906	4	shufersal
9150162	3	shufersal
9150179	3	shufersal
9150186	3	shufersal
9150278	3	shufersal
9150384	3	shufersal
9150490	3	shufersal
9150513	3	shufersal
9150537	7	shufersal
9150544	3	shufersal
9150605	3	shufersal
915180	4	shufersal
915883	4	shufersal
916118	4	shufersal
916408	4	shufersal
916415	4	shufersal
916590	4	shufersal
916637	4	shufersal
916644	4	shufersal
916736	4	shufersal
916910	4	shufersal
916941	4	shufersal
917269	2	shufersal
917702	2	shufersal
917733	2	shufersal
918129	2	shufersal
918174	4	shufersal
918204	2	shufersal
918983	4	shufersal
919126	4	shufersal
919355	4	shufersal
919393	2	shufersal
921013	2	shufersal
921037	2	shufersal
92218	6	shufersal
92249	6	shufersal
926520	4	shufersal
927206	2	shufersal
928371	4	shufersal
928388	4	shufersal
928425	4	shufersal
928456	4	shufersal
928517	4	shufersal
928524	4	shufersal
928548	4	shufersal
928739	4	shufersal
928746	4	shufersal
928814	4	shufersal
928838	4	shufersal
929422	4	shufersal
929514	4	shufersal
929620	4	shufersal
929682	4	shufersal
93031	17	shufersal
9310072028743	19	shufersal
9310072028750	19	shufersal
9310088007015	15	shufersal
9317129040314	11	shufersal
9317129040321	11	shufersal
9317129040352	11	shufersal
9317129040529	12	shufersal
9317129040703	11	shufersal
9317129042608	12	shufersal
9317129042837	11	shufersal
9317129042844	11	shufersal
9317129043063	12	shufersal
9317129043070	15	shufersal
9317129043087	12	shufersal
9317129043148	11	shufersal
9317129043155	15	shufersal
9317129043186	12	shufersal
9317129043193	12	shufersal
9317129043377	12	shufersal
9317129043384	12	shufersal
9320977077555	20	shufersal
9322969000015	5	shufersal
9322969000022	5	shufersal
9322969000039	5	shufersal
9322969000046	5	shufersal
9328431001207	20	shufersal
9328431003201	8	shufersal
9328431016287	20	shufersal
933238	4	shufersal
933269	4	shufersal
933283	4	shufersal
933696	1	shufersal
933740	4	shufersal
934945	4	shufersal
9349830100957	27	shufersal
935096	4	shufersal
935270	4	shufersal
9354477000195	11	shufersal
9354477000201	11	shufersal
9354477000232	11	shufersal
9354477000492	11	shufersal
9354477000508	11	shufersal
9354477000522	11	shufersal
9354477000935	11	shufersal
9354477000942	11	shufersal
9354477001369	11	shufersal
9354477001505	11	shufersal
9354477001741	11	shufersal
9354477001772	11	shufersal
9354477001789	11	shufersal
9354477001802	11	shufersal
9354477001871	11	shufersal
9354477001970	11	shufersal
9354477001987	11	shufersal
9354477002052	11	shufersal
9354477002069	11	shufersal
9354477002076	11	shufersal
9354477002137	11	shufersal
9354477002175	11	shufersal
9354477002267	11	shufersal
9354477003080	11	shufersal
935874	4	shufersal
936383	4	shufersal
936611	4	shufersal
936826	4	shufersal
937168	4	shufersal
937175	4	shufersal
937298	4	shufersal
937373	4	shufersal
9391343	4	shufersal
9391350	4	shufersal
9391367	4	shufersal
9391374	4	shufersal
9391381	19	shufersal
9391435	4	shufersal
9391985	4	shufersal
9392012	4	shufersal
9392272	4	shufersal
9392289	4	shufersal
9393002	4	shufersal
9393071	4	shufersal
9393095	4	shufersal
9393118	4	shufersal
9393132	4	shufersal
9393156	4	shufersal
9393194	4	shufersal
9393262	4	shufersal
9393286	4	shufersal
9393385	4	shufersal
9393606	4	shufersal
9393842	4	shufersal
9394092	4	shufersal
9394719	4	shufersal
9394726	4	shufersal
9394733	4	shufersal
9394740	4	shufersal
9394757	4	shufersal
9394764	4	shufersal
9394771	4	shufersal
9394788	4	shufersal
9394795	4	shufersal
9394801	4	shufersal
9394818	4	shufersal
9394825	4	shufersal
9394832	4	shufersal
9394849	4	shufersal
9394856	4	shufersal
9396867	19	shufersal
9397550	19	shufersal
9397642	19	shufersal
9397697	19	shufersal
9398281	19	shufersal
9398748	2	shufersal
9398786	19	shufersal
939896	4	shufersal
9399288	2	shufersal
9399639	6	shufersal
9399707	17	shufersal
939988	4	shufersal
9401790	19	shufersal
9401912	17	shufersal
9421012620207	8	shufersal
9421018071508	8	shufersal
9531112176	15	shufersal
9531112213	15	shufersal
9531112237	15	shufersal
9531112268	11	shufersal
9531112350	11	shufersal
9531112657	11	shufersal
9531112770	15	shufersal
9531112855	11	shufersal
9531112909	11	shufersal
9531113081	15	shufersal
9531113098	15	shufersal
9531113104	15	shufersal
9531113142	15	shufersal
9531113159	15	shufersal
9531113166	15	shufersal
9531113210	15	shufersal
9531113227	15	shufersal
9531113272	15	shufersal
9531113494	15	shufersal
9531113999	11	shufersal
9531114002	11	shufersal
9531114170	11	shufersal
9531114187	11	shufersal
9531114194	11	shufersal
9531114392	11	shufersal
9531114408	11	shufersal
9531115771	15	shufersal
9531115900	11	shufersal
9531116532	15	shufersal
9531116549	15	shufersal
9531117690	11	shufersal
9531117737	11	shufersal
9531117744	15	shufersal
9531117768	11	shufersal
9531118758	11	shufersal
9531118772	11	shufersal
9531119366	11	shufersal
9531119403	11	shufersal
9531119526	11	shufersal
9531119564	11	shufersal
9531119755	15	shufersal
9531123615	15	shufersal
9531123622	15	shufersal
9531125251	11	shufersal
9531125992	15	shufersal
9531126784	11	shufersal
9531126838	15	shufersal
9531126876	11	shufersal
9531130279	11	shufersal
954	1	shufersal
96018	6	shufersal
960623	2	shufersal
96086000003	19	shufersal
96086000577	6	shufersal
96086000676	10	shufersal
96086000966	6	shufersal
96086001048	19	shufersal
96086001079	19	shufersal
96086001512	10	shufersal
96086001536	10	shufersal
960860015432	10	shufersal
961156	1	shufersal
961279	1	shufersal
961514	1	shufersal
961552	1	shufersal
961606	1	shufersal
96161906	11	shufersal
961804	1	shufersal
96198117	10	shufersal
96198124	10	shufersal
96198131	10	shufersal
96198155	10	shufersal
96198162	10	shufersal
962474	1	shufersal
962535	1	shufersal
962559	1	shufersal
962573	1	shufersal
962580	1	shufersal
963082	1	shufersal
963280	1	shufersal
963501	1	shufersal
963754	1	shufersal
964300	1	shufersal
964317	1	shufersal
964362	1	shufersal
964423	1	shufersal
964461	1	shufersal
964508	1	shufersal
964560	1	shufersal
964768	1	shufersal
964867	1	shufersal
965062	1	shufersal
965086	1	shufersal
965154	1	shufersal
965284	1	shufersal
965338	1	shufersal
965406	1	shufersal
965611	1	shufersal
965918	1	shufersal
965956	1	shufersal
966496	1	shufersal
966526	1	shufersal
966540	1	shufersal
966564	1	shufersal
966595	1	shufersal
967745	1	shufersal
968315	1	shufersal
969367	1	shufersal
971230	4	shufersal
971667	1	shufersal
9720188050109	3	shufersal
9720188060108	3	shufersal
972022	2	shufersal
97237	17	shufersal
972473	2	shufersal
972480	4	shufersal
972510	1	shufersal
972701	2	shufersal
972756	2	shufersal
972893	4	shufersal
973098	2	shufersal
973128	2	shufersal
973135	2	shufersal
973272	2	shufersal
973296	2	shufersal
973357	4	shufersal
973685	2	shufersal
973692	2	shufersal
973838	2	shufersal
973869	2	shufersal
974330	2	shufersal
974484	1	shufersal
975283	4	shufersal
976075	2	shufersal
976198	2	shufersal
97643070248	7	shufersal
976433	1	shufersal
976457	1	shufersal
976471	1	shufersal
976501	1	shufersal
976532	1	shufersal
976556	1	shufersal
976594	1	shufersal
976600	1	shufersal
976662	1	shufersal
976716	1	shufersal
976747	1	shufersal
976754	1	shufersal
976761	1	shufersal
976808	1	shufersal
976846	1	shufersal
976860	1	shufersal
976884	1	shufersal
977010	1	shufersal
977027	1	shufersal
977065	1	shufersal
9770793935001	23	shufersal
9770793936008	23	shufersal
9770793941002	23	shufersal
977089	1	shufersal
977102	1	shufersal
977140	1	shufersal
9771565025005	23	shufersal
9771565039125	23	shufersal
9771565051028	23	shufersal
9771565051042	23	shufersal
9771565051059	23	shufersal
9771565051066	23	shufersal
9771565165008	23	shufersal
9771565375001	23	shufersal
9771565641007	23	shufersal
9771565700001	25	shufersal
977195	1	shufersal
977355	1	shufersal
977454	1	shufersal
977478	1	shufersal
977485	1	shufersal
977492	1	shufersal
977645	1	shufersal
977676	1	shufersal
977683	1	shufersal
977706	1	shufersal
977751	1	shufersal
977782	1	shufersal
977799	1	shufersal
977850	1	shufersal
977980	1	shufersal
978	1	shufersal
978017	1	shufersal
978024	1	shufersal
978376	4	shufersal
978383	1	shufersal
978406	1	shufersal
978413	1	shufersal
978574	1	shufersal
978734	1	shufersal
9787884975235	20	shufersal
9789653686632	26	shufersal
9789657104088	23	shufersal
979885	4	shufersal
9800800056	7	shufersal
9802191	4	shufersal
9802221	4	shufersal
9802481	4	shufersal
9803815	4	shufersal
9804591	4	shufersal
9806571	4	shufersal
9807592	4	shufersal
9807622	4	shufersal
9810967	4	shufersal
9811490	4	shufersal
9811896	4	shufersal
981192	2	shufersal
9814316	4	shufersal
9814347	4	shufersal
9814378	4	shufersal
9819137	4	shufersal
9819144	4	shufersal
9819151	4	shufersal
9819175	4	shufersal
9819199	4	shufersal
9819212	4	shufersal
9819236	4	shufersal
9819243	4	shufersal
9819250	4	shufersal
9819267	4	shufersal
9819274	4	shufersal
9819281	4	shufersal
985	1	shufersal
9856565900115	21	shufersal
986074	1	shufersal
986142	1	shufersal
986210	1	shufersal
98691047718	13	shufersal
989686	1	shufersal
989761	1	shufersal
989778	1	shufersal
990101	4	shufersal
990132	4	shufersal
9904390	4	shufersal
9904413	4	shufersal
9909067	4	shufersal
9909081	4	shufersal
991863	4	shufersal
991870	4	shufersal
991894	4	shufersal
991979	4	shufersal
992174	4	shufersal
99248	19	shufersal
99255	19	shufersal
99385	6	shufersal
99392	6	shufersal
9941300026516	27	shufersal
9941300029319	27	shufersal
99415	6	shufersal
99439	6	shufersal
99477	6	shufersal
9950137	8	shufersal
9950151	8	shufersal
995106	4	shufersal
9951561	1	shufersal
995175	1	shufersal
9952285	19	shufersal
9952292	19	shufersal
9952308	19	shufersal
9952339	19	shufersal
9952346	17	shufersal
9952377	19	shufersal
9952896	8	shufersal
9952988	3	shufersal
9953916	3	shufersal
9953923	3	shufersal
995397	4	shufersal
9954234	3	shufersal
9954241	16	shufersal
9954258	16	shufersal
9954357	19	shufersal
9954364	16	shufersal
9954388	3	shufersal
9954395	3	shufersal
9954531	3	shufersal
9954562	19	shufersal
9955538	16	shufersal
9956078	3	shufersal
9957129	3	shufersal
9957174	4	shufersal
9957266	3	shufersal
9957532	6	shufersal
9957556	6	shufersal
9958539	1	shufersal
996448	4	shufersal
996455	4	shufersal
996493	4	shufersal
996974	4	shufersal
997704	4	shufersal
997988	4	shufersal
99804	6	shufersal
99828	6	shufersal
998343	4	shufersal
99835	6	shufersal
998503	4	shufersal
99873	6	shufersal
998954	4	shufersal
99927	19	shufersal
99941	1	shufersal
9999036214110	26	shufersal
